48.7950308225,1.9861415977
48.7950308226,1.9861415978
48.7950308226,1.9861415977
48.7950308227,1.9861415978
48.7950308226,1.9861415979
48.7950308227,1.9861415976
48.7950308227,1.9861415978
48.7950308227,1.9861415978
48.7950308228,1.9861415978
48.7950308227,1.9861415978
48.7950308226,1.9861415977
48.7950308225,1.9861415978
48.7950308226,1.9861415978
48.7950308224,1.9861415977
48.7950308222,1.9861415977
48.7950308223,1.9861415976
48.7950308222,1.9861415977
48.7950308222,1.9861415978
48.7950308221,1.9861415978
48.7950308221,1.9861415979
48.7950308221,1.9861415981
48.7950308221,1.986141598
48.7950308221,1.9861415981
48.7950308219,1.9861415982
48.7950308218,1.9861415983
48.7950308219,1.986141598
48.795030822,1.9861415983
48.7950308219,1.9861415983
48.795030822,1.9861415983
48.795030822,1.9861415984
48.795030822,1.9861415985
48.7950308219,1.9861415984
48.795030822,1.9861415984
48.7950308219,1.9861415985
48.795030822,1.9861415985
48.795030822,1.9861415984
48.795030822,1.9861415985
48.795030822,1.9861415985
48.7950308219,1.9861415986
48.795030822,1.9861415985
48.795030822,1.9861415986
48.795030822,1.9861415986
48.795030822,1.9861415987
48.7950308219,1.9861415988
48.7950308219,1.9861415988
48.7950308219,1.9861415989
48.7950308218,1.9861415986
48.7950308218,1.9861415988
48.7950308218,1.9861415987
48.7950308217,1.9861415989
48.7950308217,1.9861415989
48.7950308217,1.9861415989
48.7950308216,1.9861415987
48.7950308216,1.986141599
48.7950308216,1.9861415989
48.7950308215,1.9861415989
48.7950308216,1.986141599
48.7950308216,1.9861416
48.7950308215,1.9861416002
48.7950308216,1.9861416001
48.7950308216,1.9861416002
48.7950308217,1.9861416004
48.7950308216,1.9861416003
48.7950308217,1.9861416004
48.7950308216,1.9861416002
48.7950308217,1.9861416004
48.7950308219,1.9861416004
48.7950308217,1.9861416003
48.7950308217,1.9861416005
48.7950308218,1.9861416005
48.7950308218,1.9861416004
48.7950308218,1.9861416007
48.7950308218,1.9861416005
48.7950308217,1.9861416007
48.7950308217,1.9861416007
48.7950308218,1.9861416006
48.7950308218,1.9861416005
48.7950308218,1.9861416007
48.7950308218,1.9861416003
48.7950308218,1.9861416004
48.7950308217,1.9861416004
48.7950308217,1.9861416005
48.7950308218,1.9861416005
48.7950308217,1.9861416006
48.7950308216,1.9861416006
48.7950308218,1.9861416007
48.7950308217,1.9861416006
48.7950308217,1.9861416006
48.7950308216,1.9861416009
48.7950308217,1.9861416007
48.7950308217,1.9861416008
48.7950308216,1.9861416008
48.7950308216,1.9861416009
48.7950308215,1.9861416009
48.7950308216,1.9861416008
48.7950308216,1.9861416009
48.7950308214,1.986141601
48.7950308216,1.9861416009
48.7950308216,1.986141601
48.7950308216,1.9861416012
48.7950308216,1.9861416011
48.7950308216,1.9861416014
48.7950308218,1.9861416013
48.7950308217,1.9861416015
48.7950308219,1.9861416015
48.795030822,1.9861416016
48.7950308221,1.9861416017
48.7950308221,1.9861416018
48.7950308221,1.986141602
48.7950308222,1.9861416018
48.7950308221,1.9861416019
48.795030822,1.9861416017
48.7950308221,1.9861416018
48.7950308219,1.9861416017
48.7950308218,1.9861416016
48.7950308217,1.9861416015
48.7950308217,1.9861416015
48.7950308215,1.9861416016
48.7950308214,1.9861416014
48.7950308212,1.9861416015
48.7950308212,1.9861416016
48.7950308211,1.9861416014
48.7950308211,1.9861416014
48.795030821,1.9861416014
48.795030821,1.9861416014
48.7950308211,1.9861416014
48.7950308212,1.9861416016
48.7950308212,1.9861416016
48.7950308212,1.9861416017
48.7950308212,1.9861416018
48.7950308213,1.9861416018
48.7950308212,1.9861416018
48.7950308212,1.986141602
48.7950308213,1.986141602
48.7950308212,1.9861416021
48.7950308212,1.9861416022
48.7950308213,1.9861416021
48.7950308211,1.986141602
48.7950308211,1.986141602
48.7950308211,1.986141602
48.795030821,1.986141602
48.7950308211,1.9861416022
48.795030821,1.9861416021
48.7950308211,1.9861416021
48.795030821,1.9861416018
48.795030821,1.986141602
48.7950308209,1.9861416021
48.795030821,1.9861416022
48.795030821,1.9861416023
48.795030821,1.9861416022
48.795030821,1.9861416024
48.795030821,1.9861416023
48.7950308209,1.9861416024
48.795030821,1.9861416023
48.795030821,1.9861416024
48.795030821,1.9861416024
48.7950308209,1.9861416025
48.7950308201,1.9861416029
48.7950308202,1.986141603
48.7950308201,1.9861416031
48.7950308202,1.9861416031
48.7950308201,1.9861416032
48.7950308201,1.9861416032
48.7950308201,1.9861416033
48.7950308202,1.9861416033
48.7950308201,1.9861416034
48.7950308202,1.9861416034
48.7950308203,1.9861416037
48.7950308204,1.9861416037
48.7950308204,1.9861416039
48.7950308205,1.9861416043
48.7950308206,1.9861416043
48.7950308205,1.9861416045
48.7950308206,1.9861416046
48.7950308206,1.9861416047
48.7950308206,1.9861416046
48.7950308205,1.9861416047
48.7950308206,1.9861416046
48.7950308205,1.9861416047
48.7950308203,1.9861416046
48.7950308203,1.9861416047
48.7950308202,1.9861416045
48.79503082,1.9861416046
48.7950308199,1.9861416046
48.7950308198,1.9861416048
48.7950308198,1.9861416047
48.7950308196,1.9861416048
48.7950308196,1.9861416047
48.7950308194,1.9861416047
48.7950308194,1.9861416049
48.7950308195,1.9861416049
48.7950308195,1.986141605
48.7950308196,1.9861416052
48.7950308195,1.9861416054
48.7950308194,1.9861416055
48.7950308197,1.9861416057
48.7950308197,1.9861416059
48.7950308199,1.9861416059
48.7950308199,1.9861416063
48.7950308199,1.9861416064
48.7950308201,1.9861416064
48.7950308203,1.9861416066
48.7950308204,1.9861416068
48.7950308205,1.9861416069
48.7950308207,1.9861416068
48.7950308208,1.9861416069
48.7950308209,1.986141607
48.795030821,1.9861416068
48.795030821,1.9861416069
48.7950308211,1.986141607
48.7950308211,1.986141607
48.7950308211,1.9861416071
48.7950308211,1.9861416073
48.7950308212,1.9861416071
48.7950308212,1.9861416072
48.7950308212,1.9861416073
48.7950308212,1.9861416074
48.7950308214,1.9861416075
48.7950308214,1.9861416077
48.7950308215,1.9861416079
48.7950308215,1.986141608
48.7950308217,1.9861416081
48.7950308217,1.9861416083
48.795030822,1.9861416083
48.7950308222,1.9861416085
48.7950308224,1.9861416085
48.7950308225,1.9861416084
48.7950308227,1.9861416087
48.795030823,1.9861416087
48.7950308233,1.9861416089
48.7950308235,1.9861416088
48.7950308235,1.986141609
48.7950308237,1.9861416089
48.7950308241,1.9861416093
48.7950308243,1.9861416097
48.7950308245,1.9861416097
48.7950308246,1.98614161
48.7950308248,1.9861416101
48.7950308252,1.9861416107
48.7950308255,1.9861416108
48.7950308258,1.986141611
48.7950308258,1.9861416112
48.7950308261,1.9861416114
48.7950308266,1.986141612
48.7950308269,1.9861416122
48.7950308273,1.9861416122
48.7950308278,1.9861416123
48.795030828,1.9861416127
48.7950308284,1.9861416131
48.7950308288,1.9861416135
48.7950308294,1.9861416138
48.7950308297,1.9861416141
48.7950308298,1.9861416146
48.7950308307,1.9861416152
48.795030831,1.9861416157
48.7950308314,1.9861416161
48.7950308318,1.9861416167
48.7950308321,1.9861416174
48.7950317933,1.9861426617
48.7950318176,1.9861426874
48.7950318422,1.9861427135
48.7950318672,1.9861427395
48.7950318926,1.9861427661
48.7950319181,1.9861427929
48.795031944,1.98614282
48.7950319703,1.9861428475
48.7950319969,1.9861428753
48.7950320236,1.9861429032
48.7950320507,1.9861429318
48.7950320781,1.9861429604
48.7950321058,1.9861429894
48.795032134,1.9861430184
48.7950321623,1.9861430476
48.795032191,1.9861430771
48.7950322201,1.9861431068
48.7950322495,1.9861431367
48.7950322796,1.9861431664
48.7950323092,1.9861431971
48.7950323395,1.9861432279
48.7950323704,1.986143259
48.7950324014,1.9861432903
48.7950324326,1.9861433222
48.795032464,1.9861433543
48.7950324959,1.9861433864
48.795032528,1.9861434193
48.7950325605,1.9861434524
48.795032593,1.9861434857
48.795032626,1.9861435192
48.7950326593,1.9861435529
48.7950326929,1.9861435874
48.7950327266,1.9861436218
48.7950327608,1.9861436566
48.7950327954,1.9861436918
48.79503283,1.9861437273
48.795032865,1.9861437636
48.7950329003,1.9861437999
48.795032936,1.9861438366
48.795032972,1.9861438734
48.7950330081,1.9861439109
48.7950330447,1.9861439485
48.7950330816,1.9861439863
48.795033119,1.9861440245
48.7950331566,1.986144063
48.7950331945,1.9861441014
48.7950332329,1.9861441407
48.7950332718,1.9861441795
48.7950333109,1.9861442195
48.7950333503,1.9861442596
48.7950333901,1.9861443
48.7950334302,1.9861443405
48.7950334707,1.9861443817
48.7950335113,1.9861444235
48.7950335526,1.9861444654
48.7950335943,1.9861445077
48.7950336361,1.9861445501
48.7950336785,1.9861445924
48.7950337214,1.9861446354
48.7950337648,1.9861446787
48.7950338084,1.986144722
48.7950338524,1.9861447663
48.7950338969,1.9861448107
48.7950339416,1.9861448558
48.7950339867,1.9861449012
48.7950340323,1.9861449472
48.7950340781,1.9861449938
48.7950341244,1.9861450404
48.7950341711,1.9861450878
48.7950342184,1.9861451359
48.795034266,1.9861451841
48.7950343138,1.9861452329
48.7950343623,1.9861452827
48.7950344113,1.9861453326
48.7950344606,1.9861453829
48.7950345104,1.9861454337
48.7950345607,1.9861454852
48.7950346115,1.9861455371
48.7950346629,1.9861455892
48.7950347147,1.9861456419
48.7950347671,1.9861456949
48.79503482,1.9861457482
48.7950348736,1.9861458019
48.7950349276,1.9861458558
48.795034982,1.9861459109
48.7950350372,1.9861459658
48.7950350929,1.9861460212
48.7950351491,1.9861460768
48.7950352055,1.9861461332
48.7950352629,1.9861461902
48.7950353206,1.9861462479
48.7950353788,1.9861463057
48.7950354374,1.9861463641
48.7950354963,1.9861464235
48.7950355558,1.9861464836
48.7950356159,1.986146544
48.7950356762,1.9861466049
48.7950357372,1.9861466675
48.7950357984,1.9861467302
48.7950358602,1.9861467938
48.795035922,1.9861468576
48.795035984,1.9861469221
48.7950360464,1.9861469866
48.7950361096,1.986147051
48.7950361737,1.986147116
48.7950362384,1.9861471811
48.7950363035,1.9861472469
48.7950363694,1.9861473128
48.7950364361,1.9861473793
48.7950365033,1.9861474459
48.7950365708,1.986147513
48.7950366391,1.9861475808
48.7950367081,1.9861476492
48.7950367773,1.9861477185
48.7950368468,1.9861477881
48.7950369168,1.9861478589
48.7950369879,1.9861479301
48.7950370591,1.9861480017
48.7950371309,1.9861480743
48.7950372033,1.9861481473
48.7950372762,1.9861482205
48.7950373499,1.9861482949
48.7950374244,1.9861483697
48.7950374992,1.9861484448
48.7950375748,1.9861485201
48.7950376516,1.9861485953
48.7950377286,1.9861486714
48.7950378062,1.9861487492
48.7950378843,1.9861488269
48.7950379633,1.9861489047
48.7950380429,1.9861489836
48.7950381226,1.9861490642
48.7950382027,1.986149145
48.795038284,1.9861492262
48.7950383658,1.9861493086
48.7950384477,1.9861493914
48.7950385301,1.9861494749
48.7950386132,1.9861495591
48.7950386973,1.9861496445
48.7950387818,1.9861497299
48.7950388665,1.9861498162
48.7950389522,1.9861499022
48.7950390389,1.9861499892
48.7950391257,1.9861500765
48.7950392133,1.986150165
48.7950393014,1.986150253
48.795039391,1.9861503409
48.7950394802,1.9861504313
48.7950395704,1.9861505221
48.7950396609,1.9861506134
48.7950397525,1.9861507047
48.7950398448,1.9861507977
48.7950399371,1.9861508907
48.7950400305,1.986150985
48.7950401242,1.9861510799
48.7950402184,1.9861511762
48.7950403135,1.9861512727
48.7950404092,1.986151369
48.795040506,1.9861514651
48.7950406035,1.9861515639
48.7950407009,1.9861516627
48.7950407992,1.9861517619
48.7950408989,1.9861518616
48.7950409995,1.986151961
48.7950410997,1.9861520627
48.7950412007,1.9861521651
48.795041303,1.9861522675
48.7950414061,1.9861523697
48.7950415094,1.9861524733
48.7950416133,1.9861525778
48.7950417179,1.9861526836
48.7950418235,1.9861527891
48.7950419297,1.9861528963
48.795042036,1.9861530039
48.795042143,1.9861531124
48.7950422513,1.9861532224
48.79504236,1.9861533319
48.7950424691,1.9861534426
48.7950425782,1.986153553
48.7950426891,1.9861536657
48.7950428006,1.986153777
48.7950429127,1.9861538896
48.7950430255,1.9861540023
48.7950431391,1.9861541166
48.7950432531,1.9861542309
48.7950433679,1.9861543463
48.7950434834,1.9861544626
48.7950435991,1.9861545791
48.7950437156,1.9861546973
48.7950438332,1.986154816
48.7950439515,1.986154935
48.7950440701,1.9861550554
48.7950441893,1.9861551765
48.7950443099,1.9861552983
48.7950444304,1.9861554211
48.7950445515,1.9861555444
48.7950446739,1.986155669
48.795044797,1.9861557931
48.7950449204,1.986155918
48.7950450446,1.9861560435
48.7950451685,1.9861561706
48.7950452929,1.9861562984
48.7950454182,1.9861564261
48.7950455444,1.9861565526
48.7950456709,1.9861566818
48.7950457979,1.9861568119
48.7950459256,1.9861569423
48.7950460539,1.9861570719
48.7950461836,1.9861572039
48.7950463133,1.986157336
48.7950464439,1.9861574691
48.7950465748,1.9861576031
48.7950467065,1.9861577369
48.7950468399,1.9861578721
48.7950469728,1.9861580073
48.7950471068,1.9861581435
48.7950472414,1.9861582808
48.7950473778,1.9861584196
48.7950475121,1.9861585582
48.7950476487,1.9861586978
48.7950477862,1.9861588378
48.7950479241,1.9861589786
48.7950480625,1.9861591201
48.7950482016,1.9861592623
48.795048342,1.9861594051
48.7950484827,1.9861595489
48.7950486238,1.9861596919
48.7950487661,1.9861598371
48.795048909,1.9861599828
48.7950490516,1.9861601288
48.7950491962,1.9861602752
48.7950493409,1.9861604225
48.7950494859,1.986160572
48.7950496318,1.9861607212
48.7950497785,1.9861608703
48.7950499265,1.9861610207
48.7950500743,1.9861611731
48.795050223,1.986161325
48.7950503726,1.986161478
48.7950505226,1.9861616319
48.7950506729,1.9861617878
48.7950508258,1.9861619437
48.7950509762,1.9861620982
48.7950511296,1.9861622555
48.7950512837,1.9861624137
48.7950514373,1.9861625712
48.7950515922,1.9861627302
48.7950517491,1.9861628898
48.7950519052,1.9861630496
48.7950520626,1.9861632105
48.7950522197,1.9861633729
48.7950523786,1.9861635349
48.7950525368,1.9861637004
48.7950526961,1.9861638646
48.7950528569,1.9861640303
48.7950530172,1.9861641961
48.7950531783,1.9861643641
48.7950533394,1.9861645318
48.7950535021,1.9861646997
48.7950536657,1.9861648688
48.7950538295,1.9861650381
48.7950539937,1.9861652093
48.7950541593,1.9861653794
48.7950543258,1.9861655504
48.795054494,1.9861657216
48.7950546599,1.9861658941
48.7950548279,1.9861660674
48.7950549976,1.9861662406
48.7950551679,1.9861664145
48.7950553378,1.9861665898
48.7950555087,1.9861667659
48.7950556804,1.9861669433
48.7950558529,1.9861671206
48.7950560261,1.9861672988
48.7950562003,1.9861674772
48.795056375,1.9861676568
48.7950565495,1.9861678385
48.7950567249,1.9861680203
48.7950569018,1.9861682016
48.7950570796,1.9861683825
48.7950572573,1.986168566
48.7950574359,1.9861687512
48.7950576146,1.9861689354
48.7950577952,1.9861691226
48.7950579757,1.9861693077
48.7950581561,1.986169494
48.795058338,1.9861696817
48.7950585203,1.9861698698
48.7950587035,1.9861700599
48.7950588868,1.9861702481
48.7950590705,1.98617044
48.7950592557,1.9861706299
48.7950594414,1.9861708216
48.7950596276,1.986171014
48.795059814,1.9861712085
48.7950600019,1.9861714007
48.7950601901,1.9861715959
48.7950603792,1.9861717906
48.7950605688,1.9861719874
48.7950607588,1.9861721828
48.7950609489,1.9861723795
48.7950611376,1.9861725767
48.7950613259,1.9861727748
48.7950615154,1.9861729736
48.7950617068,1.9861731732
48.7950618982,1.9861733727
48.7950620897,1.9861735731
48.7950622821,1.9861737752
48.7950624755,1.9861739766
48.79506267,1.9861741808
48.7950628648,1.9861743831
48.7950630593,1.9861745885
48.7950632546,1.9861747937
48.7950634518,1.9861749989
48.7950636489,1.9861752068
48.7950638473,1.9861754134
48.7950640441,1.9861756212
48.7950642431,1.9861758298
48.7950644437,1.9861760407
48.795064643,1.9861762507
48.795064843,1.9861764615
48.795065045,1.9861766731
48.7950652465,1.9861768859
48.7950654484,1.9861770984
48.7950656515,1.9861773123
48.7950658555,1.9861775253
48.7950660599,1.9861777411
48.7950662641,1.9861779554
48.7950664699,1.986178172
48.7950666767,1.9861783889
48.7950668839,1.9861786054
48.7950670907,1.986178824
48.7950673,1.986179041
48.7950675095,1.986179261
48.7950677188,1.9861794814
48.795067929,1.9861797027
48.7950681395,1.9861799223
48.7950683519,1.9861801438
48.7950685647,1.9861803683
48.7950687766,1.9861805914
48.7950689894,1.9861808162
48.7950692031,1.986181042
48.7950694193,1.9861812676
48.7950696339,1.9861814949
48.7950698489,1.9861817224
48.795070065,1.9861819517
48.7950702827,1.9861821808
48.7950704998,1.9861824096
48.7950707183,1.9861826402
48.7950709372,1.9861828709
48.7950711567,1.9861831023
48.7950713804,1.9861833348
48.7950715987,1.9861835658
48.7950718201,1.9861837965
48.7950720429,1.9861840302
48.7950722663,1.986184264
48.7950724886,1.9861844988
48.7950727127,1.9861847354
48.7950729378,1.986184971
48.7950731622,1.986185209
48.7950733875,1.9861854474
48.7950736126,1.9861856871
48.7950738386,1.9861859268
48.7950740661,1.9861861664
48.7950742933,1.9861864077
48.7950745191,1.9861866504
48.7950747486,1.9861868922
48.7950749784,1.9861871347
48.7950752068,1.9861873767
48.7950754369,1.986187623
48.7950756669,1.986187866
48.7950758998,1.9861881084
48.7950761311,1.9861883543
48.7950763628,1.9861886003
48.7950765958,1.9861888454
48.79507683,1.9861890911
48.7950770637,1.9861893394
48.7950772985,1.9861895853
48.7950775336,1.9861898329
48.7950777683,1.9861900812
48.7950780047,1.986190332
48.7950782404,1.9861905812
48.795078477,1.9861908307
48.795078715,1.9861910804
48.795078952,1.9861913313
48.7950791897,1.9861915842
48.7950794274,1.986191837
48.7950796675,1.9861920881
48.7950799065,1.9861923399
48.7950801462,1.9861925945
48.7950803858,1.9861928484
48.7950806266,1.9861931035
48.7950808671,1.9861933592
48.7950811083,1.9861936135
48.7950813504,1.98619387
48.7950815916,1.9861941258
48.795081835,1.9861943837
48.7950820776,1.9861946391
48.7950823203,1.9861948969
48.7950825646,1.9861951553
48.7950828105,1.9861954164
48.7950830599,1.9861956766
48.7950833103,1.9861959377
48.7950835607,1.9861962017
48.7950838091,1.9861964662
48.7950840606,1.9861967298
48.7950843112,1.986196993
48.7950845627,1.9861972572
48.7950848139,1.9861975255
48.7950850649,1.9861977907
48.7950853164,1.9861980591
48.7950855692,1.9861983243
48.7950858224,1.9861985911
48.7950860752,1.986198859
48.795086328,1.9861991281
48.7950865822,1.986199394
48.7950868361,1.9861996649
48.7950870911,1.9861999329
48.7950873454,1.9862002016
48.7950876011,1.986200472
48.7950878565,1.9862007419
48.7950881123,1.9862010134
48.7950883685,1.9862012829
48.7950886262,1.9862015534
48.795088883,1.9862018264
48.7950891402,1.9862020983
48.795089398,1.9862023704
48.7950896561,1.9862026415
48.7950899153,1.9862029171
48.7950901739,1.9862031892
48.7950904329,1.9862034637
48.7950906935,1.9862037368
48.7950909535,1.9862040118
48.7950912137,1.9862042871
48.7950914735,1.9862045623
48.795091734,1.9862048387
48.7950919958,1.9862051151
48.7950922567,1.9862053926
48.7950925179,1.9862056682
48.7950927795,1.9862059452
48.795093042,1.986206224
48.7950933035,1.9862065013
48.7950935658,1.9862067809
48.7950938287,1.9862070589
48.7950940914,1.9862073375
48.7950943551,1.986207617
48.7950946177,1.9862078957
48.7950948817,1.9862081764
48.795095145,1.9862084591
48.7950954089,1.9862087361
48.7950956735,1.9862090215
48.7950959384,1.9862093013
48.7950962016,1.986209584
48.7950964668,1.9862098671
48.7950967329,1.9862101516
48.7950969974,1.9862104337
48.7950972623,1.9862107168
48.7950975298,1.9862110005
48.7950977957,1.9862112853
48.7950980619,1.9862115709
48.795098329,1.9862118542
48.7950985965,1.98621214
48.7950988648,1.9862124248
48.7950991322,1.9862127102
48.7950994002,1.9862129968
48.7950996693,1.9862132829
48.795099938,1.9862135711
48.7951002065,1.9862138546
48.7951004757,1.9862141415
48.7951007456,1.9862144296
48.7951010145,1.9862147155
48.7951012847,1.9862150033
48.7951015558,1.9862152905
48.7951018247,1.9862155798
48.7951020963,1.9862158671
48.7951023664,1.9862161541
48.7951026369,1.9862164442
48.7951029077,1.9862167358
48.7951031801,1.9862170228
48.7951034496,1.9862173151
48.7951037214,1.9862176079
48.7951039926,1.9862179011
48.7951042637,1.9862181925
48.7951045358,1.9862184869
48.7951048081,1.9862187807
48.7951050794,1.9862190743
48.7951053521,1.9862193687
48.7951056257,1.9862196635
48.7951058984,1.986219958
48.7951061729,1.9862202528
48.795106447,1.9862205487
48.7951069962,1.9862211373
48.7951072719,1.9862214334
48.795107547,1.986221727
48.7951078228,1.9862220243
48.7951081,1.9862223191
48.795108375,1.9862226157
48.7951086525,1.9862229094
48.7951089291,1.9862232078
48.7951092051,1.9862235046
48.795109481,1.9862238028
48.7951097579,1.9862241011
48.7951100342,1.9862243997
48.7951103108,1.9862246983
48.7951105881,1.9862249977
48.7951108644,1.9862252967
48.7951111423,1.9862255969
48.7951114196,1.9862258973
48.7951116974,1.9862261966
48.7951119753,1.9862265001
48.7951122538,1.9862267996
48.7951125315,1.9862271027
48.7951128107,1.9862274028
48.7951130891,1.9862277064
48.795113368,1.98622801
48.7951136472,1.9862283118
48.795113927,1.9862286162
48.7951142069,1.9862289195
48.795114487,1.9862292222
48.7951147674,1.9862295265
48.7951150478,1.9862298303
48.7951153289,1.9862301341
48.7951156101,1.9862304387
48.7951158903,1.9862307435
48.7951161722,1.986231048
48.7951164538,1.9862313534
48.7951167357,1.9862316586
48.7951170175,1.9862319648
48.7951172993,1.9862322712
48.7951175821,1.9862325789
48.7951178644,1.986232884
48.7951181471,1.9862331933
48.7951184306,1.9862335001
48.7951187126,1.9862338069
48.7951189973,1.986234115
48.7951192809,1.9862344243
48.7951195648,1.986234732
48.7951198495,1.9862350397
48.7951201333,1.9862353499
48.7951204185,1.9862356594
48.7951207027,1.9862359696
48.7951209887,1.9862362789
48.7951212745,1.9862365899
48.7951215599,1.9862369005
48.7951218458,1.9862372119
48.7951221329,1.9862375227
48.7951224192,1.9862378359
48.795122706,1.9862381458
48.7951229944,1.9862384577
48.7951232817,1.9862387696
48.7951235693,1.9862390815
48.7951238575,1.9862393935
48.7951241459,1.9862397069
48.7951244337,1.9862400204
48.7951247223,1.9862403328
48.7951250113,1.9862406479
48.7951252992,1.9862409611
48.7951255902,1.9862412761
48.7951258769,1.9862415892
48.795126168,1.9862419048
48.7951264574,1.9862422188
48.7951267472,1.9862425333
48.7951270374,1.9862428495
48.7951273282,1.986243163
48.795127619,1.986243479
48.7951279104,1.986243793
48.7951282024,1.9862441087
48.7951284938,1.9862444238
48.7951287852,1.9862447404
48.7951290782,1.9862450561
48.7951293708,1.9862453722
48.7951296627,1.9862456881
48.7951299555,1.9862460068
48.7951302471,1.9862463251
48.795130541,1.9862466412
48.7951308347,1.9862469607
48.7951311265,1.9862472812
48.79513142,1.9862475992
48.7951317134,1.9862479185
48.7951320069,1.9862482365
48.7951323026,1.9862485582
48.7951325957,1.9862488776
48.7951328909,1.986249197
48.7951331866,1.986249519
48.7951334818,1.9862498383
48.7951337772,1.9862501573
48.7951340726,1.9862504777
48.7951343698,1.9862507995
48.7951346656,1.9862511196
48.7951349626,1.9862514401
48.7951352592,1.98625176
48.7951355562,1.9862520796
48.795135855,1.9862524025
48.7951361517,1.9862527227
48.795136449,1.9862530444
48.7951367474,1.9862533675
48.795137046,1.9862536912
48.7951373427,1.9862540134
48.7951376413,1.9862543373
48.795137941,1.9862546582
48.7951382401,1.986254982
48.7951385406,1.9862553051
48.7951388381,1.9862556274
48.7951391393,1.9862559528
48.7951394407,1.9862562739
48.7951397398,1.9862565964
48.7951400412,1.9862569205
48.7951403429,1.9862572454
48.7951406437,1.9862575699
48.7951409456,1.9862578927
48.7951412474,1.9862582199
48.7951415488,1.9862585434
48.7951418517,1.9862588689
48.7951421531,1.9862591952
48.7951424558,1.9862595212
48.7951427582,1.9862598499
48.7951430612,1.9862601764
48.7951433642,1.9862605004
48.795143668,1.986260827
48.7951439707,1.986261156
48.7951442746,1.9862614802
48.7951445799,1.9862618066
48.7951448838,1.9862621332
48.7951451885,1.9862624606
48.7951454943,1.9862627872
48.7951457989,1.9862631146
48.795146104,1.9862634432
48.7951464095,1.9862637721
48.7951467154,1.9862641
48.7951470205,1.9862644275
48.7951473282,1.9862647586
48.7951476337,1.9862650879
48.7951479406,1.9862654158
48.7951482477,1.9862657457
48.7951485545,1.9862660776
48.7951488622,1.9862664082
48.7951491686,1.9862667373
48.7951494774,1.9862670677
48.7951497862,1.9862673998
48.7951500931,1.9862677313
48.7951504028,1.9862680601
48.7951507121,1.9862683934
48.795151021,1.9862687237
48.7951513307,1.9862690553
48.7951516395,1.9862693873
48.7951519499,1.9862697191
48.7951522598,1.9862700547
48.7951525692,1.9862703852
48.7951528787,1.9862707195
48.7951531904,1.9862710546
48.7951535002,1.9862713878
48.7951538113,1.9862717203
48.7951541225,1.986272055
48.7951544342,1.9862723893
48.7951547458,1.9862727217
48.7951550577,1.9862730568
48.79515537,1.9862733912
48.7951556828,1.9862737241
48.7951559949,1.9862740578
48.7951563076,1.9862743924
48.7951566206,1.9862747302
48.7951569331,1.986275065
48.7951572468,1.9862753999
48.79515756,1.9862757381
48.7951578724,1.9862760778
48.7951581851,1.9862764145
48.7951584999,1.986276753
48.7951588135,1.9862770926
48.7951591272,1.9862774311
48.7951594415,1.98627777
48.7951597562,1.9862781079
48.7951600722,1.9862784455
48.7951603861,1.9862787861
48.7951607031,1.9862791223
48.7951610185,1.986279463
48.7951613336,1.9862798012
48.7951616512,1.9862801397
48.795161968,1.9862804796
48.7951622837,1.986280818
48.7951626023,1.9862811572
48.7951629191,1.9862814969
48.7951632366,1.9862818369
48.7951635534,1.9862821792
48.7951638719,1.9862825202
48.7951641904,1.9862828603
48.7951645087,1.9862832012
48.7951648262,1.986283544
48.7951651452,1.9862838854
48.7951654647,1.9862842282
48.7951657844,1.9862845699
48.7951661025,1.9862849109
48.7951664232,1.986285257
48.7951667425,1.9862855977
48.7951670627,1.9862859424
48.7951673823,1.9862862886
48.795167703,1.986286631
48.7951680231,1.9862869761
48.7951683441,1.9862873205
48.795168666,1.9862876682
48.7951689861,1.9862880116
48.7951693074,1.9862883577
48.7951696282,1.9862887048
48.7951699505,1.9862890523
48.7951702711,1.9862893977
48.7951705927,1.9862897435
48.7951709146,1.9862900925
48.7951712372,1.98629044
48.79517156,1.9862907885
48.7951718813,1.9862911326
48.7951722048,1.9862914825
48.7951725277,1.98629183
48.7951728492,1.9862921801
48.795173173,1.9862925289
48.7951734974,1.9862928788
48.7951738196,1.9862932285
48.7951741424,1.9862935793
48.7951744669,1.9862939303
48.7951747911,1.9862942814
48.7951751142,1.9862946323
48.7951754392,1.9862949856
48.795175763,1.9862953383
48.7951760873,1.98629569
48.7951764127,1.9862960403
48.795176737,1.9862963943
48.7951770628,1.986296749
48.7951773874,1.9862970989
48.7951777133,1.9862974521
48.7951780388,1.9862978074
48.7951783646,1.9862981606
48.795178691,1.9862985144
48.7951790171,1.9862988704
48.7951793431,1.9862992246
48.7951796693,1.9862995774
48.7951799967,1.986299934
48.7951803239,1.9863002887
48.7951806511,1.9863006409
48.7951809791,1.986300996
48.7951813067,1.9863013507
48.7951816353,1.9863017048
48.7951819633,1.9863020592
48.7951822925,1.9863024142
48.7951826199,1.9863027694
48.7951829488,1.9863031244
48.7951832783,1.9863034821
48.7951836058,1.9863038382
48.7951839355,1.9863041943
48.7951842651,1.9863045503
48.7951845933,1.9863049081
48.7951849223,1.9863052641
48.7951852522,1.9863056201
48.7951855815,1.9863059769
48.7951859112,1.9863063338
48.7951862402,1.9863066893
48.7951865692,1.9863070473
48.7951868989,1.9863074028
48.7951872284,1.9863077612
48.7951875577,1.9863081174
48.7951878875,1.9863084753
48.795188218,1.9863088314
48.7951885467,1.9863091884
48.7951888769,1.9863095459
48.7951892067,1.9863099034
48.7951895361,1.9863102614
48.7951898666,1.9863106173
48.7951901965,1.9863109759
48.7951905261,1.9863113316
48.7951908558,1.9863116892
48.7951911861,1.9863120475
48.7951915164,1.9863124049
48.7951918455,1.9863127607
48.7951921752,1.9863131184
48.7951925067,1.9863134766
48.7951928366,1.9863138343
48.7951931665,1.9863141912
48.795193496,1.9863145495
48.7951938268,1.9863149077
48.7951941552,1.9863152649
48.7951944851,1.986315625
48.7951948151,1.9863159807
48.7951951453,1.9863163399
48.7951954741,1.9863166964
48.7951958038,1.9863170546
48.7951961347,1.9863174122
48.7951964638,1.9863177683
48.7951967939,1.9863181254
48.7951971242,1.9863184829
48.7951974547,1.9863188387
48.7951977838,1.9863191967
48.7951981138,1.9863195536
48.795198443,1.9863199123
48.7951987721,1.9863202683
48.7951991014,1.9863206281
48.7951994313,1.9863209854
48.7951997589,1.9863213437
48.7952000886,1.9863217019
48.7952004186,1.9863220601
48.795200747,1.9863224159
48.7952010754,1.9863227725
48.7952014051,1.9863231296
48.7952017346,1.986323485
48.7952020636,1.9863238388
48.7952023921,1.9863241957
48.7952027219,1.986324551
48.7952030516,1.986324904
48.7952033795,1.9863252605
48.7952037094,1.9863256162
48.7952040357,1.9863259717
48.795204365,1.9863263285
48.795204692,1.9863266854
48.7952050211,1.9863270407
48.7952053472,1.9863273986
48.7952056753,1.9863277535
48.7952060025,1.9863281105
48.7952063306,1.9863284651
48.7952066584,1.9863288222
48.7952069854,1.9863291736
48.795207313,1.9863295313
48.7952076406,1.9863298831
48.7952079688,1.9863302398
48.7952082957,1.986330594
48.7952086234,1.9863309471
48.7952089506,1.9863313019
48.7952092774,1.9863316569
48.795209605,1.9863320137
48.7952099321,1.9863323658
48.7952102583,1.9863327221
48.7952105851,1.9863330738
48.7952109121,1.9863334278
48.795211238,1.9863337794
48.7952115634,1.9863341348
48.795211891,1.9863344858
48.7952122169,1.9863348375
48.7952125436,1.9863351888
48.7952128705,1.986335542
48.7952131958,1.9863358931
48.7952135209,1.986336244
48.7952138471,1.9863365983
48.7952141723,1.9863369492
48.7952144986,1.9863373024
48.7952148225,1.9863376541
48.7952151474,1.9863380066
48.7952154734,1.9863383593
48.7952157977,1.9863387094
48.7952161234,1.9863390614
48.7952164481,1.9863394119
48.7952167727,1.9863397633
48.795217097,1.9863401119
48.7952174234,1.9863404607
48.7952177468,1.9863408137
48.7952180708,1.9863411614
48.7952183946,1.9863415113
48.7952187178,1.9863418609
48.7952190416,1.986342212
48.795219365,1.986342561
48.7952196867,1.9863429127
48.7952200095,1.9863432626
48.7952203326,1.9863436124
48.7952206555,1.9863439623
48.7952209792,1.9863443099
48.7952213017,1.9863446594
48.7952216251,1.9863450061
48.7952219472,1.9863453539
48.7952222706,1.9863457022
48.7952225934,1.9863460484
48.7952229174,1.9863463974
48.795223239,1.9863467416
48.7952235614,1.9863470906
48.7952238833,1.9863474395
48.7952242046,1.9863477869
48.7952245263,1.9863481372
48.7952248443,1.9863484883
48.7952251657,1.9863488354
48.7952254862,1.9863491858
48.795225806,1.9863495353
48.7952261266,1.9863498832
48.7952264473,1.986350232
48.795226767,1.9863505791
48.7952270874,1.986350927
48.7952274094,1.9863512719
48.7952277297,1.9863516183
48.7952280499,1.9863519646
48.7952283693,1.9863523108
48.7952286905,1.986352656
48.7952290105,1.9863530002
48.7952293305,1.9863533461
48.7952296507,1.9863536909
48.7952299696,1.986354038
48.7952302894,1.9863543808
48.7952306085,1.9863547275
48.7952309278,1.9863550705
48.795231247,1.9863554186
48.7952315668,1.98635576
48.7952318848,1.9863561055
48.795232203,1.9863564504
48.795232521,1.9863567924
48.7952328392,1.9863571379
48.7952331575,1.9863574802
48.7952334752,1.9863578235
48.7952337912,1.9863581661
48.7952341089,1.9863585079
48.7952344237,1.9863588531
48.7952347402,1.9863591955
48.7952350551,1.9863595374
48.7952353715,1.9863598789
48.7952356865,1.9863602221
48.7952360028,1.9863605643
48.7952363171,1.9863609048
48.7952366325,1.9863612475
48.795236948,1.9863615902
48.7952372633,1.9863619289
48.7952375772,1.9863622736
48.7952378924,1.9863626145
48.7952382069,1.9863629545
48.7952385204,1.9863632961
48.7952388348,1.9863636379
48.7952391491,1.9863639806
48.7952394618,1.9863643193
48.7952397755,1.986364662
48.7952400891,1.9863650026
48.7952404014,1.9863653416
48.795240716,1.9863656833
48.7952410286,1.9863660227
48.7952413422,1.9863663623
48.7952416552,1.9863667011
48.7952419691,1.9863670395
48.7952422829,1.9863673793
48.7952425946,1.9863677174
48.7952429081,1.986368056
48.7952432208,1.9863683934
48.7952435326,1.9863687315
48.7952438449,1.9863690709
48.7952441574,1.9863694108
48.7952444689,1.9863697493
48.7952447787,1.9863700882
48.7952450906,1.9863704296
48.795245401,1.986370769
48.7952457109,1.9863711087
48.7952460213,1.9863714481
48.7952463312,1.9863717871
48.7952466421,1.986372126
48.7952469517,1.9863724617
48.7952472627,1.9863727998
48.7952475727,1.9863731331
48.795247884,1.9863734701
48.7952481943,1.9863738033
48.7952485049,1.9863741387
48.7952488153,1.9863744718
48.7952491247,1.9863748062
48.7952494352,1.9863751412
48.7952497438,1.9863754748
48.7952500531,1.9863758099
48.7952503618,1.9863761445
48.7952506713,1.9863764786
48.7952509786,1.9863768146
48.7952512873,1.9863771482
48.7952515955,1.9863774836
48.795251903,1.9863778171
48.7952522118,1.9863781512
48.7952525179,1.9863784855
48.7952528261,1.986378818
48.7952531344,1.9863791534
48.7952534403,1.9863794848
48.7952537483,1.9863798189
48.7952540566,1.9863801516
48.7952543613,1.9863804849
48.7952546687,1.9863808163
48.7952549753,1.9863811513
48.7952552822,1.9863814837
48.7952555868,1.9863818155
48.7952558933,1.9863821474
48.7952562002,1.9863824796
48.7952565047,1.9863828098
48.7952568103,1.9863831426
48.7952571151,1.9863834743
48.7952574203,1.9863838057
48.7952577246,1.9863841383
48.7952580285,1.9863844698
48.7952583327,1.9863848017
48.7952586356,1.9863851325
48.7952589397,1.9863854663
48.7952592434,1.9863857986
48.7952595469,1.9863861271
48.79525985,1.9863864589
48.7952601535,1.9863867878
48.7952604564,1.9863871205
48.7952607594,1.9863874487
48.7952610626,1.9863877771
48.7952613664,1.9863881054
48.7952616684,1.9863884329
48.7952619704,1.9863887632
48.7952622736,1.9863890893
48.7952625764,1.986389418
48.795262878,1.9863897447
48.7952631796,1.9863900743
48.7952634813,1.9863904029
48.7952637833,1.9863907246
48.7952640849,1.9863910542
48.7952643858,1.9863913806
48.7952646869,1.9863917061
48.7952649895,1.9863920337
48.7952652912,1.9863923622
48.795265592,1.9863926928
48.7952658931,1.9863930235
48.7952661938,1.9863933501
48.7952664941,1.9863936819
48.7952667943,1.9863940123
48.7952670944,1.986394341
48.7952673948,1.9863946695
48.7952676961,1.9863949979
48.7952679961,1.9863953256
48.7952682957,1.9863956529
48.7952685977,1.98639598
48.7952688971,1.9863963078
48.7952691973,1.9863966325
48.7952694974,1.9863969614
48.7952697975,1.9863972858
48.7952700967,1.9863976128
48.7952703958,1.9863979397
48.7952706948,1.9863982669
48.7952709946,1.986398593
48.7952712917,1.9863989193
48.7952715923,1.9863992452
48.7952718896,1.9863995715
48.7952721886,1.9863998975
48.7952724863,1.986400224
48.7952727843,1.9864005494
48.7952730818,1.9864008786
48.7952733783,1.9864012043
48.7952736755,1.9864015314
48.7952739721,1.9864018558
48.7952742687,1.9864021826
48.7952745676,1.9864025042
48.7952748641,1.9864028298
48.795275161,1.9864031526
48.7952754582,1.9864034798
48.7952757547,1.9864037995
48.7952760508,1.9864041205
48.7952763467,1.9864044451
48.7952766427,1.9864047664
48.795276938,1.9864050904
48.7952772324,1.9864054117
48.7952775287,1.9864057359
48.7952778224,1.9864060605
48.795278116,1.9864063855
48.7952784098,1.9864067095
48.7952787043,1.9864070333
48.7952789973,1.9864073577
48.7952792903,1.9864076817
48.7952795832,1.9864080063
48.7952798776,1.9864083284
48.7952801708,1.9864086511
48.7952804644,1.9864089723
48.7952807581,1.9864092949
48.7952810514,1.9864096157
48.7952813457,1.9864099368
48.7952816388,1.9864102569
48.7952819321,1.9864105783
48.7952822251,1.9864108973
48.7952825178,1.9864112176
48.7952828112,1.9864115398
48.7952831028,1.9864118581
48.7952833951,1.9864121796
48.7952836871,1.9864125003
48.7952839782,1.9864128207
48.7952842712,1.9864131421
48.7952845608,1.9864134606
48.7952848535,1.9864137819
48.7952851447,1.9864141012
48.7952854358,1.9864144181
48.7952857273,1.9864147372
48.7952860195,1.9864150557
48.79528631,1.9864153726
48.795286602,1.9864156898
48.7952868928,1.9864160072
48.7952871847,1.9864163227
48.795287475,1.9864166402
48.7952877656,1.9864169577
48.7952880568,1.9864172739
48.7952883465,1.9864175892
48.7952886377,1.9864179073
48.7952889266,1.9864182236
48.7952892163,1.9864185404
48.7952895066,1.9864188556
48.7952897964,1.9864191716
48.7952900855,1.986419491
48.7952903744,1.9864198057
48.7952906642,1.98642012
48.7952909541,1.9864204368
48.7952912422,1.9864207516
48.7952915306,1.9864210678
48.795291819,1.9864213815
48.7952921082,1.9864216986
48.7952923966,1.9864220145
48.7952926829,1.9864223271
48.795292971,1.9864226461
48.7952932583,1.9864229608
48.7952935446,1.9864232775
48.7952938312,1.9864235939
48.7952941181,1.9864239102
48.7952944053,1.9864242246
48.7952946927,1.9864245371
48.7952949802,1.986424849
48.7952952663,1.9864251583
48.7952955539,1.9864254691
48.7952958413,1.986425777
48.795296128,1.9864260868
48.7952964139,1.9864263961
48.7952967015,1.9864267031
48.7952969877,1.9864270144
48.7952972726,1.986427321
48.7952975586,1.9864276318
48.7952978436,1.9864279383
48.7952981293,1.9864282495
48.7952984133,1.9864285581
48.7952986971,1.9864288687
48.7952989813,1.9864291786
48.7952992644,1.9864294875
48.7952995489,1.9864297967
48.7952998312,1.986430105
48.7953001151,1.986430417
48.7953003978,1.9864307238
48.7953006813,1.9864310331
48.7953009649,1.9864313394
48.7953012475,1.9864316486
48.7953015305,1.986431956
48.7953018131,1.9864322635
48.7953020963,1.9864325722
48.7953023791,1.9864328784
48.7953026612,1.9864331865
48.7953029438,1.9864334944
48.7953032257,1.9864337995
48.7953035077,1.9864341069
48.7953037905,1.9864344141
48.7953040711,1.9864347198
48.7953043535,1.9864350263
48.7953046345,1.9864353315
48.7953049159,1.986435636
48.7953051979,1.9864359418
48.7953054788,1.9864362462
48.7953057599,1.9864365493
48.7953060417,1.9864368535
48.7953063218,1.9864371568
48.7953066024,1.9864374596
48.7953068835,1.9864377624
48.7953071637,1.9864380644
48.7953074444,1.9864383678
48.7953077239,1.9864386706
48.7953080039,1.9864389736
48.7953082835,1.9864392746
48.795308563,1.9864395782
48.7953088428,1.986439879
48.7953091217,1.9864401817
48.7953094013,1.9864404801
48.795309679,1.9864407828
48.7953099588,1.9864410864
48.7953102373,1.9864413857
48.7953105158,1.9864416846
48.7953107937,1.9864419869
48.795311073,1.9864422863
48.7953113508,1.9864425864
48.7953116288,1.9864428848
48.7953119065,1.9864431861
48.7953121839,1.9864434848
48.7953124608,1.9864437856
48.7953127373,1.9864440843
48.7953130134,1.9864443851
48.7953132901,1.9864446858
48.7953135662,1.9864449865
48.7953138414,1.9864452872
48.7953141171,1.9864455859
48.7953143923,1.9864458869
48.7953146682,1.9864461862
48.7953149434,1.986446487
48.7953152178,1.9864467846
48.7953154923,1.9864470843
48.7953157669,1.986447384
48.7953160415,1.9864476826
48.7953163152,1.9864479815
48.7953165888,1.9864482799
48.7953168632,1.9864485785
48.7953171369,1.9864488774
48.7953174102,1.9864491744
48.7953176843,1.986449473
48.7953179574,1.9864497694
48.7953182304,1.986450067
48.7953185032,1.9864503635
48.7953187761,1.986450661
48.7953190497,1.9864509569
48.7953193215,1.9864512516
48.7953195947,1.9864515473
48.7953198675,1.9864518428
48.79532014,1.9864521373
48.7953204118,1.9864524317
48.795320684,1.9864527252
48.7953209568,1.9864530201
48.7953212283,1.9864533142
48.7953215003,1.9864536065
48.7953217717,1.9864539021
48.7953220428,1.9864541938
48.7953223112,1.986454494
48.7953225789,1.9864547917
48.7953228455,1.9864550902
48.7953231139,1.9864553881
48.7953233818,1.9864556829
48.7953236488,1.9864559825
48.7953239165,1.9864562787
48.7953241833,1.9864565752
48.7953244505,1.9864568716
48.7953247177,1.986457168
48.7953249847,1.9864574619
48.7953252501,1.9864577595
48.7953255167,1.9864580551
48.7953257828,1.9864583503
48.7953260479,1.9864586455
48.7953263142,1.9864589405
48.7953265794,1.9864592355
48.7953268447,1.9864595298
48.795327109,1.9864598245
48.7953273737,1.986460119
48.7953276389,1.9864604141
48.7953279033,1.9864607068
48.7953281678,1.9864610012
48.7953284323,1.9864612937
48.7953286974,1.9864615878
48.795328962,1.9864618797
48.795329227,1.9864621717
48.7953294914,1.9864624645
48.7953297558,1.9864627559
48.7953300213,1.9864630485
48.7953302845,1.9864633401
48.7953305488,1.9864636318
48.7953308128,1.9864639238
48.7953310765,1.9864642154
48.7953313396,1.9864645098
48.7953316043,1.986464801
48.795331867,1.9864650925
48.7953321308,1.9864653848
48.7953323947,1.9864656789
48.7953326579,1.9864659685
48.795332921,1.9864662602
48.7953331852,1.9864665515
48.7953334473,1.9864668438
48.7953337109,1.9864671355
48.7953339738,1.9864674285
48.795334237,1.9864677186
48.7953345002,1.9864680105
48.7953347626,1.9864683017
48.7953350257,1.9864685932
48.7953352891,1.9864688841
48.7953355515,1.9864691755
48.7953358147,1.9864694651
48.7953360771,1.9864697563
48.7953363396,1.9864700484
48.7953366006,1.9864703382
48.7953368634,1.9864706287
48.7953371244,1.9864709213
48.7953373849,1.9864712103
48.795337647,1.986471502
48.7953379083,1.986471792
48.7953381692,1.9864720809
48.7953384307,1.9864723717
48.7953386923,1.9864726615
48.795338954,1.9864729504
48.7953392156,1.9864732401
48.795339477,1.9864735266
48.7953397395,1.9864738159
48.7953400017,1.9864741034
48.7953402633,1.986474391
48.795340526,1.9864746789
48.7953407876,1.9864749668
48.7953410498,1.9864752527
48.7953413112,1.9864755425
48.7953415729,1.9864758316
48.7953418338,1.9864761207
48.7953420953,1.9864764094
48.7953423556,1.9864766994
48.7953426171,1.9864769896
48.7953428781,1.9864772793
48.7953431392,1.9864775691
48.7953433992,1.9864778603
48.7953436607,1.9864781513
48.7953439214,1.9864784411
48.7953441831,1.9864787309
48.7953444439,1.9864790216
48.7953447052,1.9864793112
48.7953449669,1.9864796021
48.7953452289,1.9864798895
48.7953454905,1.9864801807
48.7953457524,1.9864804713
48.7953460136,1.9864807606
48.7953462759,1.9864810484
48.7953465385,1.9864813389
48.7953468005,1.9864816268
48.7953470628,1.9864819172
48.7953473249,1.9864822061
48.7953475878,1.9864824944
48.7953478505,1.986482785
48.7953481135,1.9864830725
48.7953483744,1.9864833644
48.7953486386,1.986483651
48.7953489038,1.9864839398
48.7953491682,1.9864842258
48.7953494332,1.986484514
48.7953496981,1.9864847996
48.7953499628,1.9864850877
48.7953502281,1.9864853761
48.7953504932,1.9864856627
48.7953507577,1.9864859505
48.7953510232,1.9864862377
48.7953512879,1.9864865253
48.7953515531,1.986486812
48.7953518193,1.986487099
48.7953520834,1.9864873871
48.795352349,1.9864876727
48.7953526148,1.9864879614
48.7953528797,1.9864882465
48.7953531455,1.986488535
48.7953534118,1.98648882
48.7953536777,1.9864891071
48.7953539441,1.9864893922
48.7953542096,1.9864896785
48.7953544763,1.986489967
48.7953547421,1.9864902528
48.7953550088,1.9864905403
48.7953552755,1.9864908278
48.7953555415,1.9864911137
48.7953558082,1.9864914019
48.7953560741,1.9864916891
48.7953563408,1.9864919768
48.7953566064,1.9864922662
48.7953568724,1.9864925513
48.7953571391,1.9864928435
48.795357405,1.9864931311
48.7953576705,1.9864934213
48.7953579365,1.9864937105
48.7953582027,1.9864939995
48.7953584687,1.9864942899
48.7953587348,1.9864945792
48.7953590011,1.9864948691
48.7953592663,1.9864951614
48.795359534,1.986495451
48.7953598005,1.986495739
48.7953600671,1.9864960303
48.7953603341,1.9864963191
48.7953606007,1.9864966093
48.7953608684,1.9864968996
48.7953611362,1.9864971862
48.7953614043,1.9864974753
48.7953616714,1.9864977643
48.795361939,1.9864980524
48.7953622081,1.9864983406
48.7953624747,1.9864986303
48.7953627416,1.9864989198
48.7953630102,1.9864992079
48.7953632782,1.9864994985
48.7953635454,1.9864997874
48.7953638122,1.9865000774
48.7953640808,1.9865003676
48.7953643479,1.9865006564
48.7953646152,1.9865009481
48.7953648829,1.9865012374
48.7953651523,1.9865015266
48.7953654199,1.9865018169
48.7953656868,1.9865021094
48.7953659551,1.9865023995
48.7953662234,1.9865026893
48.7953664923,1.9865029803
48.7953667604,1.9865032705
48.795367028,1.986503562
48.7953672961,1.986503852
48.7953675651,1.9865041439
48.7953678325,1.986504434
48.7953681007,1.9865047256
48.7953683692,1.9865050177
48.7953686378,1.9865053079
48.7953689054,1.9865056002
48.7953691733,1.9865058912
48.7953694437,1.9865061822
48.7953697116,1.9865064729
48.7953699805,1.9865067648
48.795370249,1.9865070564
48.7953705184,1.9865073467
48.7953707881,1.986507638
48.7953710577,1.9865079303
48.7953713261,1.9865082214
48.795371596,1.9865085133
48.7953718655,1.9865088069
48.7953721348,1.9865090975
48.7953724048,1.9865093883
48.7953726751,1.9865096809
48.7953729441,1.9865099731
48.7953732144,1.9865102659
48.7953734851,1.9865105579
48.7953737547,1.9865108483
48.795374026,1.9865111412
48.7953742954,1.9865114333
48.7953745659,1.9865117246
48.7953748366,1.986512018
48.7953751075,1.9865123097
48.7953753751,1.9865126054
48.7953756423,1.9865128997
48.7953759107,1.9865131962
48.7953761784,1.9865134916
48.7953764465,1.9865137866
48.7953767147,1.9865140821
48.7953769835,1.9865143779
48.7953772507,1.9865146733
48.7953775201,1.9865149685
48.7953777886,1.9865152657
48.795378057,1.9865155595
48.7953783259,1.9865158562
48.7953785947,1.9865161507
48.7953788636,1.9865164484
48.7953791315,1.9865167448
48.7953794002,1.9865170408
48.7953796697,1.9865173365
48.7953799383,1.9865176336
48.7953802067,1.9865179305
48.7953804756,1.9865182282
48.7953807454,1.9865185261
48.7953810146,1.9865188199
48.7953812822,1.9865191172
48.7953815537,1.9865194147
48.7953818232,1.9865197113
48.7953820918,1.9865200056
48.7953823616,1.9865203034
48.7953826321,1.9865205996
48.7953829011,1.9865208963
48.7953831717,1.9865211915
48.7953834404,1.9865214881
48.7953837107,1.9865217843
48.7953839807,1.9865220837
48.7953842507,1.9865223782
48.7953845197,1.9865226754
48.7953847907,1.9865229728
48.7953850597,1.9865232694
48.7953853297,1.9865235658
48.7953856003,1.9865238648
48.7953858708,1.9865241612
48.7953861397,1.9865244603
48.7953864101,1.9865247569
48.7953866809,1.9865250565
48.7953869502,1.9865253549
48.7953872205,1.9865256511
48.7953874911,1.9865259494
48.7953877613,1.9865262474
48.7953880323,1.9865265475
48.7953883014,1.986526843
48.7953885725,1.9865271437
48.7953888426,1.9865274438
48.7953891139,1.9865277398
48.7953893845,1.98652804
48.7953896546,1.9865283391
48.7953899263,1.9865286394
48.7953901969,1.9865289358
48.7953904686,1.9865292342
48.7953907391,1.9865295329
48.7953910112,1.986529831
48.7953912819,1.9865301309
48.7953915546,1.9865304266
48.7953918253,1.9865307273
48.7953920961,1.9865310239
48.795392369,1.9865313248
48.7953926405,1.9865316213
48.7953929116,1.9865319221
48.7953931835,1.9865322189
48.795393455,1.9865325169
48.7953937274,1.9865328158
48.7953939993,1.9865331149
48.7953942709,1.9865334145
48.7953945424,1.9865337125
48.795394816,1.9865340103
48.7953950875,1.9865343091
48.7953953592,1.986534607
48.7953956324,1.986534906
48.7953959041,1.9865352042
48.795396177,1.9865355024
48.7953964496,1.9865358009
48.7953967216,1.9865361009
48.7953969935,1.9865363974
48.7953972664,1.9865366996
48.7953975387,1.9865369984
48.7953978108,1.9865372989
48.7953980828,1.9865375973
48.795398354,1.9865378985
48.7953986277,1.9865381992
48.7953988989,1.9865384982
48.7953991711,1.9865387993
48.7953994438,1.9865390986
48.7953997166,1.9865393979
48.7953999874,1.9865396989
48.7954002611,1.9865399997
48.7954005325,1.9865402976
48.795400805,1.9865405985
48.795401078,1.9865408985
48.7954013505,1.9865411969
48.7954016221,1.9865414975
48.795401895,1.9865417956
48.7954021685,1.9865420957
48.795402442,1.9865423917
48.7954027172,1.9865426926
48.7954029925,1.9865429933
48.7954032665,1.9865432895
48.7954035412,1.9865435895
48.7954038171,1.9865438885
48.7954040919,1.9865441865
48.7954043662,1.9865444838
48.795404642,1.9865447849
48.7954049168,1.9865450841
48.7954051907,1.9865453856
48.7954054659,1.9865456815
48.7954057411,1.9865459828
48.795406016,1.9865462859
48.7954062899,1.9865465821
48.7954065646,1.9865468829
48.7954068403,1.9865471814
48.7954071149,1.9865474838
48.7954073891,1.9865477825
48.7954076639,1.9865480814
48.7954079399,1.9865483815
48.7954082148,1.9865486795
48.7954084883,1.9865489782
48.7954087643,1.9865492785
48.7954090392,1.9865495775
48.7954093138,1.9865498776
48.7954095884,1.986550176
48.795409863,1.9865504752
48.7954101381,1.9865507746
48.7954104137,1.9865510739
48.7954106876,1.986551373
48.7954109617,1.9865516716
48.7954112376,1.9865519716
48.7954115125,1.9865522695
48.7954117871,1.9865525669
48.7954120619,1.9865528679
48.7954123371,1.9865531661
48.7954126123,1.9865534642
48.7954128875,1.9865537613
48.795413163,1.9865540606
48.7954134383,1.9865543581
48.7954137136,1.9865546557
48.7954139889,1.9865549545
48.7954142642,1.9865552525
48.7954145399,1.9865555501
48.7954148151,1.986555847
48.7954150898,1.9865561473
48.7954153648,1.9865564461
48.7954156388,1.9865567455
48.795415914,1.9865570441
48.7954161885,1.9865573442
48.7954164627,1.9865576419
48.7954167372,1.9865579424
48.795417012,1.9865582419
48.7954172858,1.9865585403
48.7954175599,1.9865588395
48.795417835,1.9865591385
48.7954181089,1.9865594382
48.7954183827,1.9865597367
48.795418658,1.9865600342
48.7954189314,1.9865603337
48.7954192062,1.9865606324
48.7954194797,1.9865609308
48.7954197539,1.9865612296
48.7954200279,1.986561528
48.7954203022,1.9865618261
48.7954205758,1.986562126
48.7954208496,1.9865624244
48.7954211234,1.986562725
48.7954213975,1.9865630221
48.7954216713,1.9865633211
48.7954219461,1.98656362
48.7954222199,1.9865639155
48.795422494,1.9865642145
48.7954227694,1.9865645125
48.7954230424,1.9865648083
48.7954233177,1.9865651056
48.7954235921,1.9865654025
48.7954238665,1.9865656991
48.7954241404,1.9865659956
48.7954244147,1.9865662929
48.7954246887,1.9865665887
48.7954249619,1.9865668867
48.7954252366,1.9865671827
48.7954255094,1.9865674806
48.7954257835,1.9865677765
48.7954260572,1.9865680751
48.7954263298,1.9865683694
48.7954266033,1.9865686676
48.795426877,1.9865689627
48.79542715,1.9865692587
48.7954274227,1.9865695554
48.795427696,1.9865698509
48.7954279698,1.9865701477
48.7954282423,1.9865704424
48.795428516,1.9865707391
48.7954287883,1.9865710336
48.7954290614,1.9865713286
48.7954293347,1.986571625
48.7954296076,1.98657192
48.7954298786,1.9865722148
48.7954301509,1.9865725098
48.7954304233,1.9865728022
48.7954306921,1.9865730971
48.7954309599,1.9865733888
48.7954312257,1.9865736762
48.7954314886,1.9865739623
48.7954317549,1.9865742505
48.7954320203,1.9865745385
48.7954322905,1.9865748323
48.7954325571,1.9865751221
48.7954328229,1.9865754129
48.7954330888,1.9865757045
48.7954333547,1.9865759937
48.7954336225,1.9865762839
48.7954338931,1.9865765765
48.7954341616,1.9865768676
48.7954344302,1.9865771568
48.7954347003,1.9865774482
48.7954349658,1.9865777326
48.7954352336,1.9865780176
48.7954355018,1.9865783075
48.795435771,1.9865785944
48.7954360416,1.9865788818
48.795436309,1.9865791729
48.7954365748,1.9865794598
48.7954368402,1.9865797492
48.7954371066,1.9865800381
48.7954373737,1.9865803255
48.7954376408,1.9865806162
48.7954379069,1.9865809055
48.7954381719,1.986581196
48.7954384371,1.9865814876
48.7954387038,1.9865817784
48.7954389686,1.9865820687
48.7954392335,1.986582359
48.7954395003,1.986582649
48.795439765,1.9865829363
48.7954400303,1.9865832264
48.7954402969,1.9865835149
48.7954405615,1.9865838024
48.7954408276,1.9865840907
48.795441094,1.986584376
48.79544136,1.9865846628
48.7954416249,1.9865849496
48.7954418914,1.986585236
48.7954421581,1.9865855227
48.7954424239,1.9865858087
48.7954426895,1.9865860965
48.795442956,1.9865863808
48.7954432208,1.9865866673
48.7954434859,1.9865869525
48.7954437506,1.9865872406
48.7954440152,1.9865875249
48.7954442806,1.9865878117
48.7954445456,1.9865880958
48.7954448111,1.9865883817
48.7954450757,1.9865886672
48.7954453399,1.9865889539
48.7954456054,1.986589241
48.7954458702,1.9865895263
48.7954461348,1.9865898124
48.7954463988,1.9865900991
48.795446663,1.9865903847
48.7954469272,1.986590671
48.7954471918,1.9865909557
48.7954474562,1.986591241
48.795447721,1.9865915257
48.7954479845,1.9865918124
48.7954482499,1.9865920959
48.7954485131,1.9865923813
48.7954487781,1.9865926646
48.7954490417,1.9865929491
48.7954493058,1.9865932332
48.7954495696,1.9865935171
48.7954498332,1.986593801
48.7954500969,1.9865940847
48.7954503602,1.9865943685
48.7954506236,1.9865946518
48.7954508875,1.9865949359
48.795451151,1.9865952195
48.7954514163,1.986595505
48.7954516771,1.9865957837
48.7954519333,1.9865960621
48.7954521837,1.9865963404
48.7954524382,1.9865966131
48.795452699,1.9865968832
48.7954529456,1.9865971563
48.7954532026,1.9865974287
48.7954534598,1.9865977038
48.7954537132,1.9865979782
48.7954539705,1.9865982487
48.7954542202,1.9865985245
48.7954544767,1.9865987968
48.7954547308,1.9865990703
48.7954549857,1.9865993439
48.7954552408,1.9865996126
48.7954554966,1.9865998836
48.7954557616,1.9866001661
48.7954560279,1.9866004471
48.7954562914,1.9866007247
48.7954565424,1.9866009915
48.7954568001,1.9866012718
48.7954570577,1.986601541
48.7954573159,1.9866018178
48.7954575768,1.9866020991
48.7954578369,1.9866023729
48.7954580929,1.9866026486
48.7954583499,1.9866029244
48.7954586095,1.9866032009
48.7954588693,1.9866034776
48.7954591267,1.9866037534
48.7954593828,1.9866040302
48.7954596393,1.986604304
48.7954598971,1.9866045799
48.7954601552,1.9866048543
48.7954604123,1.9866051284
48.7954606692,1.9866054007
48.7954609278,1.9866056743
48.7954611871,1.9866059453
48.7954614434,1.9866062177
48.7954617004,1.9866064891
48.7954619576,1.9866067612
48.7954622143,1.9866070329
48.7954624703,1.9866073045
48.7954627269,1.9866075766
48.7954629829,1.986607849
48.7954632384,1.9866081204
48.7954634939,1.9866083932
48.7954637484,1.9866086633
48.7954640024,1.9866089341
48.795464257,1.9866092056
48.7954645114,1.9866094753
48.7954647649,1.9866097453
48.7954650193,1.9866100144
48.7954652739,1.9866102845
48.7954655272,1.9866105513
48.7954657811,1.9866108209
48.7954660344,1.9866110886
48.7954662883,1.9866113559
48.7954665413,1.9866116245
48.7954667934,1.9866118906
48.795467046,1.9866121606
48.7954672993,1.9866124261
48.7954675513,1.986612694
48.7954678047,1.9866129621
48.7954680563,1.9866132296
48.7954683089,1.9866134948
48.7954685611,1.9866137634
48.7954688124,1.98661403
48.7954690643,1.9866142973
48.7954693154,1.9866145629
48.7954695674,1.9866148318
48.7954698183,1.9866150964
48.7954700683,1.9866153612
48.7954703207,1.9866156272
48.7954705717,1.9866158939
48.7954708214,1.9866161584
48.7954710731,1.9866164244
48.795471324,1.986616689
48.7954715747,1.9866169531
48.7954718255,1.9866172184
48.7954720754,1.9866174819
48.7954723262,1.986617746
48.7954725771,1.9866180083
48.7954728276,1.9866182734
48.7954730774,1.9866185368
48.7954733278,1.9866187983
48.7954735779,1.9866190634
48.7954738283,1.9866193251
48.7954740782,1.9866195889
48.7954743271,1.986619852
48.7954745775,1.9866201137
48.7954748271,1.9866203784
48.7954750762,1.9866206416
48.7954753246,1.9866209041
48.7954755738,1.9866211682
48.7954758229,1.9866214318
48.7954760705,1.9866216933
48.7954763193,1.9866219564
48.7954765669,1.9866222179
48.795476816,1.9866224789
48.7954770639,1.9866227407
48.7954773122,1.9866230003
48.7954775601,1.9866232598
48.7954778084,1.9866235198
48.7954780563,1.9866237799
48.7954783035,1.986624037
48.7954785516,1.986624298
48.7954787994,1.9866245574
48.7954790459,1.986624816
48.7954792929,1.9866250751
48.7954795404,1.9866253353
48.7954797868,1.9866255945
48.7954800333,1.9866258539
48.7954802795,1.9866261136
48.7954805257,1.9866263732
48.7954807723,1.9866266311
48.795481018,1.9866268895
48.795481264,1.9866271465
48.7954815092,1.9866274055
48.7954817548,1.9866276634
48.7954819987,1.9866279187
48.7954822438,1.9866281745
48.7954824882,1.9866284289
48.7954827321,1.9866286852
48.7954829764,1.9866289436
48.7954832199,1.9866292024
48.7954834632,1.9866294627
48.7954837073,1.9866297203
48.7954839477,1.9866299791
48.7954841909,1.9866302374
48.7954844321,1.9866304958
48.7954846755,1.9866307522
48.7954849197,1.9866310101
48.7954851628,1.9866312638
48.7954854061,1.9866315167
48.7954856501,1.986631769
48.7954858944,1.9866320206
48.7954861377,1.9866322733
48.7954863819,1.9866325242
48.7954866256,1.9866327767
48.7954868685,1.9866330282
48.7954871116,1.98663328
48.7954873553,1.9866335326
48.7954875969,1.9866337856
48.795487839,1.9866340389
48.7954880807,1.9866342935
48.7954883228,1.9866345468
48.7954885644,1.9866348
48.7954888055,1.9866350543
48.7954890472,1.9866353088
48.795489289,1.9866355615
48.7954895306,1.9866358154
48.7954897724,1.9866360673
48.7954900145,1.9866363189
48.7954902562,1.986636571
48.7954904985,1.986636822
48.7954907407,1.9866370742
48.7954909836,1.9866373241
48.7954912249,1.9866375764
48.7954914669,1.9866378273
48.7954917096,1.9866380787
48.7954919511,1.9866383287
48.7954921935,1.9866385826
48.7954924354,1.9866388342
48.7954926777,1.9866390837
48.7954929202,1.9866393371
48.795493162,1.9866395854
48.7954934043,1.9866398394
48.795493647,1.9866400901
48.7954938884,1.9866403409
48.7954941311,1.9866405922
48.7954943726,1.9866408428
48.7954946147,1.986641097
48.7954948549,1.9866413481
48.7954950966,1.9866416028
48.7954953382,1.9866418576
48.7954955778,1.9866421117
48.7954958179,1.9866423669
48.7954960593,1.9866426222
48.7954962982,1.9866428807
48.7954965388,1.9866431365
48.7954967788,1.9866433939
48.7954970194,1.9866436504
48.7954972605,1.9866439062
48.7954975015,1.9866441598
48.795497744,1.9866444139
48.7954979854,1.9866446694
48.7954982268,1.986644922
48.7954984705,1.9866451761
48.7954987136,1.986645428
48.7954989561,1.986645679
48.7954991996,1.9866459309
48.7954994431,1.9866461826
48.795499687,1.9866464348
48.7954999297,1.9866466847
48.7955001742,1.986646938
48.795500418,1.9866471905
48.7955006618,1.9866474426
48.7955009066,1.9866476967
48.7955011506,1.9866479485
48.7955013954,1.9866482037
48.7955016397,1.9866484575
48.7955018845,1.986648711
48.7955021293,1.986648968
48.795502375,1.9866492232
48.7955026217,1.9866494769
48.7955028691,1.9866497337
48.7955031164,1.9866499884
48.7955033638,1.9866502452
48.7955036094,1.9866505036
48.7955038562,1.98665076
48.7955041033,1.9866510173
48.7955043504,1.9866512751
48.7955046,1.986651534
48.7955048493,1.9866517918
48.7955050993,1.9866520492
48.7955053501,1.9866523072
48.7955056022,1.9866525648
48.7955058553,1.9866528207
48.7955061092,1.9866530779
48.7955063637,1.986653333
48.7955066189,1.9866535907
48.795506874,1.9866538464
48.7955071291,1.9866541036
48.7955073851,1.9866543621
48.7955076403,1.9866546198
48.795507895,1.986654879
48.7955081496,1.9866551379
48.7955084045,1.9866553977
48.7955086592,1.9866556589
48.7955089137,1.9866559197
48.7955091697,1.9866561825
48.7955094245,1.9866564439
48.7955096795,1.9866567047
48.7955099352,1.9866569674
48.7955101915,1.98665723
48.7955104477,1.9866574923
48.7955107043,1.9866577541
48.7955109615,1.9866580165
48.7955112183,1.9866582786
48.795511476,1.9866585406
48.7955117342,1.9866588034
48.7955119917,1.9866590649
48.7955122508,1.986659327
48.7955125098,1.9866595888
48.7955127683,1.9866598482
48.7955130275,1.9866601098
48.795513286,1.9866603686
48.7955135458,1.9866606313
48.7955138051,1.9866608921
48.7955140635,1.9866611519
48.7955143237,1.9866614149
48.795514583,1.9866616757
48.795514843,1.9866619397
48.7955151019,1.9866622028
48.7955153613,1.9866624666
48.7955156212,1.986662733
48.7955158797,1.9866629993
48.7955161398,1.9866632658
48.7955163993,1.9866635347
48.7955166581,1.9866638042
48.7955169176,1.9866640745
48.7955171776,1.9866643435
48.7955174378,1.9866646154
48.7955176979,1.9866648864
48.7955179583,1.9866651587
48.7955182198,1.9866654305
48.7955184814,1.9866657011
48.7955187443,1.9866659721
48.795519006,1.9866662444
48.7955192697,1.9866665153
48.7955195331,1.9866667876
48.7955197967,1.9866670602
48.7955200618,1.986667332
48.7955203269,1.9866676042
48.7955205925,1.9866678768
48.7955208588,1.986668149
48.795521125,1.9866684208
48.7955213922,1.9866686932
48.7955216603,1.9866689657
48.7955219286,1.9866692384
48.7955221979,1.9866695118
48.7955224676,1.9866697855
48.7955227353,1.9866700589
48.7955230044,1.9866703343
48.795523274,1.9866706065
48.7955235412,1.9866708808
48.7955238108,1.9866711587
48.7955240803,1.9866714371
48.7955243491,1.9866717158
48.795524617,1.9866719934
48.7955248865,1.9866722725
48.7955251547,1.9866725485
48.7955254257,1.9866728232
48.795525697,1.986673098
48.7955259708,1.9866733724
48.7955262431,1.9866736446
48.7955265168,1.9866739167
48.795526791,1.9866741915
48.7955270647,1.9866744625
48.7955273395,1.9866747375
48.7955276147,1.9866750109
48.7955278894,1.9866752854
48.7955281652,1.9866755602
48.7955284396,1.9866758386
48.795528715,1.9866761134
48.7955289915,1.9866763896
48.7955292663,1.9866766698
48.795529542,1.9866769475
48.7955298186,1.9866772285
48.7955300942,1.9866775071
48.7955303713,1.9866777864
48.7955306477,1.9866780666
48.795530924,1.9866783465
48.7955312011,1.9866786279
48.7955314776,1.986678908
48.7955317562,1.9866791896
48.795532033,1.98667947
48.7955323086,1.9866797481
48.7955325846,1.986680031
48.79553286,1.9866803097
48.7955331357,1.9866805921
48.7955334127,1.9866808724
48.7955336893,1.9866811551
48.795533966,1.9866814362
48.7955342429,1.9866817185
48.7955345208,1.9866820021
48.7955347976,1.9866822837
48.7955350764,1.9866825679
48.7955353541,1.9866828505
48.7955356334,1.9866831339
48.7955359127,1.9866834174
48.7955361918,1.9866836998
48.7955364726,1.9866839833
48.7955367528,1.9866842663
48.7955370349,1.98668455
48.7955373154,1.9866848329
48.7955375974,1.9866851167
48.79553788,1.9866854001
48.7955381633,1.9866856838
48.7955384465,1.9866859685
48.7955387298,1.9866862517
48.795539014,1.9866865376
48.7955392984,1.9866868208
48.7955395833,1.9866871079
48.7955398681,1.9866873933
48.7955401536,1.9866876807
48.7955404393,1.9866879688
48.7955407247,1.9866882565
48.7955410106,1.9866885468
48.7955412964,1.9866888359
48.7955415831,1.9866891265
48.7955418689,1.9866894174
48.7955421558,1.9866897092
48.7955424423,1.9866900018
48.7955427295,1.9866902948
48.7955430173,1.9866905885
48.7955433043,1.9866908832
48.7955435932,1.9866911781
48.7955438844,1.9866914693
48.7955441719,1.9866917685
48.7955444611,1.9866920622
48.7955447503,1.9866923544
48.7955450378,1.9866926486
48.7955453264,1.9866929438
48.7955456183,1.9866932334
48.7955459079,1.9866935255
48.7955461991,1.9866938138
48.7955464901,1.9866941045
48.7955467822,1.9866943968
48.7955470715,1.9866946853
48.7955473622,1.9866949734
48.7955476528,1.9866952625
48.7955479442,1.9866955521
48.7955482368,1.9866958426
48.795548531,1.9866961323
48.795548821,1.9866964216
48.7955491139,1.9866967112
48.7955494047,1.9866970018
48.795549699,1.9866972968
48.7955499892,1.986697591
48.7955502839,1.9866978882
48.7955505795,1.9866981846
48.7955508721,1.986698474
48.7955511649,1.986698768
48.7955514562,1.9866990604
48.7955517497,1.9866993592
48.7955520449,1.9866996585
48.7955523402,1.9866999575
48.7955526371,1.9867002602
48.7955529313,1.9867005515
48.7955532271,1.9867008439
48.7955535208,1.9867011405
48.7955538136,1.9867014329
48.7955541105,1.9867017322
48.7955544072,1.9867020312
48.795554704,1.9867023293
48.795554998,1.986702627
48.7955552941,1.9867029236
48.7955555901,1.9867032239
48.7955558839,1.9867035241
48.7955561787,1.9867038271
48.7955564734,1.9867041273
48.7955567693,1.9867044329
48.7955570656,1.9867047374
48.7955573601,1.9867050413
48.7955576551,1.9867053466
48.7955579516,1.9867056532
48.7955582475,1.9867059585
48.7955585416,1.9867062624
48.7955588378,1.9867065684
48.795559134,1.986706875
48.7955594308,1.9867071822
48.7955597275,1.9867074869
48.7955600249,1.9867077948
48.7955603215,1.9867081008
48.7955606195,1.9867084059
48.7955609164,1.9867087136
48.7955612138,1.9867090211
48.7955615104,1.9867093314
48.7955618079,1.9867096407
48.795562105,1.9867099504
48.7955624029,1.9867102611
48.7955627012,1.9867105707
48.7955629977,1.9867108814
48.7955632965,1.9867111903
48.7955635943,1.9867115
48.7955638918,1.9867118091
48.7955641903,1.9867121196
48.7955644886,1.9867124276
48.7955647875,1.9867127376
48.7955650871,1.9867130436
48.7955653862,1.9867133519
48.795565686,1.9867136584
48.7955659858,1.9867139666
48.7955662865,1.9867142718
48.7955665862,1.9867145783
48.7955668861,1.9867148862
48.7955671863,1.986715192
48.7955674869,1.9867154983
48.7955677879,1.9867158046
48.7955680877,1.9867161115
48.7955683891,1.9867164186
48.7955686895,1.9867167263
48.7955689906,1.9867170328
48.7955692925,1.986717339
48.7955695943,1.9867176447
48.7955698949,1.9867179543
48.7955701984,1.9867182613
48.795570499,1.9867185669
48.7955707988,1.986718868
48.7955711013,1.9867191758
48.7955714042,1.9867194842
48.7955717084,1.9867197832
48.7955720128,1.9867200929
48.7955723163,1.986720405
48.7955726199,1.9867207133
48.7955729221,1.986721019
48.7955732198,1.9867213206
48.7955735207,1.9867216284
48.7955738239,1.9867219367
48.7955741271,1.9867222389
48.795574429,1.986722553
48.7955747306,1.9867228637
48.7955750308,1.986723172
48.7955753277,1.9867234766
48.7955756236,1.986723784
48.7955759227,1.986724093
48.7955762188,1.9867243997
48.7955765145,1.9867247049
48.7955768125,1.9867250159
48.7955771117,1.9867253278
48.7955774063,1.9867256346
48.7955776988,1.9867259423
48.7955779963,1.9867262535
48.7955782914,1.9867265619
48.7955785855,1.9867268696
48.7955788809,1.9867271791
48.7955791761,1.9867274868
48.7955794717,1.9867277943
48.7955797682,1.9867281017
48.7955800635,1.9867284108
48.795580358,1.9867287183
48.7955806537,1.9867290278
48.7955809485,1.9867293372
48.795581243,1.9867296459
48.7955815377,1.9867299558
48.7955818323,1.9867302654
48.7955821274,1.9867305764
48.7955824226,1.9867308877
48.7955827175,1.9867311994
48.7955830118,1.9867315108
48.7955833067,1.9867318223
48.7955836015,1.9867321336
48.795583896,1.9867324453
48.7955841911,1.9867327571
48.7955844864,1.9867330707
48.7955847812,1.9867333826
48.795585076,1.9867336945
48.7955853712,1.9867340062
48.7955856662,1.9867343174
48.7955859617,1.9867346293
48.7955862566,1.9867349399
48.7955865521,1.9867352508
48.7955868472,1.9867355608
48.7955871429,1.9867358706
48.7955874381,1.9867361794
48.7955877335,1.9867364881
48.7955880289,1.9867367964
48.7955886203,1.9867374118
48.7955889153,1.9867377176
48.7955892109,1.9867380237
48.7955895068,1.9867383295
48.7955898021,1.9867386348
48.795590098,1.9867389396
48.7955903928,1.9867392447
48.7955906886,1.9867395499
48.7955909837,1.9867398554
48.795591279,1.9867401603
48.7955915742,1.986740466
48.7955918688,1.9867407711
48.7955921638,1.9867410779
48.7955924578,1.9867413841
48.7955927519,1.9867416902
48.7955930457,1.9867419986
48.7955933391,1.9867423044
48.7955936326,1.9867426117
48.7955939253,1.9867429189
48.7955942183,1.9867432256
48.7955945112,1.9867435335
48.7955948039,1.9867438402
48.7955950969,1.9867441479
48.7955953895,1.9867444541
48.795595682,1.9867447604
48.7955959746,1.986745067
48.7955962665,1.9867453745
48.7955965582,1.9867456832
48.7955968499,1.9867459906
48.7955971415,1.9867462992
48.7955974325,1.986746608
48.7955977239,1.9867469173
48.7955980149,1.9867472264
48.7955983062,1.9867475359
48.7955985975,1.9867478456
48.795598889,1.9867481542
48.7955991804,1.986748463
48.7955994724,1.9867487722
48.795599764,1.9867490807
48.7956000553,1.9867493891
48.7956003465,1.9867496969
48.7956006377,1.9867500053
48.7956009287,1.9867503137
48.7956012196,1.9867506223
48.7956015101,1.9867509305
48.7956018009,1.9867512389
48.7956020911,1.9867515492
48.795602381,1.9867518578
48.7956026707,1.9867521674
48.7956029603,1.9867524775
48.7956032498,1.9867527863
48.7956035393,1.9867530976
48.7956038281,1.986753408
48.7956041181,1.9867537169
48.7956044065,1.986754027
48.7956046959,1.9867543349
48.795604984,1.9867546451
48.795605273,1.9867549536
48.7956055617,1.9867552613
48.7956058511,1.9867555688
48.7956061397,1.9867558757
48.7956064285,1.9867561817
48.7956067179,1.9867564877
48.7956070069,1.9867567921
48.7956072949,1.9867570974
48.7956075841,1.9867574013
48.7956078715,1.9867577051
48.79560816,1.9867580095
48.7956084472,1.9867583123
48.7956087348,1.9867586157
48.7956090221,1.9867589186
48.7956093094,1.986759221
48.7956095961,1.9867595244
48.7956098828,1.9867598259
48.7956101697,1.9867601281
48.7956104566,1.9867604289
48.7956107423,1.9867607316
48.7956110292,1.9867610322
48.7956113141,1.986761335
48.7956115996,1.9867616374
48.7956118856,1.9867619395
48.7956121703,1.9867622417
48.7956124552,1.9867625442
48.7956127407,1.9867628472
48.7956130276,1.986763152
48.7956133094,1.9867634518
48.7956135947,1.9867637537
48.7956138787,1.9867640571
48.7956141607,1.9867643586
48.7956144457,1.9867646636
48.7956147297,1.9867649675
48.795615015,1.986765273
48.7956152964,1.9867655761
48.7956155791,1.9867658801
48.7956158635,1.9867661865
48.795616147,1.9867664896
48.7956164298,1.9867667936
48.7956167125,1.9867670964
48.7956169937,1.9867674017
48.7956172772,1.9867677049
48.7956175606,1.9867680106
48.7956178431,1.9867683139
48.7956181248,1.9867686171
48.7956184064,1.9867689204
48.7956186887,1.9867692247
48.7956189706,1.9867695287
48.7956192519,1.9867698326
48.795619534,1.9867701351
48.7956198154,1.9867704386
48.7956200962,1.9867707404
48.7956203773,1.9867710425
48.7956206583,1.9867713445
48.7956209394,1.9867716452
48.7956212202,1.9867719475
48.7956215017,1.9867722481
48.795621782,1.9867725481
48.7956220635,1.9867728477
48.7956223452,1.9867731493
48.7956226251,1.9867734485
48.795622906,1.9867737485
48.7956231875,1.986774049
48.7956234673,1.9867743486
48.795623748,1.9867746485
48.795624029,1.9867749487
48.7956243093,1.9867752491
48.79562459,1.9867755499
48.7956248702,1.9867758489
48.7956251505,1.9867761499
48.7956254307,1.9867764505
48.7956257105,1.9867767498
48.7956259896,1.9867770515
48.7956262692,1.986777351
48.7956265491,1.9867776525
48.7956268276,1.9867779527
48.7956271062,1.9867782539
48.7956273852,1.9867785546
48.7956276634,1.9867788559
48.7956279424,1.9867791568
48.7956282205,1.9867794561
48.7956284993,1.9867797575
48.7956287767,1.9867800575
48.7956290548,1.9867803577
48.795629333,1.9867806588
48.7956296107,1.9867809587
48.7956298882,1.9867812596
48.7956301661,1.9867815586
48.7956304434,1.9867818593
48.795630721,1.9867821596
48.7956309974,1.9867824593
48.7956312749,1.9867827592
48.7956315515,1.9867830592
48.7956318279,1.9867833595
48.7956321041,1.9867836589
48.79563238,1.9867839589
48.7956326557,1.9867842594
48.7956329311,1.9867845588
48.7956332065,1.9867848593
48.795633481,1.9867851578
48.7956337564,1.98678546
48.7956340332,1.9867857607
48.795634307,1.9867860604
48.7956345809,1.9867863587
48.795634855,1.9867866574
48.7956351264,1.986786959
48.7956353982,1.9867872576
48.7956356706,1.9867875554
48.7956359439,1.9867878559
48.7956362179,1.9867881571
48.7956364916,1.986788457
48.7956367655,1.986788755
48.7956370401,1.9867890577
48.7956373141,1.9867893551
48.7956375879,1.9867896541
48.795637862,1.9867899546
48.7956381354,1.9867902534
48.7956384082,1.9867905474
48.7956386835,1.9867908465
48.7956389599,1.9867911439
48.7956392339,1.9867914415
48.7956395065,1.9867917383
48.7956397817,1.9867920358
48.7956400564,1.9867923333
48.7956403287,1.9867926285
48.795640602,1.9867929268
48.7956408755,1.986793224
48.7956411486,1.9867935198
48.7956414222,1.9867938165
48.7956416951,1.9867941148
48.7956419678,1.9867944111
48.7956422407,1.9867947084
48.7956425134,1.9867950052
48.7956427851,1.9867953028
48.7956430571,1.9867955998
48.7956433293,1.9867958976
48.7956436011,1.9867961927
48.7956438728,1.9867964913
48.7956441444,1.9867967872
48.7956444154,1.9867970836
48.7956446878,1.9867973803
48.795644959,1.9867976767
48.7956452302,1.9867979729
48.7956455015,1.9867982684
48.7956457732,1.9867985655
48.7956460435,1.9867988618
48.7956463138,1.9867991585
48.7956465851,1.986799454
48.7956468559,1.9867997502
48.7956471259,1.9868000456
48.7956473967,1.9868003421
48.7956476682,1.986800639
48.7956479396,1.9868009347
48.7956482115,1.9868012327
48.7956484828,1.9868015287
48.7956487548,1.986801826
48.7956490253,1.9868021217
48.7956492963,1.9868024195
48.7956495675,1.9868027147
48.7956498386,1.9868030104
48.7956501101,1.9868033059
48.7956503809,1.9868036022
48.7956506513,1.9868038976
48.7956509228,1.986804193
48.795651194,1.9868044883
48.7956514647,1.9868047825
48.7956517359,1.986805079
48.795652007,1.9868053726
48.7956522776,1.986805668
48.7956525479,1.9868059629
48.7956528182,1.9868062581
48.7956530883,1.9868065526
48.7956533584,1.986806848
48.7956536289,1.9868071428
48.7956538982,1.986807438
48.7956541683,1.9868077321
48.7956544383,1.9868080272
48.7956547078,1.9868083224
48.7956549779,1.9868086165
48.7956552471,1.9868089097
48.7956555175,1.9868092036
48.7956557875,1.9868094984
48.7956560568,1.9868097911
48.7956563268,1.9868100845
48.7956565968,1.9868103787
48.7956568662,1.9868106715
48.7956571357,1.9868109656
48.7956574052,1.9868112586
48.7956576744,1.9868115529
48.7956579438,1.9868118467
48.7956582126,1.9868121404
48.7956584829,1.9868124336
48.7956587517,1.986812728
48.7956590212,1.9868130205
48.7956592906,1.9868133152
48.7956595596,1.9868136088
48.7956598297,1.986813903
48.7956600987,1.9868141968
48.7956603682,1.9868144916
48.7956606373,1.9868147856
48.7956609064,1.9868150813
48.795661176,1.9868153761
48.7956614451,1.9868156705
48.7956617148,1.9868159664
48.7956619842,1.9868162616
48.7956622532,1.9868165565
48.7956625222,1.9868168522
48.7956627925,1.9868171474
48.7956630619,1.9868174423
48.7956633311,1.9868177385
48.7956636009,1.9868180329
48.7956638702,1.986818328
48.7956641406,1.9868186242
48.7956644103,1.9868189196
48.7956646804,1.9868192129
48.7956649512,1.9868195077
48.7956652221,1.9868198045
48.7956654922,1.9868200964
48.7956657633,1.986820391
48.7956660345,1.9868206865
48.7956663051,1.9868209804
48.7956665764,1.9868212732
48.7956668469,1.9868215678
48.7956671183,1.9868218639
48.7956673892,1.98682216
48.79566766,1.9868224553
48.7956679308,1.9868227506
48.7956682021,1.9868230469
48.795668473,1.9868233433
48.7956687439,1.9868236394
48.7956690152,1.9868239356
48.7956692864,1.9868242318
48.7956695587,1.9868245287
48.7956698304,1.9868248249
48.7956701016,1.9868251191
48.7956703748,1.9868254152
48.7956706466,1.9868257105
48.7956709188,1.9868260061
48.7956711914,1.9868263016
48.7956714644,1.9868265973
48.7956717369,1.9868268935
48.7956720089,1.9868271903
48.7956722815,1.9868274866
48.7956725543,1.9868277821
48.7956728279,1.9868280783
48.7956731005,1.986828375
48.7956733734,1.9868286716
48.7956736473,1.9868289689
48.7956739203,1.9868292662
48.7956741936,1.9868295618
48.7956744666,1.9868298582
48.7956747401,1.9868301533
48.795675013,1.9868304516
48.795675286,1.9868307478
48.795675559,1.9868310445
48.7956758327,1.9868313425
48.7956761057,1.9868316404
48.7956763794,1.9868319385
48.7956766524,1.9868322359
48.7956769267,1.986832534
48.7956772005,1.9868328325
48.7956774741,1.9868331315
48.7956777483,1.9868334294
48.7956780224,1.9868337284
48.7956782963,1.9868340261
48.7956785707,1.9868343246
48.7956788451,1.986834624
48.7956791193,1.9868349229
48.7956793939,1.9868352226
48.795679668,1.9868355207
48.795679943,1.9868358202
48.7956802181,1.9868361194
48.7956804927,1.9868364179
48.7956807681,1.9868367164
48.7956810438,1.986837015
48.7956813197,1.9868373157
48.7956815949,1.986837614
48.7956818699,1.9868379135
48.7956821467,1.9868382126
48.7956824227,1.9868385122
48.7956826988,1.9868388126
48.7956829742,1.9868391129
48.7956832503,1.9868394131
48.7956835267,1.9868397144
48.7956838032,1.986840015
48.7956840799,1.9868403146
48.7956843571,1.9868406166
48.7956846341,1.9868409159
48.7956849117,1.9868412159
48.7956851894,1.9868415169
48.7956854676,1.9868418153
48.7956857455,1.9868421162
48.7956860237,1.9868424154
48.7956863023,1.9868427158
48.7956865808,1.9868430159
48.7956868586,1.9868433174
48.7956871368,1.9868436172
48.7956874151,1.9868439197
48.7956876934,1.9868442206
48.7956879717,1.9868445242
48.7956882493,1.9868448243
48.7956885278,1.9868451277
48.7956888063,1.9868454313
48.7956890842,1.9868457316
48.7956893634,1.9868460341
48.7956896417,1.9868463361
48.7956899215,1.9868466386
48.7956902002,1.9868469408
48.79569048,1.9868472408
48.79569076,1.9868475438
48.7956910398,1.9868478444
48.7956913195,1.9868481452
48.7956915995,1.9868484455
48.7956918799,1.9868487481
48.7956921607,1.9868490503
48.7956924405,1.9868493515
48.7956927208,1.9868496551
48.7956930011,1.9868499568
48.795693282,1.986850261
48.7956935619,1.9868505641
48.7956938426,1.9868508685
48.7956941232,1.9868511723
48.7956944041,1.9868514764
48.7956946849,1.9868517817
48.7956949659,1.9868520851
48.7956952471,1.9868523894
48.7956955295,1.9868526923
48.7956958109,1.9868529961
48.7956960919,1.9868533005
48.795696374,1.9868536043
48.7956966567,1.9868539083
48.7956969388,1.9868542125
48.7956972207,1.9868545168
48.7956975026,1.986854822
48.7956977852,1.9868551265
48.7956980675,1.9868554328
48.7956983495,1.9868557371
48.7956986321,1.986856043
48.7956989142,1.9868563495
48.7956991965,1.9868566561
48.7956994795,1.9868569615
48.7956997622,1.9868572675
48.7957000448,1.9868575728
48.7957003282,1.986857879
48.7957006108,1.9868581856
48.7957008946,1.9868584897
48.7957011779,1.9868587959
48.7957014619,1.9868591009
48.7957017457,1.9868594067
48.7957020283,1.986859712
48.7957023109,1.9868600194
48.7957025939,1.9868603246
48.7957028757,1.9868606309
48.7957031579,1.9868609378
48.7957034403,1.9868612442
48.7957037227,1.9868615511
48.7957040065,1.9868618578
48.7957042887,1.9868621657
48.7957045713,1.9868624714
48.7957048551,1.9868627792
48.7957051381,1.986863085
48.7957054217,1.9868633916
48.7957057054,1.9868636989
48.7957059891,1.9868640047
48.795706273,1.986864311
48.7957065572,1.9868646177
48.7957068413,1.986864925
48.7957071245,1.9868652322
48.7957074095,1.9868655392
48.7957076926,1.9868658473
48.7957079768,1.9868661548
48.7957082608,1.9868664628
48.7957085447,1.9868667712
48.7957088286,1.9868670791
48.7957091136,1.9868673879
48.795709397,1.9868676959
48.7957096817,1.9868680041
48.7957099663,1.9868683128
48.7957102513,1.986868621
48.7957105363,1.9868689291
48.7957108212,1.9868692362
48.7957111061,1.9868695453
48.7957113923,1.9868698529
48.7957116775,1.9868701612
48.7957119634,1.9868704688
48.7957122492,1.9868707773
48.7957125351,1.9868710848
48.7957128211,1.9868713932
48.7957131076,1.9868717022
48.7957133929,1.9868720104
48.7957136792,1.98687232
48.7957139663,1.9868726296
48.7957142518,1.9868729392
48.7957145382,1.9868732485
48.7957148252,1.9868735578
48.795715112,1.9868738681
48.7957153982,1.9868741765
48.7957156861,1.9868744871
48.7957159726,1.9868747954
48.7957162602,1.9868751037
48.7957165481,1.9868754124
48.795716835,1.9868757212
48.7957171229,1.9868760295
48.7957174103,1.9868763381
48.7957176982,1.9868766463
48.7957179863,1.9868769557
48.7957182731,1.9868772647
48.7957185615,1.9868775732
48.7957188494,1.9868778842
48.795719137,1.986878193
48.7957194249,1.986878503
48.7957197128,1.9868788132
48.7957200016,1.986879125
48.7957202888,1.9868794355
48.7957205769,1.9868797466
48.7957208656,1.9868800573
48.7957211542,1.9868803673
48.7957214427,1.9868806772
48.795721731,1.9868809891
48.7957220204,1.9868812993
48.7957223089,1.9868816091
48.7957225984,1.9868819211
48.7957228881,1.9868822315
48.7957231764,1.9868825418
48.795723466,1.9868828538
48.7957237569,1.9868831646
48.7957240464,1.9868834752
48.7957243355,1.9868837868
48.7957246261,1.9868840983
48.7957249165,1.9868844096
48.7957252065,1.9868847217
48.7957254967,1.9868850337
48.795725788,1.9868853457
48.795726078,1.9868856561
48.7957263693,1.9868859683
48.7957266602,1.9868862799
48.7957269508,1.9868865913
48.7957272426,1.9868869036
48.7957275332,1.9868872151
48.7957278246,1.9868875272
48.7957281166,1.9868878403
48.7957284074,1.986888154
48.7957286987,1.986888468
48.7957289902,1.9868887809
48.7957292817,1.9868890939
48.7957295744,1.9868894072
48.7957298658,1.9868897209
48.7957301586,1.9868900327
48.7957304509,1.9868903458
48.7957307435,1.9868906582
48.7957310378,1.9868909718
48.7957313313,1.986891284
48.7957316262,1.9868915976
48.7957319203,1.9868919121
48.7957322149,1.9868922247
48.7957325089,1.9868925383
48.7957328036,1.9868928508
48.7957330988,1.9868931656
48.7957333927,1.98689348
48.7957336872,1.9868937943
48.7957339821,1.9868941081
48.7957342779,1.9868944243
48.7957345716,1.9868947378
48.7957348661,1.986895053
48.7957351621,1.9868953694
48.7957354571,1.9868956841
48.7957357515,1.9868960001
48.7957360471,1.9868963153
48.7957363419,1.9868966316
48.7957366383,1.9868969476
48.7957369343,1.9868972638
48.795737229,1.9868975791
48.7957375249,1.9868978958
48.795737821,1.9868982125
48.7957381167,1.9868985282
48.7957384136,1.9868988429
48.7957387101,1.986899159
48.795739007,1.9868994741
48.7957393044,1.9868997906
48.7957396017,1.9869001046
48.7957398987,1.986900421
48.7957401967,1.9869007362
48.7957404945,1.9869010529
48.7957407915,1.9869013689
48.7957410897,1.986901685
48.7957413887,1.9869020017
48.7957416861,1.9869023174
48.795741984,1.9869026355
48.7957422822,1.9869029528
48.7957425805,1.9869032693
48.7957428783,1.9869035873
48.7957431768,1.9869039057
48.7957434752,1.9869042243
48.7957437727,1.9869045439
48.7957440713,1.9869048615
48.7957443699,1.9869051804
48.7957446694,1.9869054995
48.7957449686,1.986905818
48.7957452678,1.9869061364
48.7957455678,1.9869064551
48.7957458683,1.9869067721
48.7957461688,1.9869070909
48.7957464691,1.9869074079
48.7957467693,1.9869077266
48.7957470704,1.9869080426
48.7957473713,1.9869083622
48.7957476721,1.98690868
48.7957479726,1.9869089967
48.7957482737,1.9869093165
48.795748575,1.9869096348
48.7957488756,1.986909954
48.7957491765,1.9869102728
48.7957494787,1.9869105923
48.7957497799,1.9869109107
48.7957500815,1.9869112309
48.795750383,1.9869115495
48.7957506858,1.9869118685
48.7957509876,1.9869121875
48.7957512909,1.9869125058
48.795751593,1.9869128243
48.7957518954,1.9869131425
48.7957521988,1.9869134622
48.7957525015,1.9869137816
48.7957528046,1.9869141011
48.7957531083,1.9869144194
48.7957534108,1.9869147403
48.7957537138,1.9869150617
48.795754017,1.9869153831
48.7957543197,1.9869157039
48.7957546235,1.9869160275
48.7957549263,1.9869163499
48.7957552302,1.9869166728
48.7957555328,1.9869169966
48.7957558372,1.9869173195
48.7957561407,1.9869176425
48.7957564444,1.9869179654
48.7957567489,1.986918288
48.7957570528,1.9869186094
48.7957573575,1.9869189326
48.795757662,1.9869192546
48.7957579673,1.9869195763
48.7957582712,1.9869198996
48.795758576,1.9869202206
48.7957588813,1.9869205445
48.7957591857,1.9869208675
48.7957594911,1.9869211916
48.7957597958,1.9869215128
48.7957601018,1.9869218366
48.7957604068,1.9869221608
48.795760712,1.9869224841
48.7957610161,1.9869228087
48.7957613211,1.9869231324
48.7957616257,1.9869234569
48.7957619309,1.9869237803
48.7957622364,1.9869241052
48.7957625419,1.9869244295
48.7957628476,1.9869247527
48.7957631534,1.9869250769
48.7957634594,1.9869254012
48.7957637652,1.9869257261
48.7957640714,1.9869260512
48.7957643778,1.9869263762
48.795764684,1.9869267011
48.79576499,1.9869270274
48.7957652961,1.9869273528
48.7957656028,1.9869276782
48.7957659088,1.9869280042
48.7957662151,1.9869283312
48.7957665217,1.9869286577
48.7957668286,1.9869289853
48.7957671353,1.9869293105
48.7957674418,1.9869296381
48.7957677487,1.9869299653
48.7957680563,1.9869302918
48.7957683636,1.9869306191
48.7957686715,1.9869309457
48.7957689794,1.9869312725
48.795769288,1.9869315992
48.7957695968,1.9869319252
48.7957699063,1.9869322526
48.7957702156,1.9869325784
48.7957705253,1.9869329061
48.7957708347,1.9869332314
48.7957711457,1.9869335585
48.7957714556,1.9869338857
48.7957717668,1.986934212
48.7957720772,1.9869345389
48.7957723886,1.9869348652
48.795772699,1.9869351938
48.7957730101,1.9869355214
48.7957733209,1.9869358506
48.7957736327,1.9869361792
48.7957739431,1.9869365089
48.7957742541,1.9869368388
48.7957745647,1.9869371722
48.7957748754,1.9869375021
48.7957751867,1.9869378354
48.7957754979,1.9869381662
48.795775809,1.9869384988
48.7957761199,1.9869388314
48.7957764316,1.9869391636
48.7957767432,1.9869394957
48.7957770554,1.986939826
48.7957773671,1.9869401574
48.7957776805,1.9869404898
48.7957779922,1.9869408196
48.7957783049,1.9869411509
48.7957786181,1.9869414817
48.7957789303,1.9869418123
48.7957792436,1.9869421438
48.7957795566,1.9869424753
48.7957798694,1.9869428067
48.7957801821,1.9869431383
48.7957804953,1.9869434703
48.7957808079,1.9869438014
48.7957811217,1.9869441338
48.7957814346,1.986944466
48.7957817481,1.9869447976
48.7957820617,1.986945128
48.795782376,1.9869454613
48.7957826896,1.9869457922
48.7957830036,1.9869461246
48.7957833184,1.9869464557
48.7957836331,1.9869467878
48.7957839476,1.9869471208
48.7957842623,1.986947452
48.7957845788,1.9869477857
48.7957848937,1.9869481181
48.7957852093,1.9869484524
48.7957855252,1.9869487858
48.7957858416,1.9869491197
48.7957861581,1.9869494546
48.7957864753,1.9869497875
48.7957867916,1.9869501217
48.7957871095,1.9869504551
48.7957874265,1.9869507888
48.7957877447,1.986951125
48.7957880618,1.98695146
48.7957883798,1.9869517935
48.795788698,1.9869521303
48.7957890152,1.986952467
48.7957893323,1.9869528036
48.7957896502,1.9869531404
48.7957899688,1.9869534773
48.7957902874,1.9869538142
48.7957906054,1.9869541497
48.7957909251,1.9869544865
48.7957912446,1.9869548222
48.795791564,1.9869551576
48.7957918843,1.9869554928
48.7957922079,1.9869558282
48.7957925315,1.9869561641
48.7957928549,1.9869565003
48.7957931782,1.9869568366
48.7957935017,1.9869571731
48.7957938253,1.9869575099
48.7957941485,1.9869578485
48.7957944715,1.9869581876
48.7957947947,1.9869585266
48.7957951186,1.9869588654
48.7957954417,1.9869592063
48.795795765,1.9869595459
48.7957960881,1.9869598884
48.7957964118,1.9869602291
48.7957967348,1.98696057
48.7957970583,1.9869609117
48.7957973817,1.9869612541
48.7957977056,1.9869615958
48.7957980298,1.9869619364
48.7957983532,1.9869622766
48.7957986785,1.9869626181
48.7957990028,1.9869629589
48.7957993275,1.9869632984
48.7957996525,1.9869636384
48.7957999776,1.9869639784
48.7958003025,1.9869643166
48.7958006281,1.9869646555
48.7958009539,1.9869649944
48.7958012799,1.9869653324
48.7958016062,1.9869656701
48.795801933,1.986966007
48.7958022601,1.9869663443
48.795802587,1.9869666814
48.7958029143,1.9869670181
48.7958032413,1.9869673566
48.7958035688,1.9869676943
48.7958038953,1.9869680327
48.7958042224,1.9869683721
48.7958045491,1.9869687117
48.7958048754,1.9869690513
48.7958052017,1.9869693918
48.795805528,1.9869697317
48.7958058538,1.9869700717
48.7958061806,1.9869704119
48.7958065079,1.9869707516
48.7958068343,1.9869710924
48.795807161,1.9869714311
48.7958074881,1.986971771
48.7958078157,1.9869721101
48.795808143,1.9869724501
48.7958084706,1.9869727898
48.7958087984,1.9869731304
48.7958091258,1.9869734717
48.7958094534,1.9869738127
48.7958097809,1.9869741547
48.7958101083,1.9869744968
48.7958104357,1.9869748395
48.7958107626,1.986975182
48.7958110912,1.986975526
48.7958114185,1.9869758685
48.7958117452,1.9869762115
48.7958120734,1.9869765567
48.7958124002,1.9869768994
48.7958127286,1.9869772423
48.7958130562,1.9869775868
48.7958133835,1.9869779297
48.7958137122,1.9869782734
48.7958140396,1.986978617
48.7958143684,1.9869789619
48.7958146953,1.9869793058
48.7958150244,1.9869796487
48.7958153518,1.9869799938
48.7958156805,1.9869803375
48.7958160091,1.9869806816
48.7958163372,1.9869810247
48.795816666,1.9869813698
48.7958169942,1.9869817135
48.7958173226,1.9869820569
48.7958176523,1.9869824006
48.7958179811,1.9869827441
48.7958183094,1.9869830877
48.7958186394,1.9869834331
48.7958189675,1.9869837767
48.7958192964,1.9869841201
48.7958196258,1.9869844645
48.7958199545,1.986984808
48.7958202833,1.9869851534
48.795820612,1.9869854972
48.7958209417,1.986985843
48.7958212706,1.9869861865
48.7958215997,1.9869865294
48.79582193,1.986986873
48.7958222598,1.9869872159
48.7958225904,1.9869875588
48.7958229193,1.9869878995
48.795823249,1.9869882413
48.7958235807,1.9869885829
48.7958239105,1.9869889251
48.7958242408,1.9869892669
48.7958245706,1.9869896089
48.7958248994,1.9869899507
48.795825228,1.9869902926
48.795825557,1.9869906371
48.7958258864,1.9869909791
48.7958262141,1.9869913218
48.795826543,1.9869916651
48.7958268715,1.9869920082
48.7958271998,1.9869923517
48.7958275285,1.9869926955
48.7958278564,1.9869930374
48.795828185,1.9869933807
48.7958285138,1.9869937244
48.7958288412,1.9869940674
48.7958291693,1.9869944107
48.7958294987,1.9869947527
48.7958298269,1.9869950955
48.7958301549,1.9869954387
48.7958304829,1.9869957808
48.7958308122,1.9869961256
48.7958311401,1.9869964687
48.7958314694,1.9869968104
48.7958317974,1.9869971555
48.7958321257,1.9869974991
48.7958324545,1.9869978433
48.7958327825,1.9869981867
48.7958331115,1.9869985324
48.7958334395,1.9869988766
48.7958337679,1.986999221
48.7958340961,1.9869995676
48.795834425,1.9869999125
48.7958347517,1.9870002569
48.795835081,1.9870006018
48.7958354092,1.9870009486
48.7958357369,1.9870012933
48.7958360642,1.9870016385
48.7958363929,1.9870019844
48.7958367211,1.9870023301
48.795837049,1.9870026742
48.7958373769,1.9870030177
48.7958377056,1.9870033619
48.7958380343,1.987003706
48.7958383617,1.9870040492
48.7958386908,1.9870043922
48.7958390193,1.9870047366
48.7958393479,1.9870050793
48.7958396752,1.9870054217
48.7958400043,1.9870057671
48.7958403319,1.9870061093
48.7958406598,1.9870064535
48.7958409874,1.9870067979
48.7958413144,1.9870071417
48.7958416429,1.9870074874
48.7958419697,1.9870078315
48.7958422978,1.9870081777
48.7958426244,1.987008522
48.7958429523,1.9870088661
48.7958432801,1.9870092106
48.7958436079,1.9870095549
48.7958439353,1.9870098993
48.7958442622,1.9870102434
48.7958445904,1.9870105871
48.7958449182,1.9870109317
48.7958452446,1.9870112747
48.7958455725,1.9870116196
48.7958459,1.987011964
48.7958462273,1.9870123084
48.7958465544,1.9870126525
48.795846882,1.9870129969
48.7958472099,1.9870133409
48.7958475373,1.9870136853
48.7958478645,1.9870140296
48.7958481918,1.9870143725
48.7958485199,1.9870147179
48.7958488463,1.9870150614
48.795849174,1.9870154065
48.7958495011,1.9870157513
48.7958498274,1.9870160958
48.7958501553,1.9870164401
48.7958504819,1.987016785
48.7958508085,1.9870171289
48.795851136,1.9870174737
48.7958514628,1.9870178182
48.7958517897,1.9870181618
48.7958521159,1.9870185073
48.7958524438,1.987018851
48.7958527698,1.9870191956
48.7958530972,1.98701954
48.7958534234,1.9870198846
48.7958537498,1.9870202275
48.7958540764,1.9870205731
48.7958544031,1.9870209171
48.7958550558,1.9870216046
48.7958553825,1.9870219501
48.7958557082,1.9870222941
48.7958560339,1.9870226387
48.7958563606,1.9870229843
48.7958566866,1.9870233293
48.7958570129,1.9870236736
48.7958573379,1.9870240195
48.7958576623,1.9870243642
48.795857986,1.9870247098
48.7958583111,1.9870250543
48.795858634,1.987025398
48.7958589579,1.9870257433
48.7958592822,1.987026087
48.7958596068,1.9870264301
48.7958599311,1.9870267749
48.7958602535,1.9870271191
48.7958605775,1.9870274633
48.7958609004,1.9870278075
48.7958612251,1.9870281531
48.795861546,1.9870284937
48.7958618642,1.9870288336
48.7958621822,1.9870291705
48.795862495,1.9870295081
48.7958628145,1.9870298508
48.7958631336,1.9870301927
48.7958634594,1.9870305402
48.7958637802,1.9870308804
48.7958640978,1.987031217
48.7958644177,1.987031554
48.7958647392,1.9870318914
48.7958650636,1.9870322337
48.795865387,1.9870325765
48.7958657047,1.9870329156
48.795866024,1.9870332561
48.7958663428,1.9870335957
48.7958666603,1.9870339374
48.7958669786,1.987034284
48.7958673013,1.987034628
48.7958676178,1.9870349715
48.7958679347,1.987035312
48.7958682508,1.9870356531
48.7958685697,1.9870359947
48.7958688883,1.9870363356
48.7958692087,1.9870366769
48.795869527,1.9870370172
48.7958698444,1.987037356
48.7958701631,1.9870376971
48.7958704814,1.9870380359
48.7958708007,1.9870383754
48.7958711201,1.9870387158
48.7958714379,1.9870390539
48.7958717572,1.9870393926
48.7958720768,1.9870397316
48.7958723952,1.9870400703
48.7958727131,1.9870404096
48.7958730327,1.987040749
48.795873349,1.9870410888
48.7958736663,1.9870414292
48.7958739833,1.9870417702
48.7958743006,1.9870421105
48.7958746182,1.9870424502
48.7958749357,1.987042792
48.7958752536,1.9870431308
48.7958755711,1.9870434717
48.7958758878,1.9870438087
48.7958762056,1.9870441488
48.7958765227,1.9870444887
48.7958768374,1.9870448254
48.7958771546,1.9870451658
48.7958774716,1.9870455039
48.7958777883,1.9870458441
48.7958781049,1.9870461818
48.7958784223,1.9870465232
48.7958787398,1.9870468611
48.7958790565,1.9870472019
48.7958793727,1.9870475401
48.7958796896,1.9870478797
48.795880006,1.9870482198
48.7958803216,1.9870485581
48.795880638,1.9870488984
48.795880954,1.987049237
48.79588127,1.9870495775
48.7958815848,1.9870499175
48.7958819016,1.9870502584
48.7958822176,1.9870505982
48.7958825318,1.9870509388
48.7958828412,1.9870512723
48.7958831451,1.9870516014
48.7958834481,1.9870519317
48.7958837611,1.9870522638
48.795884067,1.9870525891
48.7958843734,1.9870529063
48.7958846855,1.9870532537
48.7958849966,1.9870535896
48.7958853004,1.9870539149
48.7958856102,1.987054247
48.7958859167,1.987054578
48.7958862287,1.987054909
48.7958868548,1.9870555867
48.7958871682,1.987055931
48.7958874751,1.987056262
48.7958877842,1.9870565989
48.7958880932,1.9870569332
48.7958884052,1.9870572688
48.7958887184,1.9870576098
48.7958890283,1.9870579463
48.7958893349,1.9870582805
48.7958896436,1.9870586192
48.7958899549,1.9870589536
48.795890265,1.987059292
48.795890576,1.9870596274
48.7958908843,1.987059961
48.7958911932,1.9870602945
48.7958915051,1.9870606291
48.7958918144,1.9870609644
48.7958921227,1.987061296
48.7958924329,1.987061633
48.7958927437,1.987061966
48.7958930533,1.9870623002
48.7958933628,1.9870626338
48.7958936711,1.9870629675
48.7958939791,1.9870633005
48.7958942867,1.9870636336
48.7958945942,1.987063968
48.7958949025,1.9870643002
48.7958952101,1.9870646333
48.7958955182,1.9870649664
48.7958958266,1.9870652991
48.7958961338,1.9870656321
48.795896441,1.9870659633
48.795896748,1.9870662959
48.7958970544,1.987066627
48.7958973604,1.9870669583
48.7958976659,1.9870672898
48.7958979723,1.9870676218
48.7958982773,1.9870679541
48.7958985829,1.9870682866
48.7958988878,1.9870686186
48.7958991928,1.9870689511
48.7958994973,1.9870692842
48.7958998015,1.987069616
48.7959001051,1.9870699477
48.7959004084,1.9870702808
48.7959007128,1.9870706137
48.795901016,1.9870709452
48.7959013194,1.9870712781
48.7959016223,1.9870716095
48.7959019258,1.9870719423
48.7959022292,1.9870722726
48.7959025326,1.9870726053
48.7959028356,1.9870729361
48.7959031386,1.987073267
48.7959034421,1.9870735991
48.7959037446,1.9870739286
48.7959040471,1.9870742598
48.7959043506,1.98707459
48.7959046528,1.9870749208
48.7959049549,1.9870752519
48.7959052572,1.9870755826
48.7959055591,1.9870759149
48.795905861,1.9870762448
48.7959061625,1.9870765781
48.7959064648,1.9870769099
48.7959067667,1.9870772414
48.7959070694,1.9870775747
48.795907368,1.9870779031
48.7959076711,1.9870782345
48.7959079721,1.9870785649
48.7959082754,1.9870788943
48.7959085782,1.9870792271
48.795908882,1.9870795532
48.7959091837,1.987079885
48.7959094841,1.9870802081
48.7959097834,1.9870805344
48.7959100884,1.9870808607
48.7959103896,1.9870811928
48.7959106898,1.9870815258
48.7959109872,1.9870818584
48.7959112863,1.9870821946
48.7959115838,1.9870825277
48.7959118825,1.9870828602
48.7959121805,1.9870831924
48.7959124796,1.9870835257
48.7959127788,1.9870838597
48.7959130779,1.9870841927
48.7959133774,1.987084524
48.795913677,1.9870848531
48.795913978,1.9870851824
48.795914279,1.9870855118
48.7959145788,1.9870858387
48.7959148787,1.9870861666
48.7959151784,1.9870864938
48.7959154799,1.9870868215
48.7959157805,1.9870871491
48.7959160806,1.9870874751
48.7959163806,1.987087803
48.7959166803,1.9870881311
48.7959169804,1.9870884598
48.7959172799,1.987088788
48.7959175794,1.9870891168
48.7959178792,1.9870894467
48.7959181781,1.9870897751
48.7959184776,1.9870901048
48.7959187768,1.9870904337
48.7959190763,1.9870907628
48.7959193763,1.9870910924
48.7959196753,1.9870914191
48.795919974,1.9870917465
48.7959202728,1.987092073
48.7959205719,1.9870923996
48.7959208713,1.9870927258
48.7959211697,1.9870930508
48.7959214686,1.9870933784
48.7959217681,1.9870937046
48.7959220669,1.9870940313
48.7959223662,1.9870943572
48.7959226663,1.987094685
48.7959229646,1.9870950109
48.7959232636,1.9870953389
48.7959235627,1.987095666
48.7959238622,1.9870959933
48.7959241609,1.9870963214
48.7959244602,1.9870966493
48.7959247588,1.987096978
48.7959250565,1.9870973069
48.7959253549,1.9870976358
48.7959256528,1.9870979648
48.7959259501,1.9870982941
48.7959262478,1.987098623
48.7959265443,1.9870989511
48.7959268424,1.9870992805
48.795927141,1.9870996095
48.7959274379,1.987099937
48.7959277372,1.9871002671
48.7959280362,1.9871005959
48.7959283335,1.9871009238
48.795928632,1.9871012501
48.7959289309,1.9871015826
48.7959292324,1.9871019088
48.7959295293,1.9871022369
48.7959298301,1.9871025697
48.7959301301,1.9871028976
48.7959304255,1.9871032277
48.7959307222,1.9871035629
48.7959310172,1.9871038929
48.7959313129,1.9871042245
48.7959316071,1.9871045567
48.7959319034,1.9871048905
48.7959321998,1.9871052207
48.7959327923,1.9871058843
48.7959330896,1.9871062144
48.7959333841,1.987106546
48.7959336817,1.987106874
48.7959339787,1.987107203
48.7959342754,1.9871075281
48.7959345734,1.9871078554
48.7959348715,1.9871081843
48.7959351692,1.9871085089
48.7959354671,1.9871088378
48.7959357641,1.9871091651
48.7959360599,1.9871094921
48.7959363578,1.9871098197
48.7959366536,1.9871101475
48.7959369495,1.9871104744
48.7959372455,1.9871108033
48.7959375431,1.9871111295
48.7959378394,1.9871114582
48.7959381359,1.9871117856
48.795938433,1.9871121128
48.7959387303,1.9871124402
48.7959390264,1.9871127687
48.7959393239,1.987113097
48.7959396199,1.9871134239
48.7959399171,1.987113752
48.7959402135,1.98711408
48.7959405102,1.9871144079
48.7959408077,1.9871147375
48.7959411045,1.9871150638
48.7959414015,1.987115393
48.7959416987,1.9871157221
48.7959419949,1.9871160497
48.795942292,1.9871163775
48.7959425898,1.9871167077
48.7959428864,1.9871170355
48.7959431833,1.9871173639
48.795943481,1.9871176922
48.7959437775,1.9871180198
48.7959440743,1.9871183482
48.7959443709,1.9871186769
48.7959446679,1.9871190049
48.7959449643,1.9871193341
48.7959452607,1.9871196635
48.7959455567,1.9871199917
48.7959458537,1.9871203226
48.7959461498,1.9871206509
48.7959464459,1.9871209808
48.7959467417,1.9871213096
48.7959470382,1.9871216397
48.7959473342,1.9871219686
48.7959476306,1.9871222982
48.7959479273,1.9871226265
48.7959482236,1.9871229561
48.7959485199,1.987123286
48.7959488164,1.9871236135
48.795949113,1.9871239434
48.7959494103,1.9871242736
48.7959497078,1.9871246052
48.7959500045,1.987124935
48.7959503037,1.9871252675
48.7959506013,1.9871255979
48.7959508983,1.9871259283
48.7959511968,1.9871262592
48.7959514944,1.9871265913
48.7959517927,1.9871269214
48.7959520903,1.9871272545
48.7959523887,1.9871275873
48.7959526855,1.9871279191
48.7959529835,1.9871282515
48.7959532815,1.9871285811
48.7959535803,1.9871289125
48.7959538776,1.9871292442
48.7959541775,1.9871295731
48.7959544748,1.9871299035
48.7959547743,1.9871302329
48.7959550727,1.987130564
48.7959553704,1.987130894
48.7959556676,1.9871312262
48.7959559661,1.9871315573
48.7959562631,1.9871318906
48.7959565604,1.987132223
48.7959568565,1.9871325556
48.7959571538,1.9871328895
48.7959574504,1.9871332222
48.7959577477,1.9871335559
48.7959580438,1.9871338884
48.7959583416,1.9871342218
48.7959586383,1.987134555
48.7959589354,1.9871348869
48.795959232,1.9871352194
48.7959595296,1.9871355509
48.7959598267,1.9871358842
48.7959601236,1.9871362149
48.7959604207,1.9871365481
48.7959607177,1.9871368786
48.7959610148,1.9871372127
48.7959613114,1.9871375435
48.7959616083,1.9871378765
48.7959619051,1.9871382084
48.7959622019,1.987138541
48.7959624986,1.9871388742
48.7959627954,1.9871392067
48.7959630926,1.9871395409
48.7959633888,1.9871398743
48.795963686,1.9871402076
48.795963982,1.9871405405
48.7959642794,1.9871408747
48.7959645764,1.9871412077
48.7959648735,1.9871415402
48.7959651712,1.9871418735
48.7959654676,1.9871422045
48.7959657659,1.9871425384
48.7959660628,1.9871428702
48.7959663606,1.9871432035
48.7959666579,1.987143537
48.7959669556,1.9871438699
48.7959672531,1.9871442026
48.7959675507,1.9871445349
48.7959678477,1.9871448683
48.7959681454,1.9871452001
48.7959684434,1.9871455351
48.7959687417,1.9871458656
48.7959690402,1.9871461973
48.7959693379,1.9871465304
48.795969635,1.9871468637
48.7959699324,1.9871471967
48.7959702303,1.9871475308
48.7959705288,1.9871478642
48.7959708258,1.9871481972
48.7959711243,1.9871485311
48.7959714217,1.9871488652
48.7959717194,1.9871492004
48.795972017,1.9871495344
48.7959723141,1.9871498695
48.7959726116,1.9871502044
48.7959729098,1.9871505394
48.7959732077,1.987150875
48.7959735064,1.9871512105
48.7959738049,1.9871515462
48.7959741028,1.9871518787
48.7959744016,1.9871522134
48.7959747,1.987152547
48.7959749979,1.9871528803
48.7959752976,1.9871532129
48.7959755954,1.987153547
48.7959758937,1.9871538804
48.7959761922,1.9871542167
48.7959764893,1.9871545515
48.7959767872,1.9871548854
48.7959770846,1.9871552232
48.7959773818,1.987155558
48.7959776788,1.9871558939
48.7959779762,1.9871562314
48.795978273,1.9871565679
48.7959785705,1.9871569038
48.7959788682,1.9871572405
48.7959791642,1.9871575764
48.7959794609,1.9871579121
48.7959797557,1.9871582484
48.7959800511,1.9871585814
48.7959803468,1.9871589173
48.7959806428,1.987159252
48.7959809383,1.9871595859
48.7959812351,1.9871599203
48.7959815307,1.9871602557
48.7959818271,1.9871605897
48.7959821231,1.9871609252
48.7959824198,1.9871612609
48.7959827148,1.9871615955
48.7959830118,1.9871619317
48.7959833076,1.9871622671
48.7959836036,1.9871626049
48.7959838984,1.9871629398
48.7959841959,1.9871632782
48.7959844916,1.9871636162
48.795984787,1.9871639512
48.7959850853,1.9871642876
48.7959853799,1.9871646245
48.7959856775,1.987164961
48.7959859741,1.9871652952
48.795986271,1.9871656328
48.7959865673,1.9871659694
48.7959868641,1.9871663061
48.7959871607,1.9871666414
48.7959874584,1.9871669789
48.7959877556,1.9871673187
48.7959880521,1.9871676523
48.7959883496,1.9871679932
48.7959886462,1.9871683275
48.7959889435,1.9871686635
48.7959892398,1.9871690013
48.7959895391,1.9871693377
48.7959898347,1.9871696755
48.7959901314,1.9871700114
48.7959904289,1.9871703511
48.7959907258,1.9871706871
48.7959910229,1.9871710265
48.7959913187,1.9871713649
48.7959916159,1.9871717022
48.7959919139,1.9871720398
48.7959922117,1.9871723787
48.7959925076,1.9871727173
48.7959928044,1.9871730556
48.7959931024,1.9871733923
48.7959934001,1.9871737324
48.7959936969,1.9871740704
48.7959939942,1.9871744097
48.7959942918,1.9871747492
48.795994589,1.9871750874
48.7959948864,1.9871754269
48.7959951846,1.987175766
48.7959954811,1.9871761071
48.7959957784,1.9871764449
48.7959960766,1.9871767877
48.7959963731,1.9871771248
48.7959966712,1.9871774639
48.7959969686,1.9871778056
48.7959972672,1.9871781449
48.7959975645,1.9871784843
48.7959978631,1.9871788237
48.7959981617,1.9871791636
48.7959984607,1.9871795037
48.7959987585,1.9871798422
48.7959990575,1.9871801846
48.7959993558,1.9871805227
48.7959996542,1.987180862
48.7959999539,1.9871812047
48.796000251,1.9871815428
48.79600055,1.9871818848
48.7960008494,1.9871822257
48.7960011491,1.9871825649
48.7960014457,1.9871829056
48.7960017449,1.9871832479
48.7960020436,1.9871835895
48.7960023421,1.9871839318
48.7960026406,1.987184273
48.7960029391,1.9871846131
48.7960032387,1.9871849568
48.7960035365,1.9871852989
48.7960038349,1.9871856398
48.7960041348,1.9871859826
48.7960044336,1.9871863232
48.7960047321,1.9871866657
48.7960050307,1.9871870069
48.7960053306,1.9871873497
48.7960056295,1.98718769
48.7960059284,1.9871880327
48.7960062276,1.9871883752
48.7960065273,1.9871887158
48.7960068273,1.9871890575
48.7960071256,1.9871893989
48.7960074253,1.9871897421
48.7960077239,1.9871900844
48.7960080237,1.9871904281
48.7960083235,1.9871907713
48.796008622,1.9871911145
48.7960089239,1.9871914558
48.7960092284,1.9871917967
48.7960095331,1.9871921376
48.7960098378,1.9871924773
48.7960101409,1.9871928181
48.7960104471,1.9871931572
48.7960107518,1.9871934978
48.7960110564,1.9871938386
48.7960113626,1.9871941774
48.7960116674,1.9871945181
48.7960119736,1.9871948586
48.7960122785,1.9871951984
48.7960125848,1.9871955371
48.796012891,1.9871958771
48.7960131977,1.9871962174
48.7960135029,1.9871965569
48.7960138091,1.9871968974
48.7960141144,1.9871972383
48.7960144217,1.9871975802
48.7960147269,1.9871979216
48.7960150327,1.9871982638
48.7960153384,1.9871986075
48.7960156428,1.9871989498
48.7960159479,1.9871992963
48.7960162545,1.9871996371
48.7960165605,1.9871999835
48.796016866,1.9872003268
48.796017172,1.9872006723
48.7960174771,1.9872010145
48.7960177832,1.9872013595
48.796018089,1.9872017043
48.7960183941,1.987202049
48.7960187022,1.9872023917
48.7960190089,1.9872027344
48.7960193155,1.9872030782
48.796019622,1.9872034209
48.7960199295,1.9872037657
48.7960202357,1.9872041079
48.796020543,1.987204453
48.7960208502,1.9872047961
48.7960211559,1.9872051401
48.7960214638,1.987205486
48.7960217702,1.9872058309
48.7960220767,1.9872061748
48.7960223823,1.9872065209
48.7960226893,1.9872068668
48.7960229956,1.9872072127
48.7960233017,1.9872075577
48.7960236087,1.9872079047
48.7960239143,1.9872082494
48.7960242214,1.9872085952
48.7960245279,1.9872089402
48.7960248336,1.9872092842
48.7960251419,1.9872096298
48.7960254491,1.9872099739
48.7960257564,1.987210315
48.7960260641,1.9872106602
48.7960263715,1.9872110025
48.7960266805,1.987211346
48.7960269885,1.9872116887
48.7960272968,1.9872120312
48.7960276051,1.987212374
48.7960279137,1.9872127164
48.796028222,1.9872130588
48.79602853,1.9872134025
48.7960288379,1.9872137462
48.7960291464,1.9872140893
48.7960294531,1.9872144359
48.7960297623,1.9872147758
48.7960300705,1.9872151216
48.7960303787,1.987215464
48.7960306869,1.9872158078
48.7960309946,1.9872161519
48.7960313023,1.9872164967
48.7960316101,1.9872168412
48.7960319178,1.987217185
48.7960322257,1.9872175305
48.7960325326,1.9872178773
48.7960328397,1.987218224
48.7960331473,1.9872185697
48.7960334545,1.9872189152
48.796033762,1.9872192615
48.7960340692,1.9872196081
48.7960343761,1.9872199542
48.7960346836,1.9872202995
48.7960349894,1.9872206463
48.7960352984,1.9872209925
48.7960356048,1.9872213398
48.7960359117,1.987221685
48.7960362191,1.9872220329
48.7960365261,1.987222381
48.7960368325,1.987222727
48.7960371397,1.9872230738
48.7960374483,1.9872234213
48.7960377551,1.9872237694
48.7960380626,1.9872241156
48.79603837,1.9872244631
48.7960386772,1.9872248117
48.796038984,1.9872251573
48.7960392914,1.9872255026
48.7960395976,1.9872258501
48.796039904,1.987226202
48.7960402092,1.987226551
48.7960405143,1.9872268999
48.7960408189,1.9872272518
48.7960411249,1.9872276006
48.7960414305,1.9872279503
48.7960417362,1.9872283005
48.7960420415,1.9872286496
48.7960423462,1.9872289982
48.7960426523,1.9872293472
48.7960429571,1.9872296945
48.7960432629,1.987230045
48.7960435683,1.9872303931
48.7960438759,1.9872307365
48.7960441815,1.987231085
48.7960444857,1.9872314308
48.796044792,1.987231779
48.7960450972,1.9872321242
48.7960454031,1.987232473
48.7960457089,1.987232818
48.796046013,1.9872331632
48.796046319,1.9872335099
48.7960466244,1.9872338578
48.7960469294,1.9872342039
48.7960472348,1.9872345496
48.796047539,1.9872348964
48.7960478464,1.9872352411
48.7960481501,1.9872355853
48.796048455,1.9872359301
48.7960487602,1.9872362754
48.7960490637,1.9872366206
48.7960493695,1.987236966
48.7960496738,1.9872373103
48.7960499775,1.9872376563
48.7960502816,1.9872380026
48.796050585,1.9872383478
48.7960508884,1.987238694
48.7960511921,1.9872390397
48.7960514943,1.9872393857
48.7960517974,1.9872397303
48.7960521004,1.9872400767
48.7960524025,1.9872404231
48.7960527051,1.9872407692
48.7960530062,1.9872411127
48.7960533062,1.9872414546
48.7960536081,1.9872418006
48.7960539066,1.9872421418
48.7960542094,1.9872424874
48.796054513,1.9872428311
48.7960548133,1.9872431735
48.7960551141,1.9872435149
48.7960554133,1.987243855
48.7960557145,1.9872441958
48.7960560149,1.987244538
48.796056317,1.9872448818
48.7960566172,1.9872452227
48.7960569175,1.9872455641
48.7960572183,1.9872459049
48.7960575178,1.9872462455
48.7960578173,1.9872465871
48.796058118,1.9872469292
48.7960584174,1.9872472697
48.7960587174,1.9872476098
48.7960590172,1.9872479519
48.7960593173,1.9872482908
48.7960596159,1.9872486315
48.7960599166,1.9872489707
48.796060215,1.9872493114
48.7960605142,1.9872496518
48.7960608135,1.9872499925
48.7960611104,1.9872503321
48.7960614088,1.987250673
48.7960617072,1.9872510136
48.7960620043,1.9872513518
48.7960623014,1.9872516918
48.7960625992,1.9872520338
48.796062897,1.9872523719
48.7960631928,1.9872527072
48.7960634893,1.9872530455
48.7960637864,1.9872533837
48.7960640831,1.9872537165
48.7960643789,1.9872540531
48.7960646753,1.9872543886
48.7960649723,1.9872547244
48.7960652674,1.9872550601
48.7960655632,1.9872553935
48.7960658591,1.98725573
48.7960661535,1.9872560636
48.7960664482,1.987256398
48.7960667432,1.9872567329
48.7960670375,1.9872570675
48.7960673304,1.9872574027
48.7960676253,1.9872577387
48.7960679182,1.987258073
48.7960682118,1.9872584085
48.7960685047,1.9872587435
48.7960687978,1.9872590779
48.7960690904,1.987259412
48.7960693825,1.9872597446
48.7960696747,1.9872600775
48.7960699646,1.9872604069
48.7960702559,1.9872607368
48.7960705461,1.9872610651
48.7960708381,1.9872613956
48.7960711291,1.9872617244
48.7960714184,1.9872620511
48.7960717098,1.9872623799
48.7960719999,1.9872627072
48.7960722901,1.9872630317
48.7960725793,1.9872633573
48.7960728703,1.9872636837
48.7960731602,1.98726401
48.796073449,1.9872643356
48.7960737367,1.9872646592
48.7960740231,1.9872649836
48.7960743086,1.9872653064
48.7960745944,1.9872656305
48.7960748785,1.9872659551
48.7960751636,1.9872662745
48.7960754502,1.9872666028
48.7960757348,1.9872669285
48.7960760207,1.9872672522
48.7960763035,1.9872675748
48.7960765884,1.9872678978
48.7960768729,1.98726822
48.7960771573,1.9872685405
48.7960774418,1.9872688647
48.7960777263,1.9872691847
48.7960780111,1.987269509
48.7960782967,1.9872698287
48.7960785815,1.9872701515
48.7960788646,1.987270471
48.7960791484,1.9872707916
48.7960794327,1.987271113
48.7960797164,1.9872714323
48.7960799992,1.9872717542
48.7960802814,1.9872720727
48.796080564,1.9872723928
48.7960808463,1.9872727126
48.7960811286,1.9872730335
48.796081409,1.9872733522
48.7960816897,1.9872736714
48.7960819706,1.987273992
48.7960822507,1.9872743113
48.79608253,1.9872746306
48.7960828098,1.98727495
48.7960830891,1.9872752682
48.7960833686,1.987275587
48.7960836464,1.9872759046
48.796083926,1.9872762234
48.7960842048,1.9872765397
48.7960844844,1.9872768549
48.7960847638,1.9872771707
48.7960850422,1.987277484
48.796085322,1.9872777999
48.7960856011,1.9872781123
48.7960858808,1.9872784261
48.7960861597,1.9872787382
48.7960864394,1.9872790502
48.7960867188,1.9872793624
48.7960869973,1.9872796748
48.7960872767,1.9872799884
48.7960875549,1.9872802981
48.7960878343,1.9872806121
48.7960881115,1.9872809252
48.79608839,1.9872812371
48.7960886677,1.987281551
48.7960889442,1.9872818628
48.7960892223,1.987282176
48.796089499,1.9872824872
48.7960897754,1.9872827998
48.7960900528,1.9872831101
48.7960903293,1.9872834217
48.7960906062,1.9872837309
48.7960908819,1.9872840406
48.7960911595,1.9872843504
48.7960914346,1.9872846585
48.7960917111,1.9872849667
48.7960919869,1.9872852753
48.7960922624,1.9872855819
48.796092538,1.98728589
48.7960928132,1.9872861962
48.7960930884,1.9872865031
48.7960933631,1.9872868091
48.7960936374,1.987287117
48.7960939115,1.9872874213
48.7960941854,1.9872877282
48.7960944584,1.9872880345
48.7960947314,1.9872883401
48.7960950035,1.9872886439
48.7960952764,1.9872889511
48.7960955481,1.987289255
48.7960958206,1.9872895599
48.7960960925,1.9872898646
48.7960963637,1.9872901662
48.7960966363,1.9872904689
48.7960969067,1.987290771
48.7960971789,1.9872910732
48.7960974497,1.9872913728
48.7960977214,1.9872916736
48.7960979922,1.987291977
48.7960982641,1.9872922776
48.7960985365,1.9872925807
48.7960988086,1.9872928842
48.7960990803,1.9872931858
48.7960993517,1.9872934879
48.7960996223,1.9872937886
48.7960998944,1.9872940912
48.7961001647,1.9872943931
48.7961004363,1.987294694
48.7961007066,1.9872949949
48.7961009772,1.9872952957
48.7961012475,1.9872955965
48.7961015175,1.9872958961
48.7961017872,1.987296195
48.7961020572,1.9872964954
48.7961023265,1.9872967936
48.796102596,1.9872970913
48.7961028647,1.9872973891
48.7961031333,1.9872976852
48.7961034023,1.9872979822
48.7961036709,1.9872982827
48.796103939,1.9872985805
48.7961042061,1.9872988757
48.796104474,1.9872991758
48.7961047418,1.9872994703
48.7961050076,1.9872997681
48.7961052744,1.9873000669
48.7961055408,1.9873003608
48.7961058068,1.9873006586
48.7961060727,1.9873009551
48.7961063381,1.9873012498
48.7961066042,1.9873015441
48.7961068693,1.9873018383
48.7961071349,1.987302132
48.7961073982,1.9873024259
48.7961076623,1.9873027201
48.7961079277,1.9873030116
48.7961081916,1.9873033055
48.7961084555,1.9873035989
48.7961087178,1.9873038919
48.7961089812,1.987304184
48.7961092436,1.9873044772
48.796109505,1.98730477
48.7961097676,1.9873050632
48.7961100295,1.9873053536
48.7961102903,1.9873056446
48.7961105525,1.9873059361
48.7961108141,1.9873062246
48.7961110759,1.9873065148
48.7961113358,1.9873068032
48.7961115973,1.9873070909
48.7961118585,1.9873073809
48.7961121196,1.9873076682
48.7961123811,1.9873079555
48.7961126405,1.987308241
48.7961129011,1.9873085307
48.7961131614,1.9873088165
48.7961134215,1.9873091032
48.7961136807,1.9873093893
48.7961139402,1.9873096761
48.7961141983,1.9873099616
48.7961144565,1.9873102463
48.7961147164,1.9873105328
48.7961149754,1.987310815
48.7961152344,1.9873110987
48.7961154933,1.9873113787
48.7961157526,1.9873116608
48.7961160119,1.9873119429
48.7961162696,1.9873122234
48.7961165292,1.9873125037
48.7961167884,1.9873127834
48.796117046,1.9873130635
48.7961173034,1.9873133429
48.7961175611,1.9873136234
48.7961178177,1.9873139036
48.7961180743,1.9873141836
48.7961183307,1.9873144648
48.7961185863,1.9873147436
48.7961188419,1.9873150234
48.7961190964,1.9873153045
48.7961193504,1.9873155846
48.7961196058,1.9873158648
48.7961198606,1.9873161441
48.7961201145,1.9873164216
48.7961203688,1.9873167012
48.7961206223,1.9873169804
48.796120876,1.9873172571
48.7961211297,1.9873175362
48.7961213826,1.9873178124
48.7961216363,1.987318091
48.7961218873,1.9873183664
48.7961221404,1.9873186456
48.7961223917,1.9873189217
48.7961226427,1.9873191984
48.7961228929,1.9873194767
48.7961231444,1.9873197517
48.7961233934,1.9873200291
48.7961236425,1.987320305
48.7961238922,1.9873205823
48.7961241396,1.9873208589
48.7961243864,1.9873211337
48.7961246336,1.9873214088
48.7961248796,1.9873216857
48.7961251261,1.9873219629
48.7961253728,1.9873222363
48.7961256178,1.9873225099
48.7961258645,1.9873227872
48.79612611,1.9873230608
48.7961263552,1.9873233303
48.7961266005,1.9873236067
48.7961268466,1.9873238771
48.7961270911,1.987324148
48.7961273367,1.9873244185
48.7961275807,1.9873246882
48.7961278255,1.9873249565
48.7961280691,1.9873252265
48.7961283135,1.9873254934
48.7961285577,1.9873257631
48.7961288003,1.9873260296
48.7961290437,1.9873262979
48.7961292872,1.9873265662
48.796129528,1.9873268338
48.7961297711,1.9873271021
48.796130013,1.9873273708
48.7961302546,1.9873276385
48.7961304957,1.9873279037
48.7961307381,1.9873281707
48.7961309799,1.9873284392
48.7961312207,1.9873287038
48.7961314615,1.9873289694
48.7961317026,1.9873292348
48.7961319437,1.9873295008
48.7961321842,1.9873297647
48.7961324248,1.9873300275
48.7961326652,1.9873302931
48.7961329059,1.9873305561
48.7961331449,1.9873308192
48.7961333854,1.9873310811
48.7961336251,1.987331345
48.7961338659,1.9873316084
48.7961341066,1.98733187
48.796134347,1.987332132
48.7961345879,1.9873323938
48.7961348298,1.9873326555
48.79613507,1.9873329157
48.796135309,1.9873331723
48.7961355487,1.9873334296
48.7961357901,1.9873336888
48.7961360301,1.987333948
48.7961362686,1.987334205
48.7961365072,1.9873344626
48.796136747,1.9873347235
48.7961369843,1.9873349806
48.7961372209,1.9873352384
48.7961374573,1.9873354977
48.7961376939,1.9873357555
48.7961379287,1.9873360156
48.7961381638,1.9873362735
48.7961383976,1.9873365332
48.7961386314,1.9873367927
48.7961388665,1.9873370534
48.7961391,1.9873373113
48.7961393324,1.9873375686
48.7961395652,1.9873378275
48.7961397984,1.9873380861
48.7961400302,1.9873383431
48.7961402618,1.9873385998
48.7961404937,1.9873388572
48.7961407259,1.9873391139
48.7961409576,1.9873393696
48.7961411879,1.9873396242
48.7961414195,1.9873398776
48.7961416513,1.9873401362
48.7961418823,1.9873403892
48.7961421128,1.9873406433
48.7961423424,1.9873408983
48.7961425734,1.9873411513
48.796142803,1.9873414068
48.7961430325,1.9873416585
48.7961432614,1.9873419121
48.7961434907,1.9873421649
48.7961437203,1.9873424178
48.7961439487,1.9873426679
48.7961441775,1.9873429221
48.7961444061,1.9873431722
48.7961446333,1.9873434239
48.7961448615,1.9873436753
48.7961450894,1.9873439248
48.7961453165,1.9873441754
48.7961455427,1.9873444256
48.7961457706,1.9873446782
48.7961459971,1.9873449274
48.7961462227,1.9873451778
48.7961464503,1.9873454278
48.7961466756,1.9873456785
48.7961469015,1.9873459263
48.7961471277,1.9873461774
48.7961473538,1.9873464233
48.7961475821,1.9873466729
48.7961478132,1.9873469225
48.7961480439,1.9873471695
48.7961482744,1.987347417
48.7961485052,1.9873476625
48.7961487344,1.9873479115
48.7961489632,1.9873481566
48.7961491932,1.9873484029
48.7961494229,1.9873486485
48.7961496521,1.9873488933
48.79614988,1.9873491405
48.7961501078,1.9873493853
48.7961503371,1.9873496301
48.7961505648,1.9873498737
48.7961507919,1.9873501183
48.7961510196,1.9873503629
48.7961512468,1.9873506068
48.7961514745,1.98735085
48.7961517006,1.9873510933
48.7961519269,1.9873513375
48.7961521525,1.9873515835
48.7961523775,1.9873518261
48.7961526022,1.9873520695
48.7961528276,1.9873523129
48.7961530529,1.9873525566
48.7961532764,1.9873527994
48.7961535002,1.9873530409
48.7961537256,1.9873532825
48.7961539487,1.9873535255
48.7961541722,1.9873537652
48.7961543954,1.9873540051
48.7961546192,1.9873542476
48.7961548423,1.9873544878
48.7961550637,1.9873547283
48.7961552868,1.9873549696
48.7961555079,1.9873552106
48.7961557307,1.9873554495
48.7961559509,1.9873556911
48.7961561717,1.9873559321
48.7961563925,1.9873561717
48.7961566132,1.9873564108
48.7961568336,1.9873566498
48.7961570517,1.9873568894
48.7961572726,1.9873571274
48.7961574922,1.9873573656
48.7961577107,1.9873576029
48.7961579314,1.9873578386
48.7961581508,1.9873580759
48.796158367,1.9873583115
48.7961585885,1.9873585474
48.7961588064,1.9873587831
48.7961590242,1.9873590172
48.7961592425,1.9873592512
48.7961594602,1.9873594862
48.7961596771,1.9873597193
48.7961598949,1.9873599542
48.7961601125,1.9873601862
48.7961603289,1.9873604183
48.7961605457,1.9873606507
48.7961607621,1.9873608834
48.7961609779,1.9873611142
48.7961611944,1.9873613468
48.7961614102,1.9873615773
48.796161625,1.9873618074
48.79616184,1.9873620387
48.7961620557,1.9873622695
48.7961622699,1.9873625006
48.7961624836,1.9873627308
48.7961626978,1.9873629625
48.7961629112,1.9873631932
48.7961631247,1.9873634239
48.7961633374,1.9873636537
48.79616355,1.9873638844
48.796163762,1.9873641149
48.7961639742,1.9873643431
48.7961641868,1.9873645721
48.7961643983,1.9873648013
48.79616461,1.987365029
48.7961648205,1.987365258
48.7961650324,1.9873654848
48.7961652435,1.9873657104
48.7961654547,1.9873659358
48.7961656663,1.9873661619
48.7961658763,1.9873663868
48.796166087,1.9873666101
48.7961662985,1.9873668332
48.7961665082,1.9873670556
48.7961667192,1.9873672798
48.7961669292,1.9873675023
48.7961671391,1.9873677227
48.7961673497,1.9873679443
48.7961675603,1.9873681656
48.7961677697,1.9873683861
48.7961679788,1.9873686053
48.7961681893,1.9873688262
48.7961683985,1.987369045
48.7961686068,1.987369263
48.7961688161,1.987369483
48.7961690244,1.9873697018
48.7961692328,1.9873699201
48.7961694406,1.9873701385
48.7961696478,1.9873703561
48.7961698547,1.9873705738
48.7961700616,1.9873707908
48.7961702683,1.9873710065
48.7961704748,1.9873712232
48.7961706813,1.9873714385
48.7961708872,1.9873716544
48.7961710934,1.9873718697
48.7961712993,1.987372084
48.7961715034,1.987372298
48.7961717102,1.9873725117
48.7961719135,1.9873727252
48.7961721176,1.9873729381
48.796172324,1.987373152
48.7961725273,1.9873733647
48.7961727314,1.9873735767
48.796172935,1.9873737895
48.7961731378,1.9873740002
48.7961733403,1.9873742119
48.796173543,1.9873744228
48.7961737453,1.9873746321
48.7961739493,1.9873748434
48.7961741523,1.9873750509
48.7961743549,1.9873752576
48.7961745578,1.9873754638
48.7961747606,1.9873756706
48.796174965,1.9873758709
48.7961751679,1.9873760724
48.7961753713,1.9873762737
48.7961755749,1.9873764748
48.7961757779,1.9873766724
48.7961759826,1.9873768696
48.7961761866,1.9873770672
48.7961763905,1.9873772641
48.7961765927,1.9873774607
48.7961767958,1.9873776571
48.7961769988,1.9873778549
48.7961772003,1.9873780508
48.7961774032,1.9873782483
48.7961776045,1.9873784441
48.7961778063,1.9873786406
48.7961780065,1.9873788368
48.7961782087,1.987379031
48.7961784099,1.9873792261
48.7961786115,1.9873794191
48.7961788104,1.9873796119
48.796179013,1.9873798063
48.7961792131,1.9873799985
48.7961794128,1.9873801886
48.7961796133,1.9873803796
48.7961798142,1.9873805697
48.7961800131,1.9873807583
48.7961802123,1.9873809471
48.7961804128,1.9873811358
48.7961806118,1.9873813232
48.7961808103,1.9873815102
48.7961810096,1.9873816955
48.7961812084,1.9873818816
48.7961814067,1.9873820647
48.7961816061,1.9873822494
48.7961818048,1.9873824304
48.7961820033,1.9873826123
48.7961822021,1.9873827924
48.7961824007,1.9873829714
48.7961825993,1.987383148
48.7961827964,1.9873833221
48.7961829962,1.9873835009
48.7961831943,1.9873836762
48.7961833919,1.9873838487
48.7961835894,1.9873840212
48.7961837875,1.9873841937
48.7961839851,1.9873843648
48.7961841807,1.9873845348
48.7961843773,1.9873847053
48.7961845736,1.9873848752
48.7961847687,1.9873850436
48.7961849639,1.9873852129
48.7961851586,1.9873853823
48.7961853519,1.9873855494
48.7961855464,1.9873857172
48.79618574,1.9873858842
48.7961859332,1.9873860504
48.7961861257,1.9873862165
48.7961863189,1.9873863805
48.7961865124,1.9873865435
48.7961867047,1.9873867046
48.7961868971,1.9873868651
48.7961870901,1.987387025
48.7961872823,1.9873871823
48.7961874743,1.9873873377
48.7961876658,1.987387492
48.796187859,1.9873876452
48.7961880504,1.9873877963
48.7961882422,1.9873879465
48.7961884349,1.9873880961
48.7961886263,1.9873882431
48.7961888184,1.9873883892
48.7961890101,1.9873885348
48.7961892013,1.9873886782
48.7961893904,1.9873888203
48.7961895796,1.9873889606
48.7961897691,1.9873891011
48.7961899568,1.9873892409
48.7961901455,1.987389379
48.7961903341,1.9873895177
48.7961905224,1.9873896534
48.7961907106,1.9873897898
48.7961908978,1.987389924
48.7961910847,1.987390057
48.7961912724,1.9873901892
48.7961914598,1.9873903205
48.7961916467,1.9873904501
48.7961918339,1.987390579
48.7961920201,1.987390707
48.796192206,1.9873908333
48.7961923926,1.9873909589
48.796192579,1.987391084
48.7961927648,1.9873912064
48.7961929506,1.9873913293
48.7961931364,1.9873914507
48.7961933209,1.9873915702
48.7961935065,1.9873916905
48.7961936913,1.9873918093
48.7961938755,1.9873919259
48.7961940594,1.9873920454
48.7961942435,1.9873921602
48.7961944275,1.987392275
48.7961946104,1.9873923881
48.7961947941,1.9873925022
48.7961949762,1.9873926139
48.7961951589,1.9873927235
48.7961953412,1.9873928343
48.7961955227,1.9873929418
48.7961957043,1.9873930501
48.7961958855,1.9873931561
48.7961960665,1.9873932616
48.7961962468,1.987393365
48.7961964281,1.9873934681
48.7961966087,1.9873935694
48.7961967886,1.9873936687
48.7961969692,1.9873937676
48.7961971487,1.9873938639
48.7961973285,1.9873939588
48.7961975076,1.9873940524
48.7961976865,1.9873941435
48.7961978667,1.9873942358
48.7961980454,1.9873943253
48.7961982232,1.9873944139
48.796198402,1.9873945012
48.7961985791,1.9873945873
48.7961987562,1.9873946726
48.7961989344,1.9873947571
48.7961991104,1.9873948399
48.7961992863,1.9873949223
48.7961994635,1.9873950042
48.7961996391,1.9873950839
48.7961998145,1.9873951627
48.7961999899,1.9873952398
48.7962001656,1.9873953171
48.7962003405,1.9873953924
48.796200515,1.9873954663
48.7962006896,1.9873955397
48.7962008635,1.9873956117
48.7962010373,1.9873956804
48.7962012119,1.9873957497
48.796201385,1.9873958197
48.7962015578,1.9873958876
48.7962017299,1.9873959551
48.7962019023,1.98739602
48.796202075,1.9873960851
48.7962022458,1.9873961495
48.7962024169,1.9873962141
48.7962025879,1.9873962781
48.7962027583,1.9873963389
48.7962029287,1.9873964019
48.7962030984,1.9873964622
48.7962032683,1.9873965208
48.7962034378,1.9873965795
48.796203607,1.9873966377
48.7962037757,1.9873966951
48.796203944,1.9873967518
48.7962041129,1.9873968056
48.7962042817,1.9873968598
48.7962044499,1.9873969123
48.796204617,1.9873969646
48.7962047846,1.9873970194
48.7962049521,1.9873970685
48.7962051188,1.987397119
48.7962052857,1.987397169
48.7962054523,1.9873972191
48.796205618,1.9873972665
48.7962057843,1.9873973156
48.7962059495,1.9873973616
48.7962061145,1.9873974077
48.7962062797,1.9873974528
48.7962064431,1.9873974966
48.7962066069,1.987397539
48.796206771,1.987397581
48.7962069337,1.9873976207
48.796207094,1.987397664
48.7962072547,1.9873977074
48.796207414,1.9873977495
48.7962075735,1.9873977902
48.7962077317,1.9873978288
48.7962078899,1.987397866
48.7962080477,1.9873979041
48.7962082044,1.9873979379
48.7962083608,1.9873979716
48.7962085171,1.9873980052
48.7962086727,1.9873980373
48.7962088274,1.9873980698
48.7962089823,1.9873981015
48.7962091364,1.9873981324
48.7962092898,1.9873981624
48.7962094429,1.9873981926
48.7962095956,1.9873982231
48.7962097476,1.9873982513
48.7962098993,1.9873982786
48.7962100508,1.987398307
48.7962102015,1.9873983329
48.7962103526,1.9873983582
48.796210503,1.9873983823
48.7962106536,1.9873984049
48.7962108043,1.9873984242
48.7962109524,1.9873984469
48.7962111019,1.9873984658
48.7962112507,1.9873984836
48.7962113992,1.987398502
48.796211547,1.9873985165
48.7962116948,1.9873985319
48.7962118422,1.9873985479
48.7962119891,1.9873985624
48.796212136,1.9873985763
48.796212282,1.9873985906
48.7962124278,1.9873986039
48.7962125734,1.9873986179
48.7962127182,1.9873986308
48.7962128626,1.9873986443
48.7962130069,1.9873986575
48.7962131509,1.9873986705
48.7962132948,1.987398683
48.7962134383,1.9873986941
48.7962135805,1.9873987058
48.7962137227,1.9873987171
48.7962138652,1.9873987251
48.7962140073,1.9873987387
48.7962141481,1.9873987473
48.7962142888,1.9873987568
48.7962144289,1.987398765
48.7962145687,1.9873987725
48.796214708,1.9873987799
48.7962148467,1.9873987861
48.7962149854,1.9873987904
48.796215123,1.9873987944
48.7962152594,1.9873987973
48.7962153971,1.9873988007
48.7962155337,1.9873988021
48.7962156688,1.9873988015
48.7962158044,1.9873988017
48.7962159391,1.9873988002
48.7962160728,1.9873987977
48.7962162071,1.9873987958
48.7962163408,1.9873987921
48.7962164731,1.9873987885
48.7962166058,1.9873987849
48.7962167387,1.98739878
48.7962168702,1.9873987758
48.7962170015,1.987398771
48.7962171329,1.9873987648
48.7962172632,1.9873987581
48.7962173932,1.9873987518
48.796217523,1.9873987441
48.7962176525,1.9873987367
48.796217782,1.9873987281
48.7962179109,1.9873987203
48.7962180398,1.9873987122
48.7962181685,1.987398702
48.7962182966,1.9873986927
48.796218424,1.9873986818
48.7962185521,1.9873986707
48.7962186793,1.9873986589
48.7962188057,1.9873986467
48.7962189332,1.9873986333
48.7962190603,1.9873986171
48.796219185,1.9873986048
48.7962193117,1.9873985879
48.7962194368,1.9873985738
48.7962195615,1.9873985567
48.7962196866,1.9873985408
48.7962198111,1.9873985242
48.7962199352,1.9873985073
48.7962200588,1.9873984889
48.7962201823,1.9873984709
48.7962203055,1.9873984504
48.796220428,1.9873984347
48.7962205503,1.9873984166
48.7962206734,1.9873983954
48.796220795,1.9873983797
48.7962209169,1.9873983586
48.7962210387,1.987398339
48.7962211606,1.9873983136
48.7962212816,1.9873982885
48.7962214071,1.9873982561
48.7962215308,1.9873982242
48.7962216543,1.9873981915
48.796221778,1.9873981582
48.7962219,1.9873981235
48.7962220209,1.9873980912
48.7962221444,1.987398054
48.7962222658,1.9873980194
48.7962223868,1.9873979838
48.7962225079,1.9873979473
48.7962226284,1.9873979103
48.7962227468,1.9873978743
48.7962228674,1.9873978361
48.7962229867,1.9873977996
48.7962231053,1.9873977624
48.7962232236,1.9873977252
48.7962233417,1.9873976877
48.7962234594,1.9873976504
48.7962235762,1.987397612
48.7962236932,1.987397575
48.79622381,1.9873975374
48.7962239252,1.9873974983
48.7962240412,1.9873974581
48.7962241567,1.9873974183
48.7962242713,1.9873973777
48.7962243864,1.9873973368
48.7962245013,1.9873972935
48.7962246156,1.9873972503
48.7962247293,1.987397206
48.796224844,1.9873971623
48.7962249581,1.9873971166
48.7962250723,1.9873970711
48.796225186,1.9873970246
48.7962252987,1.9873969801
48.7962254143,1.9873969322
48.7962255282,1.9873968847
48.7962256421,1.987396838
48.7962257562,1.987396791
48.7962258703,1.9873967447
48.7962259841,1.9873966972
48.7962260989,1.9873966499
48.7962262126,1.9873966025
48.7962263263,1.9873965543
48.796226441,1.9873965064
48.7962265547,1.987396457
48.7962266683,1.987396408
48.7962267826,1.9873963577
48.7962268971,1.9873963068
48.7962270112,1.9873962557
48.7962271258,1.9873962045
48.7962272404,1.9873961521
48.7962273554,1.9873960995
48.7962274705,1.9873960473
48.7962275857,1.9873959945
48.7962277006,1.9873959408
48.7962278164,1.9873958865
48.7962279313,1.9873958317
48.7962280469,1.9873957761
48.7962281623,1.9873957188
48.7962282771,1.9873956603
48.7962283923,1.9873956016
48.7962285077,1.9873955411
48.7962286224,1.9873954787
48.7962287374,1.9873954159
48.7962288525,1.9873953523
48.796228967,1.987395287
48.7962290823,1.9873952222
48.7962291977,1.9873951556
48.7962293132,1.9873950902
48.7962294287,1.987395024
48.7962295451,1.9873949575
48.7962296615,1.9873948909
48.7962297791,1.9873948248
48.7962298969,1.9873947582
48.7962300149,1.9873946925
48.7962301337,1.9873946263
48.7962302529,1.9873945591
48.7962303723,1.987394492
48.7962304922,1.9873944238
48.7962306123,1.9873943551
48.7962307331,1.987394285
48.7962308544,1.9873942144
48.7962309753,1.9873941419
48.7962310965,1.9873940689
48.7962312174,1.9873939932
48.7962313386,1.9873939167
48.7962314601,1.9873938389
48.7962315821,1.9873937602
48.7962317046,1.9873936798
48.7962318267,1.9873935991
48.796231948,1.9873935193
48.7962320723,1.9873934331
48.7962321957,1.9873933495
48.796232319,1.987393264
48.7962324418,1.9873931802
48.7962325661,1.9873930922
48.7962326893,1.9873930079
48.7962328192,1.9873929162
48.7962329473,1.9873928107
48.7962330747,1.9873927108
48.7962332024,1.9873926115
48.7962333311,1.9873925102
48.7962334611,1.9873924085
48.79623359,1.987392306
48.796233719,1.9873922038
48.7962338477,1.9873921061
48.7962339799,1.987391999
48.7962341099,1.9873918939
48.7962342418,1.9873917887
48.7962343732,1.9873916827
48.7962345041,1.9873915757
48.7962346373,1.9873914669
48.7962347702,1.9873913559
48.7962349021,1.9873912444
48.7962350343,1.9873911318
48.7962351677,1.987391016
48.7962353002,1.9873908987
48.7962354325,1.9873907798
48.7962355659,1.9873906592
48.7962356988,1.9873905359
48.796235832,1.9873904116
48.7962359657,1.9873902869
48.7962360998,1.9873901609
48.7962362343,1.9873900345
48.7962363686,1.9873899048
48.7962365035,1.9873897767
48.796236639,1.9873896471
48.7962367747,1.9873895148
48.7962369111,1.9873893818
48.796237048,1.9873892502
48.796237185,1.9873891159
48.7962373232,1.9873889811
48.7962374598,1.9873888496
48.7962376002,1.9873887085
48.7962377389,1.987388571
48.796237878,1.9873884317
48.7962380188,1.9873882919
48.7962381596,1.9873881522
48.7962383014,1.9873880109
48.7962384429,1.9873878683
48.7962385848,1.9873877239
48.7962387268,1.9873875785
48.7962388699,1.9873874332
48.7962390127,1.9873872841
48.7962391574,1.9873871348
48.7962393008,1.9873869838
48.7962394464,1.9873868327
48.7962395915,1.9873866778
48.7962397355,1.9873865227
48.7962398813,1.9873863643
48.7962400274,1.9873862055
48.7962401737,1.9873860461
48.7962403216,1.987385885
48.7962404691,1.9873857221
48.7962406161,1.987385557
48.796240763,1.9873853896
48.796240912,1.9873852211
48.7962410608,1.987385054
48.7962412092,1.9873848836
48.7962413583,1.9873847118
48.7962415082,1.9873845392
48.7962416565,1.9873843656
48.7962418056,1.9873841904
48.7962419545,1.9873840197
48.7962421057,1.9873838387
48.7962422562,1.9873836622
48.7962424064,1.9873834836
48.7962425571,1.9873833045
48.7962427084,1.9873831237
48.7962428598,1.9873829434
48.7962430115,1.9873827611
48.7962431635,1.9873825769
48.7962433157,1.9873823925
48.796243468,1.9873822066
48.7962436213,1.9873820191
48.7962437745,1.9873818313
48.7962439277,1.9873816425
48.7962440825,1.9873814507
48.7962442369,1.9873812569
48.7962443919,1.9873810629
48.7962445465,1.9873808677
48.7962447011,1.987380669
48.7962448562,1.9873804701
48.7962450109,1.9873802714
48.7962451664,1.9873800689
48.7962453212,1.9873798662
48.7962454749,1.9873796613
48.7962456301,1.987379455
48.7962457862,1.9873792471
48.7962459403,1.9873790361
48.7962460953,1.9873788237
48.7962462499,1.9873786112
48.796246404,1.987378395
48.7962465572,1.9873781821
48.7962467132,1.9873779594
48.7962468686,1.9873777398
48.7962470242,1.9873775199
48.7962471843,1.9873772947
48.7962473421,1.9873770686
48.7962475011,1.9873768411
48.7962476602,1.9873766142
48.79624782,1.987376385
48.7962479796,1.9873761545
48.7962481406,1.9873759245
48.7962483017,1.9873756932
48.7962484628,1.9873754612
48.7962486238,1.9873752253
48.7962487863,1.9873749907
48.7962489484,1.9873747541
48.79624911,1.9873745178
48.7962492736,1.9873742778
48.7962494367,1.9873740372
48.7962495973,1.9873737993
48.796249762,1.987373553
48.7962499244,1.9873733079
48.7962500871,1.9873730625
48.7962502493,1.9873728145
48.7962504123,1.9873725645
48.7962505739,1.9873723128
48.796250737,1.9873720608
48.7962508995,1.9873718054
48.7962510603,1.9873715479
48.7962512233,1.9873712916
48.796251386,1.9873710325
48.7962515497,1.9873707729
48.7962517112,1.987370511
48.7962518727,1.9873702516
48.7962520388,1.9873699844
48.796252203,1.9873697212
48.7962523679,1.9873694551
48.7962525324,1.9873691864
48.7962526967,1.9873689186
48.7962528626,1.9873686501
48.7962530286,1.9873683802
48.7962531949,1.9873681104
48.7962533606,1.9873678369
48.7962535264,1.9873675624
48.796253693,1.987367288
48.7962538589,1.9873670122
48.7962540252,1.9873667345
48.7962541911,1.9873664556
48.7962543588,1.987366177
48.7962545249,1.9873658955
48.796254692,1.9873656132
48.7962548597,1.9873653302
48.7962550275,1.9873650471
48.7962551958,1.9873647623
48.7962553644,1.9873644757
48.7962555324,1.9873641887
48.796255701,1.987363902
48.7962558709,1.9873636128
48.7962560403,1.9873633237
48.79625621,1.9873630323
48.7962563805,1.987362741
48.7962565503,1.9873624479
48.7962567202,1.9873621548
48.7962568902,1.98736186
48.7962570597,1.9873615634
48.7962572292,1.9873612659
48.7962573997,1.9873609694
48.79625757,1.9873606692
48.7962577392,1.9873603677
48.7962579086,1.9873600663
48.7962580794,1.9873597659
48.7962582497,1.9873594617
48.7962584204,1.9873591582
48.7962585917,1.9873588538
48.7962587656,1.9873585501
48.796258938,1.9873582456
48.7962591113,1.98735794
48.7962592867,1.987357635
48.7962594628,1.9873573296
48.7962596378,1.9873570244
48.7962598152,1.9873567177
48.7962599925,1.9873564093
48.7962601703,1.9873561025
48.7962603495,1.9873557942
48.7962605273,1.9873554844
48.7962607058,1.9873551732
48.7962608838,1.9873548623
48.7962610634,1.9873545507
48.796261244,1.9873542375
48.7962614226,1.9873539278
48.7962616026,1.9873536104
48.7962617819,1.9873532954
48.7962619633,1.9873529801
48.796262144,1.9873526651
48.7962623253,1.9873523485
48.7962625071,1.9873520323
48.7962626895,1.9873517148
48.7962628702,1.9873513995
48.7962630531,1.9873510776
48.7962632361,1.987350758
48.7962634172,1.9873504366
48.7962635986,1.9873501165
48.796263782,1.987349796
48.7962639673,1.9873494675
48.7962641488,1.9873491481
48.7962643293,1.987348828
48.7962645143,1.9873484979
48.7962646958,1.9873481616
48.7962648792,1.9873478258
48.7962650623,1.9873474877
48.7962652468,1.9873471485
48.7962654297,1.9873468097
48.7962656144,1.98734647
48.7962657992,1.9873461348
48.7962659862,1.9873457903
48.7962661717,1.9873454504
48.7962663594,1.9873451095
48.7962665476,1.9873447678
48.7962667364,1.9873444267
48.7962669253,1.9873440845
48.796267115,1.987343742
48.7962673042,1.9873434034
48.7962674946,1.9873430602
48.7962676843,1.9873427097
48.7962678742,1.987342364
48.7962680638,1.987342018
48.7962682549,1.9873416711
48.796268444,1.9873413231
48.7962686347,1.987340975
48.7962688243,1.9873406248
48.796269016,1.9873402766
48.7962692081,1.9873399281
48.7962694009,1.9873395786
48.7962695933,1.9873392273
48.7962697858,1.9873388771
48.7962699807,1.9873385256
48.796270175,1.9873381755
48.7962703691,1.9873378221
48.7962705632,1.987337468
48.7962707579,1.987337116
48.796270953,1.9873367606
48.7962711485,1.9873364067
48.7962713433,1.9873360512
48.7962715406,1.9873356939
48.7962717364,1.9873353382
48.7962719336,1.9873349822
48.7962721312,1.9873346251
48.7962723293,1.9873342681
48.7962725299,1.9873339123
48.7962727296,1.9873335544
48.7962729292,1.9873331962
48.7962731301,1.987332839
48.7962733328,1.9873324793
48.7962735338,1.987332121
48.7962737353,1.9873317667
48.7962739378,1.9873314016
48.796274139,1.9873310406
48.7962743426,1.9873306792
48.7962745447,1.9873303221
48.7962747478,1.9873299532
48.7962749513,1.9873295905
48.796275153,1.9873292252
48.7962753567,1.9873288614
48.796275562,1.9873284961
48.796275767,1.98732813
48.7962759705,1.9873277652
48.7962761774,1.9873273973
48.7962763834,1.9873270286
48.7962765897,1.9873266598
48.7962767962,1.9873262905
48.7962770024,1.9873259262
48.796277212,1.9873255487
48.7962774184,1.9873251772
48.7962776266,1.987324804
48.796277833,1.9873244302
48.7962780425,1.9873240589
48.7962782501,1.987323685
48.7962784599,1.9873233097
48.7962786694,1.9873229379
48.7962788791,1.9873225644
48.7962790906,1.9873221902
48.7962793024,1.9873218159
48.7962795135,1.9873214431
48.7962797265,1.987321069
48.79627994,1.9873206944
48.7962801528,1.9873203206
48.7962803679,1.9873199455
48.7962805809,1.9873195694
48.796280798,1.9873191938
48.796281013,1.9873188168
48.7962812287,1.9873184401
48.7962814436,1.9873180627
48.7962816606,1.9873176829
48.796281877,1.9873173031
48.7962820915,1.9873169232
48.7962823074,1.9873165429
48.7962825234,1.9873161605
48.7962827414,1.987315779
48.7962829584,1.9873153967
48.7962831758,1.9873150143
48.7962833942,1.987314632
48.7962836129,1.9873142478
48.796283832,1.9873138637
48.7962840513,1.9873134804
48.7962842701,1.9873130956
48.7962844914,1.9873127103
48.7962847081,1.9873123078
48.7962849197,1.9873119027
48.7962851302,1.9873114949
48.7962853424,1.9873110883
48.7962855555,1.9873106802
48.7962857679,1.9873102731
48.7962859803,1.9873098639
48.7962861932,1.9873094543
48.7962864079,1.9873090451
48.7962866207,1.9873086358
48.7962868353,1.9873082247
48.7962870512,1.9873078141
48.7962872654,1.9873074016
48.7962874802,1.9873069909
48.7962876966,1.987306578
48.7962879124,1.9873061658
48.7962881285,1.9873057527
48.7962883442,1.9873053393
48.7962885606,1.9873049241
48.7962887773,1.987304509
48.7962889933,1.9873040932
48.7962892117,1.9873036779
48.7962894287,1.9873032606
48.7962896478,1.9873028442
48.7962898629,1.9873024257
48.7962900826,1.9873020077
48.7962903015,1.9873015903
48.7962905205,1.987301173
48.7962907393,1.9873007528
48.7962909585,1.987300335
48.7962911783,1.987299915
48.7962913981,1.9872994955
48.7962916183,1.9872990757
48.7962918388,1.9872986556
48.7962920608,1.9872982349
48.79629228,1.987297815
48.7962925022,1.9872973913
48.7962927243,1.9872969704
48.7962929446,1.9872965469
48.7962931677,1.9872961239
48.7962933888,1.9872956997
48.7962936122,1.9872952743
48.7962938335,1.9872948511
48.796294056,1.9872944248
48.7962942784,1.9872939997
48.7962945018,1.9872935736
48.7962947248,1.9872931465
48.7962949493,1.9872927209
48.7962951761,1.9872923032
48.7962953982,1.9872918678
48.7962956233,1.9872914403
48.7962958477,1.9872910127
48.7962960716,1.9872905851
48.796296299,1.987290156
48.7962965224,1.9872897298
48.7962967504,1.9872893111
48.796296975,1.9872888706
48.7962971999,1.9872884435
48.796297426,1.9872880116
48.7962976499,1.9872875829
48.7962978781,1.9872871534
48.7962981027,1.9872867234
48.7962983285,1.9872862925
48.7962985544,1.9872858617
48.7962987808,1.9872854309
48.796299007,1.9872850011
48.7962992335,1.9872845689
48.7962994615,1.9872841392
48.7962996882,1.9872837064
48.7962999155,1.9872832763
48.796300143,1.9872828449
48.7963003706,1.9872824132
48.7963006013,1.9872819926
48.7963008264,1.9872815519
48.796301053,1.9872811197
48.7963012799,1.987280689
48.7963015075,1.9872802562
48.7963017341,1.9872798238
48.7963019614,1.987279392
48.7963021879,1.9872789596
48.7963024192,1.9872785359
48.7963026402,1.9872780947
48.7963028678,1.9872776616
48.7963030959,1.9872772276
48.7963033222,1.9872767949
48.7963035483,1.987276362
48.7963037757,1.9872759282
48.7963040016,1.9872754957
48.7963042291,1.9872750635
48.796304457,1.9872746316
48.7963046859,1.9872742001
48.796304913,1.9872737658
48.7963051398,1.9872733343
48.7963053656,1.9872729016
48.7963055924,1.9872724674
48.796305819,1.987272033
48.7963060445,1.9872716009
48.7963062736,1.9872711763
48.7963064966,1.9872707324
48.7963067218,1.9872702966
48.7963069453,1.9872698587
48.7963071668,1.9872694239
48.796307389,1.9872689903
48.7963076118,1.9872685569
48.7963078351,1.9872681239
48.7963080569,1.9872676891
48.7963082796,1.9872672566
48.7963085016,1.9872668234
48.7963087254,1.9872663893
48.7963089468,1.9872659571
48.7963091671,1.9872655213
48.7963093898,1.9872650881
48.7963096097,1.9872646533
48.7963098302,1.9872642187
48.7963100508,1.9872637841
48.7963102722,1.9872633502
48.796310491,1.987262916
48.7963107161,1.9872624873
48.7963109306,1.9872620457
48.7963111523,1.9872616119
48.7963113715,1.9872611772
48.7963115913,1.9872607423
48.7963118126,1.9872603073
48.796312031,1.9872598725
48.7963122513,1.9872594361
48.7963124695,1.9872590022
48.7963126895,1.987258566
48.7963129078,1.987258129
48.7963131258,1.9872576944
48.7963133439,1.9872572578
48.7963135605,1.9872568206
48.7963137804,1.9872563841
48.7963139967,1.9872559486
48.7963142142,1.9872555099
48.7963144303,1.987255074
48.7963146487,1.9872546375
48.7963148651,1.9872542008
48.7963150816,1.9872537625
48.7963152976,1.9872533255
48.7963155145,1.9872528902
48.7963157342,1.9872524583
48.7963159478,1.9872520156
48.7963161639,1.9872515788
48.79631638,1.9872511423
48.7963165958,1.9872507061
48.7963168112,1.9872502684
48.7963170258,1.9872498312
48.7963172402,1.9872493947
48.7963174551,1.9872489563
48.7963176674,1.9872485188
48.7963178808,1.9872480816
48.7963180963,1.9872476435
48.7963183111,1.9872472071
48.7963185245,1.9872467687
48.7963187385,1.9872463295
48.7963189545,1.9872458902
48.7963191664,1.9872454534
48.7963193804,1.9872450141
48.7963195941,1.9872445762
48.7963198072,1.987244139
48.7963200215,1.9872437004
48.7963202351,1.9872432626
48.7963204481,1.9872428217
48.7963206601,1.9872423837
48.7963208716,1.9872419429
48.7963210834,1.9872415029
48.7963212932,1.987241062
48.7963215057,1.9872406237
48.7963217149,1.9872401846
48.7963219241,1.9872397437
48.7963221352,1.9872393025
48.7963223445,1.9872388646
48.7963225579,1.987238431
48.7963227639,1.987237983
48.7963229728,1.9872375442
48.7963231843,1.9872371069
48.7963233922,1.9872366671
48.7963236007,1.9872362262
48.7963238102,1.9872357864
48.7963240197,1.9872353474
48.7963242276,1.987234908
48.7963244355,1.9872344677
48.7963246443,1.9872340267
48.796324852,1.9872335871
48.796325059,1.9872331478
48.7963252657,1.9872327075
48.7963254718,1.9872322657
48.7963256812,1.9872318323
48.7963258837,1.9872313841
48.7963260883,1.9872309446
48.7963262969,1.9872305101
48.7963264968,1.9872300616
48.7963267022,1.9872296226
48.7963269065,1.9872291818
48.7963271117,1.9872287412
48.7963273156,1.9872283029
48.7963275199,1.9872278608
48.7963277226,1.9872274219
48.7963279252,1.9872269829
48.7963281303,1.9872265433
48.7963283354,1.9872261105
48.7963285445,1.9872256786
48.7963287529,1.9872252491
48.7963289585,1.9872248118
48.7963291653,1.9872243798
48.7963293708,1.9872239456
48.7963295768,1.9872235126
48.7963297837,1.9872230787
48.7963299876,1.9872226461
48.796330193,1.9872222156
48.7963303972,1.9872217814
48.7963306023,1.9872213479
48.7963308085,1.9872209171
48.7963310125,1.9872204849
48.7963312177,1.9872200521
48.7963314216,1.9872196221
48.7963316259,1.9872191909
48.7963318296,1.9872187607
48.7963320346,1.9872183308
48.7963322367,1.9872179003
48.7963324402,1.9872174719
48.7963326415,1.9872170421
48.7963328443,1.9872166123
48.7963330455,1.9872161852
48.7963332456,1.9872157579
48.796333448,1.9872153272
48.7963336478,1.9872148969
48.7963338492,1.9872144683
48.7963340484,1.9872140409
48.796334249,1.9872136136
48.7963344468,1.9872131824
48.7963346464,1.9872127541
48.7963348447,1.9872123242
48.7963350431,1.987211895
48.7963352412,1.9872114668
48.7963354396,1.9872110392
48.796335639,1.9872106115
48.7963358354,1.9872101841
48.7963360321,1.9872097564
48.7963362321,1.9872093328
48.7963364276,1.9872089057
48.7963366267,1.9872084797
48.7963368232,1.9872080536
48.7963370193,1.9872076289
48.7963372169,1.9872072043
48.7963374135,1.9872067803
48.7963376104,1.9872063581
48.796337805,1.9872059324
48.7963380018,1.9872055088
48.796338199,1.987205084
48.7963383929,1.9872046625
48.7963385875,1.987204239
48.7963387835,1.9872038175
48.7963389777,1.987203395
48.7963391732,1.9872029722
48.7963393671,1.9872025525
48.7963395622,1.9872021296
48.7963397568,1.9872017089
48.7963399507,1.9872012859
48.7963401443,1.9872008662
48.7963403383,1.9872004468
48.7963405334,1.9872000262
48.7963407253,1.9871996056
48.7963409193,1.9871991858
48.7963411126,1.9871987672
48.7963413052,1.9871983477
48.7963414985,1.9871979287
48.7963416904,1.9871975095
48.7963418842,1.987197092
48.7963420763,1.9871966751
48.7963422681,1.9871962556
48.7963424612,1.9871958384
48.7963426527,1.987195422
48.7963428462,1.987195005
48.7963430374,1.9871945895
48.7963432306,1.9871941725
48.7963434214,1.987193756
48.7963436139,1.9871933427
48.7963438057,1.9871929263
48.7963439972,1.987192514
48.7963441878,1.9871920957
48.7963443794,1.987191683
48.7963445707,1.9871912678
48.7963447609,1.9871908527
48.7963449529,1.9871904409
48.7963451437,1.9871900284
48.7963453362,1.9871896162
48.7963455263,1.9871892048
48.7963457186,1.9871887928
48.7963459101,1.9871883819
48.796346102,1.9871879723
48.796346293,1.9871875613
48.7963464836,1.9871871521
48.796346674,1.9871867413
48.7963468643,1.9871863319
48.7963470548,1.987185921
48.7963472444,1.9871855122
48.7963474334,1.9871851015
48.7963476234,1.9871846927
48.7963478122,1.987184285
48.7963480018,1.9871838749
48.7963481896,1.9871834624
48.7963483775,1.9871830495
48.7963485667,1.9871826376
48.7963487549,1.987182227
48.7963489431,1.9871818156
48.7963491311,1.9871814039
48.7963493189,1.9871809935
48.7963495056,1.9871805832
48.7963496931,1.9871801737
48.796349882,1.9871797634
48.7963500689,1.9871793531
48.7963502557,1.9871789449
48.7963504435,1.9871785341
48.7963506307,1.9871781264
48.7963508176,1.9871777188
48.7963510051,1.9871773106
48.796351192,1.987176902
48.7963513797,1.9871764957
48.7963515682,1.9871760888
48.7963517555,1.9871756815
48.7963519424,1.9871752744
48.7963521297,1.9871748697
48.7963523168,1.9871744635
48.7963525043,1.9871740585
48.7963526924,1.9871736544
48.7963528795,1.9871732483
48.7963530661,1.9871728438
48.796353254,1.9871724411
48.7963534425,1.9871720361
48.7963536309,1.9871716335
48.7963538169,1.9871712307
48.7963540057,1.9871708267
48.7963541933,1.9871704229
48.7963543815,1.9871700213
48.7963545688,1.9871696188
48.7963547554,1.9871692157
48.7963549437,1.9871688131
48.7963551319,1.9871684097
48.7963553196,1.9871680106
48.7963555068,1.9871676073
48.7963556936,1.9871672026
48.7963558802,1.9871668009
48.7963560671,1.9871664001
48.796356254,1.9871659956
48.7963564393,1.9871655945
48.7963566269,1.9871651921
48.796356813,1.9871647883
48.7963570003,1.9871643888
48.7963571856,1.987163986
48.7963573723,1.9871635836
48.7963575586,1.9871631806
48.7963577454,1.9871627815
48.7963579323,1.9871623802
48.7963581199,1.9871619828
48.7963583054,1.987161579
48.7963584927,1.9871611785
48.79635868,1.98716078
48.7963588663,1.9871603805
48.7963590553,1.9871599803
48.796359241,1.9871595804
48.7963594299,1.9871591815
48.7963596165,1.9871587818
48.796359804,1.9871583831
48.7963599912,1.9871579847
48.7963601794,1.9871575851
48.796360366,1.987157185
48.796360552,1.9871567881
48.79636074,1.9871563863
48.7963609276,1.987155988
48.7963611136,1.9871555899
48.7963612995,1.98715519
48.7963614861,1.9871547897
48.796361672,1.9871543903
48.796361858,1.9871539905
48.7963620442,1.9871535925
48.7963622309,1.9871531933
48.796362417,1.9871527939
48.7963626045,1.9871523977
48.796362789,1.9871519981
48.7963629772,1.9871516
48.7963631634,1.9871512017
48.7963633511,1.9871508048
48.7963635402,1.9871504064
48.7963637268,1.9871500101
48.7963639136,1.9871496111
48.7963641023,1.9871492154
48.7963642894,1.9871488177
48.7963644765,1.9871484196
48.7963646643,1.9871480235
48.7963648528,1.98714763
48.7963650408,1.9871472296
48.7963652264,1.9871468331
48.7963654141,1.9871464341
48.7963656,1.9871460352
48.7963657868,1.9871456383
48.796365973,1.9871452439
48.7963661595,1.9871448483
48.7963663466,1.9871444441
48.7963665332,1.9871440483
48.7963667215,1.9871436542
48.7963669081,1.9871432554
48.7963670947,1.9871428575
48.7963672795,1.9871424598
48.796367466,1.9871420616
48.7963676519,1.9871416658
48.7963678381,1.9871412677
48.7963680228,1.9871408701
48.7963682085,1.9871404741
48.7963683941,1.987140076
48.796368581,1.9871396786
48.7963687653,1.9871392829
48.7963689513,1.987138889
48.7963691387,1.9871384885
48.7963693245,1.9871380948
48.7963695104,1.9871376946
48.7963696963,1.9871372985
48.7963698826,1.987136903
48.796370069,1.9871365054
48.7963702564,1.9871361084
48.7963704422,1.9871357129
48.7963706294,1.9871353163
48.7963708143,1.9871349198
48.7963709999,1.9871345267
48.7963711873,1.9871341266
48.796371373,1.9871337313
48.7963715597,1.9871333355
48.7963717457,1.9871329388
48.7963719321,1.987132542
48.7963721181,1.9871321466
48.7963723064,1.9871317511
48.7963724906,1.9871313543
48.7963726788,1.9871309601
48.7963728664,1.987130564
48.7963730525,1.9871301698
48.7963732405,1.9871297748
48.7963734276,1.9871293796
48.7963736141,1.9871289846
48.7963738001,1.9871285908
48.7963739885,1.9871281947
48.7963741749,1.9871277994
48.7963743603,1.9871274044
48.7963745464,1.9871270087
48.7963747311,1.9871266118
48.7963749157,1.9871262168
48.7963751018,1.9871258193
48.7963752877,1.987125423
48.7963754738,1.987125029
48.7963756597,1.9871246311
48.7963758443,1.9871242346
48.796376032,1.987123838
48.7963762191,1.9871234431
48.7963764034,1.987123048
48.7963765893,1.9871226505
48.7963767756,1.9871222536
48.7963769619,1.987121859
48.7963771483,1.9871214637
48.7963773338,1.9871210688
48.796377516,1.98712068
48.7963776986,1.9871202904
48.7963778788,1.9871199056
48.7963780629,1.9871195196
48.7963782444,1.9871191311
48.7963784269,1.9871187437
48.7963786117,1.9871183498
48.7963787942,1.9871179611
48.7963789779,1.9871175741
48.7963791595,1.9871171841
48.7963793425,1.987116792
48.7963795283,1.9871163983
48.7963797137,1.9871160056
48.796379897,1.9871156152
48.7963800838,1.9871152229
48.7963802659,1.9871148309
48.7963804505,1.9871144409
48.7963806366,1.9871140475
48.7963808221,1.9871136559
48.7963810082,1.9871132606
48.7963811954,1.9871128682
48.7963813801,1.9871124789
48.7963815635,1.9871120894
48.7963817484,1.9871116984
48.7963819329,1.9871113068
48.7963821156,1.9871109134
48.796382301,1.9871105222
48.7963824837,1.9871101325
48.7963826683,1.9871097406
48.7963828535,1.9871093489
48.796383038,1.9871089565
48.7963832221,1.9871085654
48.796383407,1.9871081735
48.7963835923,1.9871077833
48.7963837772,1.9871073928
48.7963839632,1.9871070045
48.796384147,1.9871066105
48.7963843339,1.9871062192
48.7963845188,1.9871058285
48.7963847058,1.9871054416
48.7963848902,1.9871050461
48.7963850779,1.9871046569
48.7963852654,1.9871042671
48.796385449,1.9871038713
48.7963856348,1.9871034769
48.7963858196,1.9871030855
48.796386005,1.9871026921
48.7963861902,1.9871022991
48.7963863763,1.9871019052
48.7963865614,1.9871015128
48.7963867465,1.987101119
48.7963869332,1.9871007255
48.7963871193,1.9871003316
48.7963873066,1.9870999393
48.7963874917,1.9870995426
48.7963876793,1.9870991489
48.7963878655,1.9870987532
48.7963880522,1.9870983581
48.7963882385,1.9870979657
48.7963884244,1.9870975696
48.7963886127,1.987097173
48.7963887993,1.9870967786
48.7963889848,1.9870963861
48.7963891722,1.9870959872
48.7963893577,1.9870955903
48.7963895433,1.9870951921
48.7963897292,1.9870947956
48.7963899142,1.9870943979
48.7963901004,1.9870940023
48.7963902843,1.9870936023
48.7963904708,1.987093204
48.7963906572,1.9870928085
48.796390843,1.9870924102
48.7963910276,1.9870920118
48.7963912142,1.9870916156
48.7963914019,1.9870912165
48.7963915878,1.9870908197
48.7963917764,1.9870904219
48.7963919626,1.9870900252
48.7963921502,1.9870896274
48.7963923375,1.9870892316
48.7963925223,1.9870888433
48.7963927035,1.9870884595
48.7963928851,1.9870880799
48.7963930644,1.987087688
48.7963932457,1.9870873037
48.7963934265,1.9870869241
48.7963936039,1.9870865283
48.7963937872,1.9870861449
48.7963939683,1.9870857544
48.7963941508,1.9870853715
48.7963943309,1.9870849845
48.7963945131,1.9870845987
48.7963946972,1.9870842116
48.7963948778,1.987083823
48.7963950601,1.9870834338
48.7963952475,1.9870830399
48.7963954363,1.9870826366
48.7963956271,1.9870822337
48.7963958102,1.9870818471
48.7963959959,1.9870814636
48.7963961828,1.9870810709
48.7963963659,1.9870806862
48.7963965564,1.9870802824
48.7963967454,1.9870798872
48.7963969288,1.9870794965
48.7963971185,1.9870791046
48.7963973029,1.9870787089
48.7963974912,1.9870783105
48.7963976786,1.9870779139
48.7963978647,1.9870775228
48.7963980522,1.9870771297
48.7963982382,1.9870767336
48.7963984254,1.9870763397
48.7963986112,1.9870759465
48.7963987986,1.9870755526
48.7963989852,1.9870751565
48.7963991729,1.987074763
48.7963993576,1.9870743692
48.796399545,1.987073977
48.7963997313,1.9870735838
48.7963999165,1.98707319
48.7964001013,1.9870727971
48.7964002875,1.9870724055
48.7964004727,1.9870720093
48.7964006573,1.9870716172
48.7964008426,1.9870712234
48.7964010275,1.987070831
48.7964012124,1.9870704396
48.7964013971,1.9870700491
48.7964015815,1.9870696566
48.7964017657,1.9870692661
48.7964019506,1.987068876
48.7964021352,1.987068485
48.7964023203,1.9870680949
48.7964025053,1.9870677038
48.7964026893,1.9870673143
48.7964028743,1.9870669239
48.7964030608,1.9870665384
48.796403243,1.9870661456
48.7964034269,1.9870657558
48.7964036106,1.9870653653
48.7964037942,1.9870649738
48.7964039782,1.9870645845
48.7964041618,1.9870641941
48.7964043456,1.9870638043
48.7964045295,1.9870634136
48.7964047131,1.9870630233
48.7964048965,1.9870626329
48.7964050815,1.9870622439
48.7964052654,1.9870618552
48.7964054492,1.9870614651
48.7964056339,1.9870610757
48.7964058185,1.9870606869
48.7964060021,1.9870602973
48.7964061871,1.9870599076
48.7964063713,1.9870595187
48.7964065557,1.9870591284
48.7964067407,1.9870587389
48.7964069241,1.9870583513
48.7964071096,1.9870579614
48.7964072948,1.9870575719
48.7964074796,1.9870571864
48.7964076647,1.9870567949
48.7964078499,1.9870564057
48.7964080348,1.9870560178
48.79640822,1.9870556303
48.7964084043,1.9870552411
48.7964085892,1.9870548536
48.7964087731,1.9870544642
48.796408958,1.9870540762
48.7964091401,1.987053687
48.7964093249,1.9870533004
48.7964095088,1.9870529108
48.7964096912,1.9870525216
48.7964098752,1.9870521337
48.7964100575,1.9870517437
48.7964102411,1.9870513557
48.7964104241,1.9870509669
48.796410607,1.9870505798
48.7964107899,1.9870501928
48.7964109737,1.9870498061
48.7964111578,1.987049419
48.7964113404,1.9870490313
48.7964115242,1.9870486446
48.7964117068,1.9870482589
48.7964118914,1.9870478725
48.7964120739,1.9870474858
48.7964122572,1.9870471008
48.796412441,1.9870467139
48.7964126239,1.9870463281
48.7964128074,1.9870459417
48.7964129895,1.987045556
48.7964131722,1.9870451686
48.7964133552,1.9870447842
48.7964135377,1.9870444013
48.7964137192,1.9870440118
48.7964139013,1.9870436281
48.7964140852,1.9870432424
48.7964142673,1.9870428573
48.7964144497,1.987042473
48.7964146321,1.9870420865
48.7964148133,1.9870417025
48.7964149974,1.9870413183
48.7964151788,1.9870409323
48.7964153621,1.9870405473
48.7964155432,1.9870401631
48.7964157273,1.9870397776
48.7964159082,1.9870393921
48.7964160904,1.9870390085
48.7964162744,1.9870386222
48.7964164554,1.9870382378
48.7964166381,1.9870378527
48.7964168211,1.9870374708
48.7964170032,1.9870370836
48.7964171857,1.9870366994
48.796417368,1.9870363144
48.7964175502,1.9870359298
48.7964177337,1.9870355478
48.7964179164,1.9870351623
48.796418099,1.9870347801
48.7964182821,1.9870343972
48.7964184653,1.9870340133
48.7964186489,1.9870336307
48.7964188313,1.9870332479
48.7964190153,1.9870328654
48.796419198,1.9870324841
48.7964193818,1.9870321016
48.7964195656,1.9870317201
48.7964197479,1.987031338
48.7964199315,1.987030956
48.7964201137,1.9870305752
48.7964202969,1.9870301921
48.7964204792,1.9870298102
48.7964206625,1.9870294296
48.7964208435,1.9870290463
48.7964210252,1.9870286632
48.796421206,1.9870282802
48.7964213879,1.9870278983
48.7964215695,1.9870275154
48.7964217506,1.9870271331
48.7964219299,1.9870267507
48.7964221102,1.9870263692
48.796422292,1.9870259887
48.7964224739,1.9870256059
48.7964226534,1.9870252244
48.7964228358,1.987024845
48.7964230172,1.9870244628
48.7964231978,1.9870240805
48.7964233781,1.9870237005
48.7964235588,1.9870233202
48.7964237385,1.9870229366
48.7964239198,1.9870225553
48.7964240999,1.9870221732
48.7964242803,1.9870217908
48.7964244595,1.9870214105
48.7964246402,1.9870210275
48.7964248195,1.9870206453
48.7964249989,1.9870202651
48.7964251794,1.9870198828
48.79642536,1.9870195022
48.7964255393,1.9870191223
48.7964257207,1.987018743
48.7964259007,1.9870183622
48.7964260827,1.9870179852
48.7964262636,1.9870176048
48.7964264441,1.9870172268
48.7964266248,1.9870168483
48.7964268069,1.9870164688
48.7964269889,1.9870160896
48.7964271679,1.9870157113
48.7964273494,1.9870153317
48.7964275308,1.9870149524
48.7964277113,1.9870145739
48.7964278918,1.9870141928
48.7964280721,1.9870138138
48.7964282518,1.9870134328
48.7964284333,1.9870130527
48.7964286129,1.9870126738
48.796428793,1.9870122946
48.7964289729,1.9870119153
48.7964291541,1.9870115357
48.7964293342,1.9870111564
48.7964295139,1.9870107771
48.7964296937,1.9870103981
48.7964298741,1.9870100197
48.796430055,1.987009641
48.7964302347,1.9870092637
48.7964304163,1.9870088844
48.7964305967,1.9870085077
48.7964307778,1.987008128
48.7964309589,1.9870077506
48.7964311404,1.9870073748
48.7964313212,1.9870069954
48.7964315017,1.9870066173
48.7964316831,1.9870062395
48.7964318634,1.9870058632
48.7964320451,1.9870054833
48.7964322258,1.987005106
48.796432406,1.987004726
48.7964325857,1.9870043466
48.7964327662,1.9870039675
48.796432947,1.9870035905
48.796433126,1.9870032086
48.7964333049,1.987002828
48.7964334848,1.9870024507
48.7964336651,1.9870020693
48.7964338451,1.9870016902
48.7964340247,1.9870013108
48.796434206,1.9870009327
48.7964343871,1.9870005542
48.7964345679,1.9870001751
48.7964347483,1.9869997952
48.7964349304,1.9869994178
48.7964351099,1.9869990406
48.7964352911,1.9869986614
48.7964354718,1.986998282
48.7964356506,1.9869979032
48.7964358319,1.9869975265
48.7964360109,1.9869971441
48.7964361902,1.9869967669
48.7964363695,1.986996386
48.7964365504,1.986996007
48.7964367294,1.9869956284
48.7964369108,1.9869952504
48.7964370908,1.98699487
48.796437272,1.9869944942
48.7964374531,1.9869941155
48.7964376359,1.9869937394
48.7964378162,1.98699336
48.796437998,1.986992984
48.7964381794,1.9869926062
48.7964383607,1.9869922294
48.7964385413,1.9869918515
48.7964387238,1.9869914753
48.7964389024,1.9869910957
48.7964390835,1.9869907178
48.7964392622,1.9869903384
48.7964394421,1.9869899588
48.7964396231,1.9869895797
48.7964398015,1.9869892024
48.7964399831,1.9869888243
48.7964401634,1.9869884472
48.7964403432,1.9869880673
48.796440523,1.9869876891
48.796440703,1.9869873095
48.7964408842,1.9869869307
48.7964410635,1.986986554
48.7964412454,1.9869861755
48.7964414271,1.9869857993
48.7964416088,1.9869854217
48.7964417895,1.9869850447
48.7964419726,1.9869846669
48.7964421538,1.9869842908
48.7964423356,1.9869839141
48.7964425186,1.9869835358
48.7964426993,1.9869831604
48.7964428803,1.9869827809
48.7964430614,1.9869824033
48.7964432426,1.9869820254
48.7964434248,1.9869816468
48.7964436041,1.9869812687
48.7964437854,1.9869808907
48.7964439654,1.9869805109
48.7964441441,1.9869801318
48.7964443258,1.9869797545
48.7964445059,1.9869793744
48.7964446871,1.9869789956
48.7964448666,1.9869786167
48.7964450465,1.9869782374
48.7964452268,1.9869778579
48.7964454082,1.9869774812
48.7964455877,1.9869771008
48.7964457687,1.9869767221
48.7964459504,1.9869763448
48.7964461295,1.9869759624
48.7964463106,1.9869755847
48.7964464915,1.9869752061
48.796446672,1.9869748258
48.7964468528,1.9869744467
48.7964470325,1.9869740661
48.7964472131,1.9869736876
48.7964473938,1.9869733067
48.7964475744,1.9869729294
48.7964477536,1.9869725514
48.7964479353,1.9869721696
48.7964481147,1.9869717898
48.7964482945,1.9869714118
48.7964484751,1.9869710306
48.7964486552,1.9869706527
48.7964488359,1.986970273
48.7964490163,1.986969896
48.7964491971,1.9869695183
48.7964493792,1.9869691386
48.7964495592,1.9869687605
48.7964497403,1.9869683835
48.7964499221,1.9869680072
48.7964501027,1.986967626
48.7964502832,1.9869672496
48.7964504635,1.9869668696
48.7964506432,1.986966492
48.7964508232,1.9869661141
48.7964510028,1.9869657328
48.7964511817,1.9869653541
48.7964513621,1.9869649746
48.7964515421,1.9869645955
48.7964517223,1.9869642166
48.7964519009,1.9869638387
48.7964520812,1.9869634583
48.7964522616,1.9869630804
48.7964524414,1.9869627016
48.7964526231,1.9869623223
48.7964528027,1.9869619433
48.7964529849,1.9869615646
48.7964531672,1.9869611881
48.7964533464,1.9869608095
48.7964535283,1.9869604316
48.796453709,1.9869600534
48.7964538898,1.9869596758
48.7964540701,1.9869592984
48.7964542508,1.98695892
48.7964544308,1.9869585412
48.7964546104,1.9869581637
48.7964547909,1.9869577873
48.7964549699,1.9869574049
48.79645515,1.986957028
48.7964553289,1.9869566487
48.7964555093,1.9869562705
48.7964556882,1.9869558927
48.7964558689,1.9869555146
48.7964560479,1.9869551374
48.7964562281,1.9869547588
48.7964564087,1.9869543816
48.7964565887,1.9869540027
48.7964567695,1.9869536254
48.7964569485,1.9869532481
48.7964571289,1.9869528695
48.7964573092,1.9869524921
48.7964574889,1.9869521148
48.7964576693,1.9869517366
48.7964578483,1.9869513582
48.7964580279,1.9869509781
48.7964582071,1.9869505974
48.7964583869,1.9869502198
48.7964585663,1.986949842
48.7964587461,1.9869494608
48.7964589261,1.986949081
48.7964591042,1.9869487012
48.7964592836,1.9869483242
48.7964594629,1.9869479451
48.7964596421,1.9869475675
48.7964598202,1.9869471895
48.7964599995,1.9869468121
48.796460178,1.9869464342
48.7964603569,1.9869460569
48.7964605349,1.9869456805
48.7964607136,1.9869453052
48.7964608927,1.9869449294
48.7964610687,1.9869445503
48.7964612462,1.9869441757
48.7964614247,1.986943797
48.7964616021,1.9869434206
48.7964617798,1.9869430428
48.7964619586,1.9869426643
48.7964621381,1.9869422861
48.7964623152,1.9869419076
48.796462494,1.9869415295
48.7964626737,1.9869411523
48.796462853,1.9869407758
48.7964630289,1.9869403984
48.7964632062,1.9869400218
48.7964633874,1.9869396437
48.7964635643,1.9869392656
48.7964637418,1.9869388895
48.7964639198,1.9869385135
48.7964641003,1.9869381345
48.7964642768,1.9869377595
48.7964644555,1.9869373855
48.7964646337,1.986937005
48.7964648109,1.9869366317
48.7964649888,1.9869362525
48.7964651663,1.9869358768
48.7964653427,1.9869355007
48.79646552,1.9869351225
48.7964656972,1.986934746
48.7964658713,1.9869343701
48.796466049,1.9869339928
48.7964662252,1.9869336149
48.7964664014,1.9869332395
48.7964665767,1.9869328631
48.7964667523,1.9869324851
48.7964669276,1.9869321086
48.796467103,1.9869317336
48.7964672798,1.986931357
48.7964674543,1.9869309803
48.7964676303,1.9869306035
48.7964678062,1.9869302283
48.7964679809,1.9869298527
48.7964681563,1.9869294767
48.7964683317,1.9869291005
48.7964685079,1.9869287261
48.7964686811,1.9869283503
48.7964688572,1.9869279747
48.7964690309,1.9869275989
48.7964692059,1.9869272239
48.7964693804,1.9869268486
48.7964695556,1.9869264744
48.7964697317,1.9869261
48.7964699056,1.9869257249
48.7964700811,1.9869253513
48.7964702564,1.9869249764
48.7964704315,1.9869246028
48.796470605,1.9869242281
48.7964707812,1.9869238544
48.7964709556,1.9869234797
48.7964711299,1.986923107
48.7964713044,1.9869227343
48.796471479,1.9869223563
48.7964716523,1.9869219815
48.7964718267,1.9869216074
48.7964719997,1.9869212332
48.7964721741,1.9869208583
48.7964723467,1.9869204837
48.7964725196,1.9869201088
48.7964726921,1.9869197343
48.7964728649,1.9869193603
48.7964730387,1.986918986
48.7964732102,1.9869186113
48.7964733844,1.9869182386
48.7964735572,1.9869178648
48.7964737304,1.9869174916
48.7964739032,1.9869171192
48.7964740763,1.986916746
48.7964742499,1.9869163738
48.7964744224,1.9869159995
48.7964745955,1.9869156282
48.7964747666,1.9869152537
48.7964749398,1.98691488
48.7964751122,1.986914507
48.7964752845,1.9869141354
48.7964754553,1.9869137632
48.7964756285,1.9869133922
48.7964757975,1.986913022
48.7964759678,1.9869126508
48.7964761377,1.9869122797
48.7964763056,1.9869119069
48.7964764754,1.9869115357
48.7964766426,1.986911167
48.7964768133,1.9869107939
48.7964769809,1.986910423
48.7964771517,1.9869100522
48.7964773219,1.9869096805
48.7964774897,1.9869093117
48.7964776601,1.9869089407
48.7964778301,1.9869085706
48.7964780002,1.9869081998
48.7964781699,1.9869078324
48.7964783403,1.9869074614
48.7964785089,1.9869070905
48.7964786768,1.9869067215
48.796478846,1.9869063506
48.7964790159,1.9869059817
48.796479183,1.9869056116
48.7964793502,1.9869052407
48.7964795176,1.9869048706
48.7964796842,1.9869044998
48.7964798511,1.9869041282
48.7964800183,1.9869037597
48.7964801856,1.9869033908
48.7964803526,1.9869030199
48.7964805193,1.9869026514
48.7964806875,1.9869022825
48.796480855,1.9869019127
48.7964810214,1.9869015458
48.7964811894,1.9869011757
48.7964813576,1.9869008071
48.7964815238,1.9869004395
48.796481691,1.9869000712
48.7964818583,1.9868997003
48.7964820253,1.9868993332
48.7964821919,1.9868989662
48.7964823575,1.9868985953
48.7964825234,1.9868982262
48.7964826905,1.9868978585
48.7964828561,1.9868974894
48.7964830219,1.98689712
48.7964831872,1.9868967523
48.7964833538,1.9868963833
48.796483519,1.986896015
48.7964836846,1.9868956482
48.7964838516,1.9868952807
48.796484017,1.9868949123
48.796484182,1.9868945431
48.7964843479,1.9868941768
48.7964845139,1.9868938089
48.7964846796,1.9868934411
48.7964848443,1.9868930728
48.7964850099,1.9868927048
48.7964851762,1.9868923376
48.7964853385,1.98689197
48.7964855035,1.9868916031
48.7964856683,1.9868912352
48.7964858339,1.9868908686
48.7964859975,1.9868905021
48.7964861626,1.9868901356
48.7964863271,1.9868897686
48.7964864909,1.9868894029
48.7964866554,1.9868890375
48.79648682,1.986888672
48.7964869853,1.986888306
48.7964871496,1.986887942
48.7964873132,1.9868875772
48.7964874777,1.9868872126
48.7964876421,1.9868868492
48.7964878074,1.986886485
48.7964879717,1.9868861217
48.7964881361,1.9868857572
48.7964883009,1.9868853932
48.7964884648,1.9868850306
48.7964886294,1.9868846681
48.7964887938,1.9868843042
48.796488958,1.986883939
48.7964891216,1.9868835765
48.7964892867,1.9868832116
48.7964894504,1.9868828478
48.796489614,1.9868824838
48.7964897775,1.9868821194
48.7964899394,1.9868817564
48.7964901034,1.9868813918
48.7964902655,1.9868810282
48.7964904283,1.9868806669
48.7964905918,1.9868803036
48.7964907567,1.9868799408
48.7964909189,1.9868795794
48.7964910834,1.9868792197
48.7964912467,1.9868788567
48.7964914112,1.9868784975
48.7964915737,1.9868781348
48.7964917377,1.9868777744
48.7964919009,1.9868774138
48.7964920644,1.9868770527
48.7964922279,1.9868766921
48.7964923895,1.9868763302
48.7964925526,1.9868759674
48.7964927132,1.9868756069
48.7964928756,1.9868752458
48.7964930373,1.9868748848
48.7964931989,1.9868745236
48.7964933606,1.9868741634
48.796493522,1.9868738034
48.7964936841,1.9868734436
48.7964938459,1.9868730846
48.7964940075,1.9868727259
48.7964941696,1.9868723657
48.7964943316,1.9868720076
48.7964944932,1.9868716497
48.7964946559,1.9868712906
48.7964948172,1.9868709341
48.7964949793,1.9868705766
48.7964951413,1.9868702185
48.796495303,1.9868698602
48.7964954633,1.9868695027
48.796495625,1.9868691467
48.796495785,1.9868687882
48.7964959472,1.9868684306
48.7964961074,1.9868680729
48.7964962665,1.9868677158
48.796496427,1.9868673578
48.796496588,1.9868670033
48.7964967477,1.9868666448
48.7964969076,1.9868662902
48.7964970675,1.9868659357
48.7964972297,1.9868655794
48.7964973878,1.986865223
48.7964975494,1.9868648699
48.7964977082,1.9868645138
48.7964978696,1.9868641594
48.7964980287,1.9868638056
48.7964981886,1.9868634538
48.7964983488,1.9868630995
48.7964985084,1.9868627453
48.7964986671,1.9868623918
48.7964988261,1.9868620402
48.7964989844,1.9868616866
48.7964991437,1.9868613337
48.7964993025,1.9868609813
48.7964994615,1.9868606302
48.796499621,1.9868602778
48.796499779,1.9868599256
48.7964999386,1.9868595741
48.7965000992,1.9868592236
48.7965002564,1.9868588719
48.7965004172,1.9868585217
48.7965005751,1.9868581707
48.7965007347,1.9868578215
48.796500894,1.9868574713
48.7965010527,1.9868571219
48.7965012114,1.9868567717
48.7965013702,1.9868564236
48.7965015299,1.9868560749
48.7965016874,1.9868557264
48.7965018456,1.9868553788
48.7965020052,1.9868550298
48.7965021627,1.9868546813
48.7965023213,1.9868543338
48.7965024789,1.9868539862
48.7965026368,1.9868536382
48.7965027938,1.9868532929
48.7965029511,1.9868529442
48.7965031074,1.9868525994
48.7965032638,1.9868522528
48.7965034206,1.9868519078
48.7965035759,1.9868515627
48.796503733,1.9868512182
48.796503888,1.9868508735
48.7965040446,1.9868505289
48.796504201,1.9868501834
48.7965043564,1.9868498395
48.7965045112,1.986849499
48.7965046676,1.9868491566
48.796504824,1.986848816
48.7965049789,1.986848476
48.7965051342,1.9868481373
48.7965052892,1.9868477988
48.7965054441,1.9868474601
48.7965055992,1.98684712
48.7965057525,1.9868467827
48.7965059059,1.9868464454
48.7965060588,1.9868461076
48.7965062109,1.98684577
48.7965063615,1.9868454322
48.7965065122,1.9868450964
48.7965066628,1.9868447602
48.7965068133,1.9868444254
48.7965069627,1.9868440911
48.796507112,1.9868437571
48.7965072612,1.9868434261
48.7965074106,1.986843095
48.7965075586,1.9868427642
48.7965077063,1.9868424364
48.796507853,1.9868421089
48.7965080001,1.9868417836
48.796508147,1.9868414574
48.7965082926,1.9868411337
48.7965084377,1.9868408111
48.7965085833,1.9868404889
48.7965087291,1.9868401693
48.7965088741,1.9868398498
48.7965090185,1.9868395327
48.7965091625,1.986839216
48.7965093063,1.9868389005
48.7965094483,1.986838587
48.7965095915,1.9868382747
48.7965097329,1.9868379635
48.7965098737,1.9868376533
48.7965100135,1.9868373454
48.7965101528,1.9868370378
48.7965102916,1.9868367335
48.796510429,1.9868364307
48.796510566,1.986836129
48.7965107009,1.986835829
48.7965108371,1.9868355326
48.7965109715,1.9868352354
48.7965111051,1.9868349411
48.7965112382,1.9868346484
48.7965113705,1.9868343589
48.7965115027,1.9868340701
48.7965116342,1.986833784
48.7965117648,1.9868334996
48.7965118946,1.9868332165
48.7965120245,1.9868329358
48.7965121523,1.9868326566
48.7965122798,1.9868323796
48.796512407,1.9868321031
48.7965125326,1.9868318293
48.7965126578,1.9868315567
48.7965127812,1.986831285
48.7965129021,1.9868310154
48.7965130236,1.9868307478
48.7965131429,1.9868304811
48.7965132617,1.9868302182
48.7965133793,1.9868299542
48.7965134972,1.9868296951
48.7965136122,1.9868294373
48.7965137275,1.9868291811
48.7965138426,1.9868289282
48.7965139568,1.9868286768
48.7965140696,1.9868284278
48.7965141817,1.9868281806
48.7965142942,1.986827936
48.7965144056,1.9868276926
48.7965145155,1.9868274524
48.7965146245,1.9868272133
48.7965147333,1.9868269759
48.79651484,1.9868267407
48.796514946,1.9868265068
48.7965150496,1.9868262738
48.7965151536,1.9868260427
48.7965152552,1.9868258144
48.7965153566,1.9868255877
48.7965154573,1.9868253618
48.7965155558,1.986825139
48.7965156538,1.9868249172
48.7965157512,1.9868246993
48.7965158485,1.9868244832
48.7965159441,1.9868242669
48.7965160397,1.986824055
48.7965161341,1.9868238449
48.7965162286,1.9868236372
48.7965163228,1.9868234327
48.7965164164,1.9868232305
48.7965165087,1.9868230305
48.7965166005,1.9868228315
48.7965166919,1.9868226358
48.7965167814,1.9868224425
48.7965168715,1.9868222515
48.7965169596,1.9868220612
48.7965170463,1.986821873
48.7965171322,1.9868216874
48.7965172166,1.9868215036
48.7965173003,1.9868213208
48.7965173826,1.9868211404
48.7965174641,1.9868209626
48.7965175441,1.9868207867
48.7965176237,1.9868206124
48.7965177016,1.9868204406
48.7965177792,1.9868202709
48.7965178556,1.9868201036
48.7965179314,1.9868199382
48.7965180062,1.9868197746
48.7965180801,1.9868196138
48.796518153,1.986819455
48.7965182245,1.9868192977
48.7965182952,1.9868191415
48.7965183655,1.9868189886
48.7965184346,1.9868188371
48.7965185034,1.9868186872
48.7965185714,1.9868185385
48.7965186385,1.9868183891
48.7965187047,1.9868182431
48.7965187709,1.9868180987
48.7965188362,1.9868179561
48.7965189006,1.9868178144
48.7965189653,1.986817673
48.7965190285,1.9868175315
48.796519091,1.9868173909
48.7965191536,1.9868172516
48.7965192159,1.9868171138
48.7965192775,1.9868169768
48.7965193386,1.9868168396
48.7965193998,1.9868167041
48.7965194609,1.9868165693
48.7965195217,1.9868164352
48.7965195818,1.986816301
48.7965196418,1.9868161676
48.7965197021,1.9868160352
48.7965197615,1.9868159028
48.7965198208,1.9868157707
48.7965198802,1.9868156396
48.7965199393,1.9868155073
48.7965199984,1.9868153761
48.7965200575,1.9868152451
48.7965201164,1.986815114
48.7965201752,1.9868149834
48.7965202337,1.9868148523
48.7965202926,1.986814722
48.7965203521,1.9868145922
48.7965204114,1.9868144634
48.7965204701,1.9868143326
48.7965205294,1.9868142026
48.7965205892,1.9868140731
48.7965206487,1.9868139446
48.7965207073,1.9868138153
48.7965207666,1.9868136869
48.7965208257,1.9868135572
48.7965208848,1.9868134288
48.7965209434,1.9868133004
48.7965210023,1.9868131714
48.7965210609,1.9868130432
48.796521119,1.9868129162
48.7965211776,1.9868127887
48.7965212356,1.9868126612
48.796521294,1.9868125338
48.796521352,1.986812407
48.7965214104,1.9868122796
48.7965214684,1.9868121524
48.7965215263,1.9868120258
48.7965215847,1.9868118996
48.7965216425,1.9868117734
48.7965217004,1.9868116479
48.7965217578,1.9868115216
48.7965218157,1.9868113971
48.7965218728,1.9868112711
48.7965219304,1.9868111458
48.7965219873,1.9868110212
48.7965220444,1.9868108965
48.7965221015,1.9868107725
48.7965221583,1.9868106484
48.7965222158,1.9868105252
48.7965222733,1.9868104018
48.7965223305,1.9868102796
48.7965223876,1.9868101561
48.7965224449,1.9868100333
48.7965225021,1.9868099109
48.7965225591,1.9868097884
48.7965226157,1.9868096658
48.796522672,1.9868095439
48.7965227276,1.9868094212
48.7965227838,1.9868092973
48.796522839,1.9868091743
48.7965228944,1.9868090514
48.7965229492,1.9868089279
48.7965230043,1.9868088051
48.796523059,1.9868086814
48.796523114,1.9868085585
48.7965231692,1.9868084358
48.7965232241,1.9868083135
48.7965232795,1.9868081915
48.7965233345,1.9868080702
48.7965233901,1.9868079485
48.7965234461,1.9868078274
48.7965235014,1.9868077061
48.7965235572,1.9868075859
48.7965236128,1.9868074656
48.7965236687,1.9868073448
48.796523724,1.9868072241
48.7965237792,1.9868071036
48.7965238341,1.9868069822
48.7965238892,1.9868068609
48.7965239449,1.9868067397
48.7965240002,1.9868066172
48.7965240557,1.9868064947
48.7965241112,1.9868063722
48.7965241671,1.9868062493
48.7965242233,1.9868061261
48.7965242791,1.9868060026
48.7965243349,1.9868058785
48.7965243908,1.9868057555
48.796524447,1.9868056307
48.7965245036,1.9868055067
48.7965245601,1.9868053832
48.7965246159,1.9868052586
48.7965246728,1.9868051341
48.7965247293,1.9868050094
48.7965247861,1.9868048844
48.7965248428,1.9868047591
48.7965248996,1.9868046347
48.7965249571,1.9868045096
48.7965250136,1.9868043843
48.7965250709,1.9868042583
48.7965251278,1.9868041318
48.796525185,1.9868040054
48.7965252425,1.9868038796
48.7965252996,1.9868037506
48.7965253572,1.9868036224
48.7965254146,1.9868034939
48.7965254717,1.9868033642
48.79652553,1.9868032347
48.7965255882,1.9868031052
48.7965256455,1.9868029728
48.7965257042,1.9868028421
48.7965257617,1.9868027099
48.7965258201,1.9868025786
48.7965258795,1.9868024444
48.7965259382,1.9868023108
48.7965259971,1.9868021759
48.7965260558,1.9868020405
48.7965261146,1.986801905
48.7965261742,1.9868017681
48.7965262338,1.9868016298
48.7965262934,1.9868014922
48.7965263536,1.9868013541
48.7965264144,1.9868012123
48.7965264756,1.9868010724
48.7965265372,1.9868009309
48.7965265999,1.9868007884
48.7965266622,1.9868006463
48.7965267252,1.9868005038
48.7965267889,1.9868003602
48.7965268528,1.9868002164
48.7965269163,1.9868000733
48.7965269803,1.9867999281
48.796527044,1.9867997825
48.7965271064,1.986799636
48.7965271693,1.9867994899
48.7965272326,1.986799343
48.7965272959,1.986799195
48.796527359,1.9867990466
48.7965274222,1.9867988985
48.7965274861,1.9867987513
48.7965275505,1.9867986016
48.7965276147,1.9867984531
48.7965276783,1.9867983015
48.7965277429,1.9867981512
48.7965278079,1.986798
48.7965278726,1.9867978481
48.7965279376,1.9867976955
48.7965280029,1.9867975428
48.7965280686,1.9867973905
48.7965281344,1.9867972368
48.7965282007,1.9867970828
48.7965282667,1.9867969282
48.7965283338,1.9867967735
48.7965284015,1.986796618
48.7965284689,1.9867964622
48.796528537,1.9867963056
48.7965286052,1.986796148
48.7965286732,1.9867959895
48.7965287418,1.9867958309
48.7965288106,1.9867956711
48.7965288791,1.9867955107
48.7965289476,1.9867953493
48.7965290166,1.9867951884
48.7965290856,1.9867950244
48.7965291549,1.9867948609
48.7965292241,1.9867946958
48.7965292935,1.9867945296
48.7965293634,1.9867943634
48.7965294336,1.9867941958
48.7965295046,1.9867940272
48.796529576,1.9867938578
48.7965296481,1.9867936878
48.7965297206,1.986793517
48.7965297936,1.9867933452
48.7965298675,1.9867931732
48.7965299411,1.9867929995
48.7965300152,1.9867928257
48.7965300895,1.9867926504
48.7965301633,1.9867924741
48.7965302378,1.9867922969
48.7965303123,1.9867921194
48.796530388,1.9867919402
48.796530464,1.9867917606
48.7965305397,1.986791581
48.7965306159,1.9867914004
48.7965306921,1.9867912188
48.7965307684,1.9867910367
48.7965308451,1.986790855
48.796530922,1.9867906702
48.7965309993,1.9867904851
48.7965310759,1.9867902989
48.7965311528,1.9867901113
48.7965312298,1.9867899222
48.7965313073,1.9867897329
48.7965313847,1.9867895428
48.7965314624,1.9867893522
48.796531541,1.9867891622
48.7965316189,1.9867889684
48.796531697,1.9867887758
48.7965317755,1.9867885821
48.7965318549,1.9867883887
48.7965319336,1.9867881921
48.7965320129,1.986787996
48.7965320922,1.9867877999
48.7965321718,1.9867876021
48.7965322522,1.9867874047
48.7965323317,1.986787204
48.7965324119,1.9867870031
48.7965324916,1.9867868009
48.7965325717,1.9867865987
48.7965326517,1.9867863942
48.7965327324,1.9867861908
48.7965328116,1.9867859842
48.7965328921,1.9867857775
48.7965329723,1.9867855697
48.7965330528,1.986785362
48.7965331337,1.9867851524
48.7965332152,1.9867849436
48.7965332955,1.9867847322
48.7965333769,1.9867845206
48.7965334583,1.9867843087
48.7965335397,1.9867840957
48.7965336216,1.9867838815
48.7965337034,1.986783667
48.7965337854,1.9867834509
48.7965338679,1.9867832339
48.7965339504,1.9867830169
48.7965340333,1.9867827998
48.7965341162,1.9867825775
48.7965341984,1.9867823572
48.7965342812,1.9867821351
48.7965343641,1.9867819116
48.7965344469,1.9867816876
48.7965345301,1.9867814625
48.7965346133,1.9867812354
48.7965346962,1.9867810088
48.7965347795,1.9867807807
48.7965348623,1.9867805522
48.7965349457,1.9867803241
48.7965350289,1.9867800917
48.7965351122,1.9867798599
48.7965351957,1.986779627
48.7965352786,1.9867793946
48.7965353615,1.9867791612
48.7965354444,1.9867789268
48.7965355284,1.9867786924
48.7965356102,1.9867784542
48.7965356936,1.9867782188
48.7965357754,1.9867779794
48.7965358582,1.9867777408
48.7965359402,1.9867775016
48.7965360226,1.9867772632
48.7965361043,1.9867770192
48.7965361863,1.9867767768
48.796536268,1.9867765335
48.7965363497,1.9867762901
48.7965364317,1.9867760466
48.7965365129,1.9867757993
48.7965365949,1.9867755526
48.7965366763,1.986775305
48.7965367573,1.986775057
48.7965368383,1.9867748079
48.7965369187,1.9867745577
48.7965369993,1.9867743073
48.7965370796,1.9867740558
48.7965371594,1.9867738043
48.7965372389,1.9867735506
48.7965373168,1.9867732954
48.7965373948,1.9867730397
48.7965374723,1.9867727841
48.7965375494,1.986772527
48.7965376267,1.9867722698
48.7965377017,1.9867720103
48.7965377772,1.9867717514
48.7965378528,1.98677149
48.796537928,1.9867712288
48.7965380015,1.9867709683
48.7965380766,1.9867707044
48.7965381503,1.986770441
48.7965382242,1.9867701772
48.7965382983,1.9867699104
48.7965383717,1.9867696473
48.7965384436,1.9867693797
48.7965385171,1.9867691124
48.7965385892,1.9867688407
48.7965386618,1.9867685704
48.796538733,1.9867682964
48.7965388042,1.9867680223
48.7965388754,1.9867677475
48.7965389452,1.9867674726
48.7965390139,1.9867671972
48.7965390817,1.9867669224
48.7965391501,1.9867666431
48.7965392169,1.9867663659
48.7965392828,1.9867660863
48.7965393485,1.9867658039
48.7965394127,1.9867655211
48.7965394759,1.9867652378
48.7965395378,1.9867649533
48.7965395985,1.986764668
48.7965396583,1.9867643825
48.7965397181,1.9867640962
48.7965397769,1.9867638099
48.7965398353,1.986763522
48.7965398929,1.986763235
48.7965399513,1.9867629465
48.7965400095,1.9867626567
48.7965400671,1.9867623691
48.7965401247,1.9867620825
48.7965401814,1.9867617931
48.796540239,1.9867615043
48.7965402953,1.9867612164
48.7965403519,1.9867609262
48.796540408,1.9867606355
48.7965404631,1.9867603457
48.796540519,1.9867600524
48.7965405721,1.9867597611
48.7965406253,1.9867594718
48.7965406783,1.9867591775
48.79654073,1.9867588842
48.796540781,1.9867585906
48.7965408301,1.9867582961
48.7965408785,1.9867579997
48.7965409252,1.9867577049
48.7965409715,1.9867574065
48.796541016,1.9867571079
48.7965410594,1.9867568095
48.7965411025,1.9867565085
48.7965411434,1.9867562076
48.7965411838,1.9867559074
48.7965412231,1.986755604
48.7965412612,1.9867552998
48.7965412985,1.9867549957
48.7965413342,1.9867546891
48.7965413683,1.9867543826
48.7965414015,1.9867540742
48.7965414337,1.9867537649
48.796541465,1.9867534544
48.7965414953,1.9867531431
48.7965415242,1.9867528309
48.7965415518,1.986752518
48.796541579,1.9867522029
48.7965416042,1.9867518874
48.7965416288,1.9867515715
48.7965416521,1.9867512555
48.7965416746,1.9867509373
48.7965416959,1.9867506198
48.7965417168,1.9867502987
48.7965417352,1.9867499786
48.7965417534,1.9867496575
48.7965417707,1.9867493357
48.7965417862,1.9867490118
48.7965418015,1.9867486878
48.7965418151,1.9867483638
48.796541829,1.9867480372
48.7965418404,1.9867477098
48.7965418524,1.9867473826
48.7965418621,1.9867470537
48.7965418718,1.9867467239
48.7965418798,1.986746394
48.7965418862,1.9867460647
48.7965418929,1.9867457307
48.7965418972,1.986745399
48.7965419013,1.9867450653
48.796541903,1.9867447322
48.796541905,1.986744396
48.7965419041,1.9867440618
48.796541903,1.9867437264
48.7965419005,1.9867433897
48.7965418968,1.9867430518
48.7965418917,1.9867427146
48.7965418855,1.9867423754
48.7965418781,1.9867420342
48.7965418695,1.9867416948
48.7965418594,1.9867413539
48.7965418484,1.9867410144
48.7965418357,1.9867406709
48.7965418227,1.9867403272
48.7965418072,1.9867399855
48.7965417909,1.9867396418
48.7965417736,1.9867392971
48.7965417537,1.9867389525
48.7965417332,1.9867386099
48.7965417112,1.9867382637
48.7965416871,1.986737918
48.7965416624,1.9867375727
48.7965416357,1.9867372271
48.7965416083,1.98673688
48.7965415787,1.9867365358
48.7965415477,1.9867361876
48.7965415162,1.9867358398
48.7965414834,1.9867354939
48.7965414507,1.9867351467
48.7965414167,1.9867347988
48.7965413818,1.9867344512
48.7965413456,1.9867341034
48.7965413085,1.9867337545
48.7965412686,1.9867334066
48.7965412282,1.9867330594
48.7965411859,1.9867327101
48.7965411419,1.9867323627
48.7965410972,1.9867320145
48.7965410502,1.9867316669
48.7965410019,1.986731319
48.7965409523,1.9867309716
48.7965409012,1.9867306233
48.7965408495,1.9867302758
48.796540796,1.9867299297
48.7965407413,1.9867295822
48.7965406848,1.9867292355
48.7965406272,1.9867288886
48.7965405677,1.9867285435
48.7965405071,1.9867281979
48.7965404449,1.9867278529
48.7965403818,1.9867275067
48.7965403166,1.986727164
48.7965402508,1.9867268196
48.7965401835,1.9867264767
48.796540115,1.9867261341
48.7965400455,1.9867257917
48.7965399742,1.9867254492
48.7965399018,1.9867251083
48.7965398284,1.9867247676
48.796539753,1.9867244274
48.7965396765,1.9867240867
48.7965395991,1.9867237474
48.7965395194,1.9867234098
48.7965394394,1.9867230715
48.7965393579,1.986722734
48.7965392749,1.986722397
48.7965391903,1.9867220608
48.7965391044,1.9867217249
48.7965390174,1.9867213901
48.7965389277,1.9867210556
48.7965388383,1.9867207228
48.7965387462,1.986720389
48.7965386537,1.9867200558
48.7965385593,1.9867197255
48.7965384633,1.9867193951
48.796538366,1.9867190614
48.7965382678,1.9867187331
48.7965381689,1.9867184059
48.7965380681,1.9867180747
48.7965379667,1.9867177474
48.796537863,1.9867174222
48.7965377589,1.9867170939
48.7965376531,1.9867167697
48.7965375465,1.9867164455
48.7965374385,1.9867161208
48.7965373296,1.9867157977
48.7965372201,1.986715476
48.7965371088,1.9867151539
48.7965369963,1.9867148314
48.7965368839,1.9867145123
48.7965367695,1.9867141911
48.7965366544,1.9867138714
48.7965365378,1.9867135524
48.796536421,1.9867132332
48.796536303,1.9867129145
48.7965361834,1.9867125959
48.7965360632,1.9867122792
48.7965359415,1.9867119615
48.7965358181,1.9867116474
48.7965356946,1.986711331
48.7965355693,1.9867110175
48.7965354439,1.9867107012
48.7965353156,1.98671039
48.7965351863,1.9867100774
48.796535056,1.9867097644
48.7965349245,1.9867094555
48.796534792,1.9867091462
48.7965346571,1.9867088388
48.7965345222,1.9867085301
48.7965343844,1.9867082247
48.7965342472,1.9867079187
48.7965341088,1.986707613
48.7965339691,1.9867073089
48.7965338277,1.9867070067
48.7965336856,1.9867067038
48.7965335439,1.9867064016
48.7965334009,1.9867061027
48.7965332572,1.9867057995
48.7965331117,1.9867055023
48.7965329676,1.9867052015
48.796532822,1.986704904
48.7965326759,1.986704606
48.7965325293,1.986704308
48.7965323806,1.986704013
48.7965322329,1.9867037166
48.7965320833,1.9867034249
48.796531934,1.9867031288
48.7965317828,1.9867028371
48.796531631,1.9867025463
48.7965314784,1.9867022569
48.7965313242,1.9867019675
48.79653117,1.9867016811
48.7965310144,1.9867013956
48.7965308588,1.986701108
48.796530701,1.9867008246
48.7965305446,1.9867005405
48.7965303869,1.9867002579
48.7965302287,1.9866999754
48.7965300696,1.9866996945
48.79652991,1.9866994133
48.7965297491,1.9866991347
48.7965295883,1.9866988557
48.7965294286,1.9866985776
48.7965292659,1.9866983013
48.7965291027,1.9866980255
48.7965289391,1.9866977518
48.7965287755,1.9866974796
48.7965286105,1.9866972063
48.7965284449,1.9866969353
48.7965282785,1.9866966674
48.7965281122,1.9866963976
48.7965279445,1.9866961303
48.7965277768,1.9866958626
48.7965276078,1.9866955975
48.7965274384,1.9866953326
48.7965272696,1.9866950688
48.7965271,1.9866948028
48.7965269286,1.9866945403
48.7965267575,1.9866942785
48.7965265871,1.9866940173
48.7965264145,1.9866937561
48.7965262421,1.9866934959
48.7965260691,1.9866932374
48.7965258947,1.9866929806
48.7965257209,1.9866927226
48.7965255455,1.9866924672
48.7965253694,1.986692214
48.7965251924,1.9866919595
48.7965250149,1.9866917079
48.7965248377,1.986691458
48.7965246591,1.9866912067
48.7965244794,1.9866909583
48.7965243007,1.9866907085
48.7965241206,1.9866904601
48.7965239398,1.9866902138
48.796523759,1.9866899664
48.796523578,1.9866897214
48.796523397,1.9866894759
48.7965232151,1.9866892302
48.7965230326,1.9866889865
48.7965228503,1.9866887427
48.7965226671,1.9866885007
48.7965224832,1.9866882593
48.7965222993,1.9866880179
48.7965221152,1.986687777
48.7965219308,1.986687537
48.7965217454,1.9866872998
48.7965215589,1.9866870616
48.7965213728,1.9866868243
48.7965211869,1.986686588
48.796521,1.9866863532
48.7965208127,1.9866861172
48.796520625,1.9866858844
48.7965204372,1.9866856495
48.796520249,1.9866854165
48.796520061,1.9866851838
48.7965198727,1.986684951
48.7965196836,1.9866847188
48.7965194949,1.9866844858
48.7965193051,1.9866842563
48.7965191152,1.9866840245
48.7965189265,1.9866837932
48.7965187367,1.9866835636
48.796518547,1.9866833318
48.796518357,1.9866831032
48.7965181673,1.9866828744
48.7965179782,1.9866826448
48.7965177879,1.9866824157
48.796517598,1.986682187
48.796517408,1.9866819595
48.7965172183,1.986681732
48.7965170276,1.9866815059
48.796516837,1.9866812794
48.7965166457,1.9866810557
48.7965164544,1.9866808327
48.7965162624,1.9866806109
48.7965160698,1.9866803882
48.7965158788,1.9866801667
48.7965156852,1.9866799487
48.7965154926,1.9866797274
48.7965153009,1.9866795081
48.7965151074,1.9866792893
48.7965149156,1.9866790715
48.7965147241,1.9866788537
48.7965145322,1.9866786353
48.7965143415,1.9866784153
48.7965141455,1.9866781994
48.796513949,1.9866779837
48.796513752,1.986677768
48.7965135549,1.9866775516
48.7965133586,1.9866773353
48.7965131626,1.9866771202
48.796512969,1.9866769055
48.7965127705,1.9866766885
48.7965125741,1.9866764744
48.7965123792,1.9866762596
48.7965121831,1.986676045
48.7965119869,1.986675833
48.7965117917,1.986675618
48.7965115956,1.9866754062
48.796511399,1.9866751925
48.7965112044,1.9866749813
48.7965110081,1.98667477
48.7965108116,1.9866745585
48.7965106161,1.9866743485
48.7965104202,1.9866741384
48.7965102245,1.9866739281
48.7965100284,1.9866737196
48.7965098327,1.9866735097
48.7965096391,1.9866732997
48.796509442,1.986673092
48.7965092467,1.9866728836
48.7965090511,1.9866726757
48.7965088561,1.9866724669
48.7965086612,1.9866722589
48.7965084687,1.9866720505
48.7965082717,1.9866718427
48.7965080797,1.9866716334
48.7965078858,1.986671427
48.7965076903,1.9866712183
48.7965074963,1.9866710103
48.796507303,1.9866708026
48.7965071107,1.9866705929
48.7965069176,1.9866703855
48.7965067256,1.9866701756
48.7965065337,1.9866699663
48.7965063421,1.9866697583
48.7965061506,1.9866695477
48.7965059591,1.9866693387
48.7965057674,1.9866691288
48.7965055771,1.9866689183
48.7965053856,1.9866687086
48.7965051937,1.9866684983
48.7965050028,1.9866682893
48.796504812,1.986668079
48.7965046203,1.9866678695
48.7965044292,1.9866676604
48.7965042378,1.9866674507
48.796504047,1.9866672413
48.7965038562,1.9866670322
48.7965036652,1.986666822
48.7965034737,1.9866666139
48.7965032834,1.9866664049
48.796503095,1.9866661959
48.7965029027,1.9866659865
48.796502713,1.9866657779
48.7965025228,1.9866655683
48.7965023323,1.986665361
48.7965021429,1.9866651513
48.7965019533,1.9866649424
48.7965017643,1.9866647336
48.7965015749,1.986664525
48.7965013869,1.9866643165
48.7965011966,1.9866641075
48.7965010078,1.9866638986
48.7965008198,1.9866636908
48.7965006308,1.9866634827
48.7965004433,1.9866632744
48.7965002578,1.9866630644
48.7965000676,1.9866628564
48.7964998805,1.986662648
48.7964996929,1.9866624383
48.796499506,1.9866622298
48.79649932,1.9866620197
48.7964991354,1.9866618085
48.7964989477,1.9866615995
48.7964987616,1.9866613895
48.7964985758,1.9866611794
48.7964983911,1.986660968
48.7964982056,1.9866607577
48.7964980217,1.9866605472
48.7964978391,1.9866603327
48.7964976567,1.9866601197
48.7964974742,1.9866599093
48.7964972926,1.9866596972
48.7964971103,1.9866594864
48.7964969295,1.9866592739
48.7964967486,1.9866590649
48.7964965694,1.9866588542
48.7964963873,1.9866586445
48.7964962058,1.9866584373
48.796496025,1.9866582295
48.7964958469,1.986658022
48.796495664,1.9866578174
48.796495484,1.9866576106
48.7964953038,1.9866574065
48.796495125,1.9866572005
48.7964949483,1.9866569944
48.7964947722,1.9866567884
48.7964945895,1.9866565886
48.7964944032,1.9866563938
48.7964942201,1.9866561968
48.7964940371,1.9866559998
48.7964938542,1.9866558031
48.7964936715,1.9866556071
48.7964934893,1.9866554101
48.7964933073,1.9866552117
48.7964931252,1.9866550161
48.7964929433,1.9866548203
48.7964927621,1.9866546234
48.796492581,1.9866544267
48.7964923998,1.9866542301
48.7964922189,1.9866540339
48.7964920386,1.9866538384
48.796491861,1.9866536398
48.7964916774,1.9866534466
48.7964914998,1.9866532487
48.7964913176,1.9866530569
48.7964911377,1.9866528616
48.7964909573,1.9866526666
48.7964907802,1.9866524702
48.7964905984,1.9866522783
48.7964904194,1.9866520842
48.7964902404,1.9866518902
48.7964900617,1.9866516968
48.7964898832,1.9866515031
48.7964897077,1.9866513065
48.7964895276,1.9866511145
48.7964893499,1.9866509204
48.7964891714,1.9866507248
48.7964889937,1.9866505304
48.7964888161,1.9866503361
48.7964886409,1.9866501377
48.7964884593,1.9866499464
48.7964882815,1.9866497515
48.7964881035,1.9866495574
48.7964879246,1.9866493627
48.7964877487,1.9866491648
48.7964875675,1.986648973
48.7964873889,1.9866487766
48.7964872091,1.9866485802
48.7964870302,1.9866483836
48.7964868514,1.9866481855
48.7964866725,1.9866479879
48.7964864963,1.9866477872
48.796486314,1.986647589
48.7964861357,1.9866473895
48.7964859567,1.9866471886
48.7964857771,1.9866469881
48.7964855977,1.986646787
48.7964854175,1.9866465866
48.7964852369,1.9866463859
48.7964850579,1.9866461828
48.7964848744,1.9866459852
48.7964846918,1.9866457846
48.796484509,1.9866455845
48.7964843255,1.9866453844
48.7964841414,1.9866451851
48.7964839569,1.9866449853
48.7964837721,1.986644786
48.796483587,1.9866445851
48.7964834016,1.9866443848
48.796483216,1.986644183
48.79648303,1.9866439814
48.7964828441,1.9866437786
48.7964826584,1.986643575
48.7964824727,1.9866433705
48.7964822857,1.9866431654
48.7964821,1.9866429598
48.7964819132,1.9866427534
48.7964817273,1.9866425458
48.7964815405,1.9866423378
48.7964813533,1.98664213
48.7964811659,1.9866419207
48.7964809783,1.9866417127
48.7964807903,1.9866415023
48.7964806043,1.9866412896
48.7964804127,1.9866410846
48.7964802235,1.9866408745
48.796480034,1.9866406645
48.7964798441,1.9866404548
48.796479654,1.9866402442
48.7964794633,1.986640033
48.7964792725,1.9866398222
48.7964790816,1.9866396107
48.7964788894,1.9866393979
48.7964787005,1.9866391815
48.7964785066,1.9866389723
48.7964783138,1.9866387584
48.7964781205,1.9866385448
48.7964779288,1.9866383301
48.796477735,1.9866381149
48.7964775443,1.9866378959
48.7964773477,1.9866376841
48.7964771526,1.9866374678
48.7964769609,1.9866372471
48.7964767614,1.9866370317
48.7964765635,1.9866368133
48.7964763651,1.9866365938
48.7964761671,1.9866363734
48.7964759684,1.9866361526
48.7964757688,1.9866359308
48.7964755688,1.9866357095
48.7964753691,1.9866354873
48.7964751689,1.9866352644
48.7964749684,1.986635041
48.7964747673,1.9866348175
48.7964745656,1.9866345939
48.7964743633,1.9866343713
48.7964741606,1.9866341471
48.7964739574,1.9866339237
48.7964737543,1.9866336994
48.7964735502,1.986633475
48.7964733452,1.9866332508
48.7964731402,1.9866330263
48.7964729345,1.9866328014
48.7964727285,1.9866325754
48.7964725218,1.9866323495
48.7964723154,1.9866321216
48.7964721083,1.9866318922
48.796471901,1.9866316619
48.7964716934,1.9866314328
48.7964714857,1.9866312018
48.7964712772,1.9866309686
48.7964710691,1.9866307368
48.7964708595,1.986630503
48.7964706496,1.9866302687
48.7964704398,1.9866300347
48.7964702284,1.9866298
48.7964700168,1.9866295649
48.7964698047,1.9866293288
48.7964695929,1.9866290923
48.7964693801,1.9866288572
48.7964691672,1.9866286194
48.7964689546,1.9866283824
48.7964687416,1.9866281456
48.7964685279,1.9866279066
48.7964683129,1.9866276688
48.7964680985,1.9866274285
48.7964678834,1.9866271891
48.7964676674,1.9866269462
48.7964674538,1.9866267046
48.7964672348,1.9866264678
48.7964670176,1.9866262282
48.7964667995,1.9866259863
48.7964665816,1.9866257454
48.7964663627,1.986625504
48.7964661427,1.9866252628
48.7964659231,1.9866250199
48.7964657023,1.9866247764
48.7964654822,1.9866245318
48.7964652617,1.9866242855
48.7964650404,1.9866240393
48.7964648192,1.9866237904
48.7964645976,1.9866235422
48.7964643751,1.9866232919
48.7964641521,1.9866230417
48.7964639287,1.9866227913
48.7964637047,1.986622539
48.7964634805,1.9866222865
48.7964632552,1.9866220342
48.7964630297,1.986621782
48.7964628056,1.9866215278
48.7964625767,1.9866212765
48.7964623489,1.9866210247
48.7964621219,1.9866207702
48.7964618939,1.9866205175
48.7964616676,1.9866202614
48.7964614372,1.9866200079
48.7964612082,1.9866197532
48.7964609793,1.9866194974
48.7964607489,1.9866192409
48.7964605207,1.9866189822
48.7964602908,1.9866187237
48.796460061,1.9866184669
48.7964598305,1.9866182077
48.7964596007,1.9866179487
48.79645937,1.9866176887
48.7964591389,1.9866174298
48.796458908,1.9866171701
48.7964586784,1.9866169081
48.7964584426,1.9866166512
48.7964582105,1.98661639
48.7964579803,1.9866161269
48.7964577431,1.9866158713
48.7964575088,1.9866156109
48.7964572741,1.9866153496
48.7964570399,1.986615089
48.7964568054,1.9866148264
48.7964565733,1.986614562
48.7964563346,1.9866143044
48.7964561002,1.9866140408
48.7964558682,1.986613776
48.7964556297,1.9866135118
48.7964553954,1.9866132482
48.7964551623,1.9866129801
48.7964549228,1.9866127173
48.7964546875,1.9866124547
48.7964544515,1.9866121907
48.796454216,1.9866119273
48.79645398,1.9866116633
48.7964537455,1.9866113979
48.7964535072,1.9866111357
48.7964532704,1.9866108729
48.7964530334,1.9866106086
48.7964527969,1.9866103459
48.7964525593,1.9866100815
48.796452324,1.9866098163
48.7964520857,1.9866095521
48.7964518478,1.9866092871
48.7964516112,1.9866090231
48.7964513735,1.9866087585
48.7964511357,1.9866084916
48.7964508985,1.9866082252
48.7964506616,1.98660796
48.7964504236,1.9866076926
48.7964501881,1.986607423
48.7964499493,1.9866071595
48.7964497111,1.9866068933
48.7964494732,1.9866066276
48.7964492353,1.9866063607
48.7964489975,1.9866060967
48.7964487621,1.9866058288
48.7964485205,1.9866055643
48.7964482824,1.9866052991
48.7964480449,1.9866050341
48.7964478062,1.9866047684
48.7964475674,1.986604501
48.7964473304,1.9866042372
48.7964470924,1.9866039702
48.7964468541,1.9866037035
48.7964466172,1.986603437
48.7964463788,1.9866031692
48.7964461407,1.9866029021
48.7964459033,1.9866026341
48.7964456658,1.9866023679
48.7964454277,1.9866020988
48.7964451899,1.9866018319
48.7964449525,1.9866015642
48.7964447143,1.9866012968
48.7964444765,1.9866010301
48.796444241,1.9866007597
48.7964440006,1.9866004961
48.7964437625,1.9866002288
48.796443524,1.9865999617
48.7964432865,1.9865996954
48.7964430475,1.9865994296
48.7964428091,1.9865991632
48.7964425705,1.9865988973
48.7964423326,1.9865986311
48.7964420936,1.9865983645
48.7964418549,1.9865980999
48.7964416164,1.9865978332
48.7964413775,1.9865975668
48.7964411404,1.9865973031
48.7964409014,1.9865970372
48.7964406625,1.9865967706
48.7964404254,1.986596504
48.7964401882,1.9865962391
48.7964399508,1.9865959731
48.7964397127,1.9865957051
48.7964394756,1.9865954368
48.79643924,1.986595169
48.7964390016,1.9865949059
48.7964387643,1.9865946397
48.7964385259,1.9865943723
48.7964382892,1.9865941077
48.7964380527,1.9865938433
48.7964378149,1.9865935769
48.7964375777,1.9865933114
48.7964373405,1.9865930464
48.7964371047,1.9865927816
48.7964368678,1.9865925171
48.7964366309,1.9865922526
48.796436394,1.9865919881
48.7964361573,1.9865917235
48.7964359212,1.9865914599
48.7964356843,1.9865911953
48.7964354479,1.9865909314
48.7964352138,1.9865906641
48.796434977,1.9865904011
48.7964347402,1.9865901372
48.7964345069,1.9865898695
48.7964342694,1.9865896063
48.796434035,1.9865893398
48.7964338,1.9865890767
48.7964335653,1.9865888094
48.7964333307,1.9865885433
48.7964330981,1.9865882753
48.7964328612,1.9865880125
48.7964326263,1.9865877474
48.7964323943,1.9865874779
48.7964321579,1.9865872153
48.7964319243,1.9865869476
48.7964316935,1.9865866803
48.7964314573,1.9865864154
48.7964312254,1.9865861474
48.7964309962,1.9865858788
48.7964307634,1.9865856082
48.796430529,1.9865853409
48.7964302959,1.9865850733
48.7964300621,1.9865848069
48.7964298286,1.9865845389
48.796429595,1.9865842743
48.7964293616,1.9865840075
48.796429127,1.9865837416
48.7964288934,1.9865834746
48.796428659,1.9865832111
48.7964284243,1.9865829453
48.7964281905,1.9865826826
48.7964279564,1.9865824189
48.7964277221,1.9865821539
48.7964274887,1.986581891
48.7964272569,1.9865816248
48.7964270208,1.9865813604
48.7964267874,1.9865810955
48.796426556,1.9865808296
48.7964263206,1.9865805639
48.7964260876,1.9865802993
48.7964258562,1.9865800335
48.7964256209,1.9865797694
48.7964253875,1.9865795037
48.7964251549,1.9865792389
48.7964249211,1.9865789735
48.7964246897,1.9865787059
48.7964244573,1.986578444
48.7964242246,1.9865781771
48.7964239928,1.986577915
48.7964237605,1.9865776493
48.7964235285,1.9865773848
48.796423296,1.9865771218
48.7964230649,1.9865768603
48.796422832,1.9865765986
48.7964225993,1.9865763359
48.7964223702,1.9865760728
48.7964221371,1.9865758175
48.7964219053,1.9865755558
48.7964216752,1.9865752992
48.7964214447,1.9865750362
48.7964212137,1.9865747756
48.7964209833,1.9865745166
48.7964207545,1.9865742545
48.7964205252,1.9865739959
48.7964202973,1.9865737356
48.7964200655,1.9865734769
48.7964198359,1.9865732185
48.7964196066,1.9865729608
48.7964193773,1.9865726992
48.7964191488,1.9865724418
48.7964189206,1.9865721822
48.7964186919,1.986571923
48.7964184636,1.9865716638
48.7964182349,1.9865714063
48.7964180085,1.9865711452
48.796417779,1.9865708871
48.7964175517,1.9865706263
48.7964173257,1.9865703656
48.7964170995,1.9865701047
48.7964168717,1.9865698447
48.7964166473,1.9865695838
48.7964164214,1.986569323
48.796416195,1.9865690633
48.7964159688,1.9865688062
48.7964157438,1.9865685464
48.7964155172,1.9865682894
48.7964152914,1.9865680326
48.7964150655,1.9865677772
48.7964148392,1.9865675218
48.7964146127,1.986567266
48.796414387,1.9865670111
48.7964141615,1.9865667562
48.796413935,1.9865665027
48.7964137113,1.9865662472
48.7964134842,1.9865659921
48.7964132599,1.9865657383
48.7964130347,1.9865654833
48.7964128104,1.9865652274
48.7964125879,1.9865649708
48.7964123628,1.9865647146
48.7964121395,1.9865644583
48.7964119157,1.9865642012
48.7964116931,1.9865639431
48.7964114708,1.986563686
48.796411248,1.9865634279
48.7964110251,1.9865631706
48.7964108034,1.9865629135
48.7964105839,1.9865626541
48.7964103588,1.9865623986
48.7964101374,1.9865621408
48.7964099169,1.9865618824
48.7964096921,1.9865616289
48.7964094703,1.9865613733
48.7964092482,1.9865611155
48.7964090269,1.9865608602
48.7964088048,1.9865606058
48.7964085825,1.9865603511
48.7964083625,1.9865600927
48.796408138,1.9865598403
48.7964079161,1.9865595862
48.7964076947,1.9865593336
48.7964074718,1.9865590811
48.7964072514,1.9865588268
48.7964070305,1.9865585745
48.7964068102,1.9865583215
48.7964065895,1.9865580695
48.796406369,1.9865578146
48.7964061486,1.9865575627
48.7964059285,1.98655731
48.7964057077,1.9865570574
48.7964054867,1.9865568064
48.7964052661,1.9865565549
48.7964050458,1.9865563042
48.7964048261,1.9865560518
48.7964046067,1.9865558016
48.7964043871,1.9865555506
48.7964041674,1.9865553009
48.7964039499,1.9865550503
48.7964037299,1.9865547991
48.7964035111,1.9865545478
48.7964032933,1.986554298
48.7964030743,1.9865540474
48.7964028565,1.9865537946
48.7964026387,1.9865535468
48.7964024196,1.9865532972
48.7964022,1.9865530511
48.7964019828,1.9865527998
48.7964017662,1.9865525509
48.7964015495,1.9865523005
48.796401333,1.9865520523
48.7964011148,1.9865518069
48.796400898,1.9865515591
48.7964006818,1.9865513131
48.7964004656,1.9865510648
48.7964002481,1.9865508195
48.7964000313,1.9865505731
48.7963998147,1.9865503293
48.7963995967,1.9865500853
48.79639938,1.9865498396
48.7963991636,1.9865495956
48.7963989465,1.9865493511
48.7963987295,1.9865491058
48.7963985133,1.9865488593
48.7963982971,1.9865486145
48.7963980833,1.9865483663
48.7963978674,1.9865481205
48.7963976524,1.9865478726
48.7963974381,1.9865476258
48.7963972242,1.9865473782
48.7963970105,1.9865471295
48.7963967988,1.9865468815
48.7963965841,1.9865466343
48.7963963705,1.9865463898
48.796396159,1.9865461437
48.7963959438,1.9865458995
48.7963957308,1.986545655
48.7963955175,1.986545412
48.7963953042,1.9865451697
48.7963950904,1.9865449268
48.7963948776,1.9865446863
48.796394665,1.986544445
48.7963944512,1.9865442061
48.7963942401,1.9865439645
48.7963940267,1.9865437256
48.7963938148,1.986543485
48.7963936041,1.986543243
48.7963933912,1.9865430047
48.7963931799,1.9865427641
48.7963929691,1.9865425237
48.7963927584,1.9865422834
48.7963925474,1.9865420426
48.7963923374,1.9865418028
48.7963921272,1.9865415625
48.7963919167,1.9865413222
48.7963917065,1.9865410827
48.7963914963,1.9865408429
48.796391286,1.9865406035
48.7963910765,1.9865403638
48.7963908668,1.9865401247
48.796390657,1.9865398848
48.7963904479,1.9865396455
48.7963902395,1.9865394064
48.7963900302,1.9865391676
48.7963898215,1.9865389274
48.7963896139,1.9865386871
48.7963894045,1.9865384493
48.7963891955,1.9865382103
48.7963889874,1.9865379722
48.7963887795,1.9865377326
48.796388571,1.9865374949
48.7963883626,1.9865372566
48.7963881545,1.9865370187
48.7963879475,1.9865367798
48.7963877381,1.9865365445
48.7963875295,1.9865363091
48.7963873209,1.9865360723
48.7963871128,1.9865358365
48.7963869041,1.9865356007
48.7963866968,1.9865353631
48.7963864882,1.9865351264
48.7963862801,1.9865348904
48.7963860727,1.9865346528
48.796385864,1.9865344179
48.796385656,1.9865341808
48.7963854482,1.9865339449
48.7963852402,1.9865337086
48.7963850329,1.9865334722
48.796384825,1.9865332362
48.7963846185,1.9865330002
48.7963844111,1.986532764
48.7963842046,1.9865325267
48.7963839979,1.9865322916
48.7963837911,1.9865320549
48.7963835846,1.9865318194
48.7963833786,1.9865315829
48.7963831728,1.9865313474
48.7963829682,1.9865311104
48.7963827613,1.9865308744
48.7963825557,1.986530638
48.7963823502,1.986530401
48.7963821451,1.9865301653
48.7963819403,1.9865299285
48.7963817351,1.9865296921
48.7963815306,1.9865294562
48.7963813259,1.9865292189
48.7963811221,1.9865289824
48.7963809179,1.9865287447
48.7963807141,1.9865285085
48.7963805101,1.9865282723
48.7963803063,1.9865280354
48.796380102,1.9865278012
48.796379898,1.9865275655
48.7963796938,1.9865273317
48.7963794897,1.9865270961
48.7963792863,1.9865268636
48.796379082,1.9865266292
48.7963788786,1.9865263964
48.7963786746,1.9865261621
48.796378471,1.9865259291
48.7963782677,1.9865256962
48.796378064,1.9865254619
48.7963778612,1.9865252287
48.7963776582,1.9865249953
48.7963774556,1.9865247626
48.7963772538,1.9865245294
48.7963770503,1.986524296
48.7963768478,1.9865240637
48.7963766455,1.9865238312
48.7963764436,1.9865236001
48.7963762415,1.9865233685
48.7963760389,1.9865231377
48.7963758371,1.9865229078
48.7963756351,1.9865226789
48.7963754339,1.9865224489
48.7963752319,1.9865222205
48.7963750295,1.9865219919
48.7963748276,1.9865217644
48.7963746257,1.9865215364
48.7963744242,1.9865213097
48.7963742232,1.986521083
48.796374021,1.9865208556
48.7963738197,1.9865206297
48.7963736181,1.9865204036
48.7963734166,1.9865201774
48.7963732157,1.9865199515
48.7963730152,1.9865197264
48.7963728141,1.9865195003
48.7963726138,1.9865192758
48.7963724133,1.9865190494
48.7963722133,1.9865188241
48.7963720132,1.9865185975
48.7963718138,1.9865183725
48.7963716138,1.9865181481
48.7963714152,1.9865179206
48.7963712152,1.9865176966
48.7963710166,1.9865174715
48.796370818,1.9865172473
48.7963706189,1.9865170234
48.7963704202,1.9865168002
48.7963702209,1.9865165784
48.7963700221,1.9865163562
48.7963698233,1.9865161347
48.7963696245,1.9865159148
48.7963694254,1.9865156948
48.7963692265,1.986515475
48.7963690285,1.9865152566
48.7963688295,1.9865150376
48.796368631,1.9865148193
48.7963684333,1.9865146024
48.7963682349,1.9865143838
48.796368037,1.9865141662
48.7963678389,1.9865139491
48.7963676419,1.9865137313
48.7963674438,1.9865135154
48.7963672469,1.9865132978
48.7963670487,1.9865130818
48.7963668507,1.9865128652
48.7963666512,1.9865126506
48.7963664511,1.9865124355
48.7963662505,1.9865122215
48.7963660503,1.9865120086
48.79636585,1.9865117954
48.7963656514,1.9865115827
48.7963654489,1.9865113691
48.7963652486,1.9865111575
48.7963650484,1.9865109458
48.7963648478,1.9865107334
48.7963646479,1.9865105221
48.7963644492,1.9865103102
48.7963642475,1.9865100992
48.7963640479,1.9865098879
48.7963638483,1.9865096772
48.7963636475,1.9865094662
48.7963634486,1.9865092562
48.7963632476,1.9865090472
48.7963630469,1.9865088379
48.7963628478,1.9865086287
48.7963626461,1.9865084225
48.7963624452,1.9865082148
48.7963622459,1.9865080075
48.796362044,1.9865078011
48.7963618433,1.9865075954
48.7963616427,1.9865073893
48.7963614439,1.986507183
48.796361243,1.9865069767
48.7963610441,1.9865067718
48.7963608439,1.9865065665
48.796360644,1.9865063609
48.7963604449,1.9865061566
48.7963602471,1.9865059519
48.7963600469,1.986505749
48.7963598477,1.9865055467
48.79635965,1.9865053446
48.7963594495,1.9865051453
48.7963592518,1.9865049463
48.7963590511,1.986504749
48.796358852,1.9865045527
48.7963586531,1.986504358
48.7963584541,1.9865041637
48.7963582547,1.9865039703
48.7963580564,1.9865037783
48.796357858,1.9865035869
48.7963576584,1.9865033962
48.7963574613,1.986503206
48.7963572626,1.9865030172
48.7963570643,1.986502828
48.796356866,1.98650264
48.7963566681,1.9865024527
48.7963564694,1.9865022661
48.7963562716,1.9865020801
48.7963560734,1.9865018953
48.7963558749,1.9865017109
48.7963556768,1.9865015278
48.7963554798,1.986501346
48.7963552794,1.9865011659
48.7963550811,1.9865009867
48.7963548823,1.9865008087
48.7963546831,1.986500632
48.7963544837,1.9865004563
48.7963542848,1.9865002828
48.7963540853,1.9865001097
48.796353886,1.9864999381
48.7963536866,1.9864997673
48.7963534871,1.9864995975
48.7963532877,1.9864994286
48.7963530877,1.9864992604
48.7963528884,1.9864990936
48.7963526892,1.9864989279
48.7963524913,1.986498763
48.79635229,1.9864985987
48.7963520912,1.986498436
48.7963518934,1.9864982741
48.7963516925,1.9864981126
48.7963514937,1.986497953
48.7963512951,1.9864977946
48.7963510962,1.986497637
48.7963508974,1.9864974811
48.7963506991,1.9864973271
48.7963505002,1.9864971746
48.7963503015,1.9864970231
48.7963501031,1.9864968736
48.7963499046,1.9864967251
48.7963497059,1.9864965783
48.7963495087,1.9864964327
48.7963493088,1.9864962885
48.7963491099,1.9864961462
48.7963489117,1.9864960046
48.7963487131,1.9864958652
48.7963485143,1.9864957263
48.7963483155,1.9864955893
48.7963481171,1.9864954532
48.7963479187,1.9864953186
48.7963477203,1.9864951845
48.7963475219,1.986495052
48.7963473234,1.9864949203
48.7963471264,1.9864947897
48.7963469274,1.9864946605
48.7963467307,1.9864945318
48.7963465351,1.9864944031
48.7963463399,1.9864942774
48.7963461441,1.9864941459
48.7963459483,1.9864940156
48.7963457533,1.9864938874
48.7963455571,1.9864937601
48.7963453609,1.9864936339
48.7963451646,1.9864935116
48.7963449685,1.9864933855
48.7963447714,1.986493264
48.7963445746,1.9864931455
48.796344378,1.9864930256
48.7963441805,1.9864929075
48.7963439834,1.9864927911
48.7963437864,1.9864926767
48.7963435885,1.9864925632
48.7963433912,1.9864924523
48.7963431937,1.9864923413
48.7963429963,1.9864922316
48.7963427991,1.9864921239
48.7963426018,1.9864920159
48.7963424048,1.9864919102
48.7963422081,1.9864918049
48.796342011,1.9864917002
48.7963418149,1.9864915977
48.7963416188,1.9864914957
48.7963414227,1.9864913941
48.7963412268,1.9864912945
48.7963410317,1.9864911949
48.7963408357,1.9864910972
48.7963406404,1.9864910002
48.796340446,1.9864909039
48.7963402513,1.9864908095
48.7963400555,1.9864907142
48.7963398616,1.9864906216
48.7963396677,1.9864905301
48.796339473,1.9864904409
48.7963392787,1.9864903498
48.7963390849,1.9864902621
48.7963388907,1.986490176
48.7963386963,1.9864900913
48.7963385031,1.9864900082
48.7963383098,1.9864899287
48.7963381159,1.9864898462
48.7963379222,1.9864897685
48.7963377291,1.9864896928
48.796337535,1.9864896158
48.7963373413,1.986489543
48.7963371484,1.9864894713
48.7963369554,1.9864894004
48.7963367616,1.986489332
48.7963365686,1.9864892642
48.7963363761,1.9864891979
48.7963361831,1.9864891324
48.7963359902,1.9864890706
48.7963357985,1.9864890055
48.7963356059,1.986488943
48.796335414,1.9864888809
48.7963352227,1.9864888209
48.7963350308,1.9864887606
48.7963348393,1.9864887025
48.7963346476,1.9864886453
48.7963344562,1.9864885889
48.7963342646,1.9864885343
48.7963340735,1.9864884801
48.7963338821,1.9864884288
48.796333691,1.9864883781
48.7963334996,1.9864883279
48.7963333078,1.9864882796
48.7963331172,1.9864882321
48.796332926,1.9864881863
48.7963327351,1.9864881409
48.7963325443,1.9864880972
48.7963323536,1.9864880536
48.796332163,1.9864880113
48.7963319729,1.9864879694
48.7963317824,1.9864879288
48.7963315923,1.9864878886
48.796331403,1.9864878503
48.7963312131,1.9864878143
48.7963310225,1.9864877734
48.7963308327,1.9864877376
48.7963306427,1.9864877017
48.7963304538,1.9864876699
48.7963302644,1.9864876375
48.7963300747,1.9864876081
48.7963298864,1.9864875774
48.7963296974,1.9864875479
48.7963295078,1.9864875194
48.7963293197,1.9864874934
48.796329131,1.9864874694
48.7963289424,1.9864874473
48.7963287539,1.9864874287
48.7963285662,1.9864874046
48.7963283775,1.9864873864
48.79632819,1.9864873681
48.7963280027,1.986487351
48.7963278152,1.9864873384
48.7963276271,1.9864873208
48.7963274406,1.9864873072
48.7963272541,1.986487297
48.7963270659,1.9864872824
48.7963268775,1.9864872716
48.7963266888,1.9864872627
48.7963265016,1.9864872555
48.7963263135,1.9864872484
48.7963261267,1.986487242
48.7963259393,1.9864872377
48.7963257533,1.9864872348
48.7963255667,1.9864872305
48.7963253807,1.9864872288
48.7963251942,1.9864872274
48.7963250087,1.9864872276
48.7963248237,1.9864872285
48.7963246388,1.9864872297
48.7963244548,1.9864872337
48.7963242693,1.9864872353
48.7963240855,1.9864872396
48.7963239022,1.9864872451
48.7963237175,1.9864872491
48.796323534,1.9864872557
48.796323351,1.9864872629
48.7963231685,1.9864872707
48.7963229855,1.9864872797
48.7963228027,1.9864872892
48.7963226216,1.9864873017
48.7963224397,1.9864873121
48.7963222578,1.9864873243
48.7963220772,1.9864873377
48.7963218972,1.9864873532
48.7963217174,1.986487369
48.7963215377,1.9864873867
48.7963213585,1.9864874053
48.7963211795,1.9864874252
48.7963210011,1.9864874459
48.7963208231,1.9864874679
48.7963206451,1.9864874909
48.7963204675,1.9864875153
48.7963202907,1.986487541
48.7963201138,1.9864875672
48.7963199373,1.9864875945
48.796319761,1.9864876236
48.7963195863,1.9864876547
48.79631941,1.9864876831
48.7963192345,1.9864877146
48.7963190592,1.9864877469
48.7963188852,1.9864877801
48.7963187105,1.9864878133
48.7963185365,1.9864878492
48.7963183632,1.9864878849
48.7963181903,1.9864879214
48.7963180171,1.9864879589
48.7963178444,1.9864879967
48.7963176721,1.9864880354
48.7963175,1.9864880744
48.7963173277,1.9864881137
48.7963171565,1.9864881538
48.796316985,1.986488195
48.7963168135,1.986488236
48.7963166424,1.9864882784
48.7963164728,1.9864883224
48.796316301,1.9864883637
48.7963161306,1.9864884082
48.796315961,1.986488453
48.7963157904,1.9864884986
48.7963156209,1.9864885452
48.7963154525,1.9864885926
48.7963152831,1.986488642
48.7963151137,1.9864886907
48.7963149464,1.9864887397
48.7963147778,1.9864887902
48.7963146094,1.9864888432
48.7963144427,1.9864888957
48.7963142755,1.9864889486
48.7963141086,1.9864890037
48.7963139428,1.9864890606
48.7963137761,1.9864891146
48.7963136107,1.9864891721
48.7963134447,1.9864892295
48.7963132796,1.9864892872
48.7963131158,1.9864893467
48.7963129506,1.9864894053
48.7963127872,1.9864894665
48.7963126237,1.9864895264
48.7963124604,1.9864895873
48.7963122972,1.9864896493
48.7963121348,1.9864897103
48.7963119732,1.986489773
48.7963118104,1.9864898356
48.7963116501,1.9864899002
48.7963114881,1.9864899622
48.7963113266,1.9864900262
48.7963111659,1.9864900923
48.7963110065,1.9864901604
48.796310846,1.9864902262
48.7963106859,1.9864902941
48.7963105268,1.9864903632
48.7963103684,1.986490435
48.7963102087,1.9864905045
48.7963100508,1.9864905784
48.7963098917,1.9864906499
48.7963097326,1.9864907244
48.7963095737,1.9864908011
48.7963094158,1.9864908798
48.7963092562,1.9864909559
48.796309098,1.9864910353
48.7963089389,1.9864911146
48.7963087807,1.9864911955
48.7963086217,1.9864912762
48.7963084627,1.9864913586
48.7963083036,1.9864914411
48.7963081442,1.9864915246
48.7963079857,1.9864916099
48.7963078248,1.9864916936
48.796307665,1.9864917783
48.7963075069,1.9864918661
48.7963073452,1.9864919518
48.796307185,1.98649204
48.7963070253,1.9864921288
48.7963068648,1.9864922173
48.7963067041,1.9864923067
48.796306544,1.9864923987
48.7963063825,1.9864924891
48.7963062217,1.9864925819
48.7963060611,1.986492676
48.7963058997,1.98649277
48.796305739,1.9864928646
48.7963055785,1.9864929618
48.7963054169,1.9864930588
48.7963052572,1.9864931571
48.7963050968,1.9864932553
48.7963049363,1.9864933554
48.7963047761,1.9864934562
48.7963046164,1.9864935569
48.7963044559,1.9864936598
48.7963042948,1.9864937619
48.7963041354,1.9864938667
48.7963039747,1.9864939717
48.7963038143,1.9864940771
48.7963036535,1.9864941831
48.7963034934,1.9864942902
48.7963033316,1.9864943958
48.7963031697,1.9864945037
48.7963030082,1.9864946124
48.7963028468,1.9864947215
48.7963026855,1.986494832
48.7963025243,1.986494943
48.7963023631,1.9864950549
48.7963022018,1.9864951693
48.7963020409,1.9864952841
48.7963018805,1.9864954008
48.7963017197,1.9864955185
48.7963015591,1.9864956375
48.7963013996,1.9864957572
48.7963012392,1.986495878
48.7963010793,1.9864959994
48.7963009202,1.9864961225
48.79630076,1.9864962463
48.7963006013,1.9864963709
48.7963004417,1.9864964954
48.796300282,1.9864966215
48.7963001245,1.9864967499
48.796299965,1.9864968754
48.7962998065,1.9864970044
48.7962996477,1.9864971351
48.7962994912,1.9864972651
48.7962993339,1.9864973971
48.7962991769,1.9864975305
48.7962990212,1.986497665
48.7962988647,1.9864978013
48.7962987101,1.9864979391
48.7962985542,1.9864980752
48.7962983994,1.9864982139
48.7962982443,1.986498353
48.7962980898,1.9864984914
48.7962979363,1.9864986311
48.79629778,1.9864987702
48.796297625,1.9864989094
48.7962974714,1.9864990506
48.7962973154,1.9864991909
48.7962971607,1.9864993334
48.7962970056,1.9864994756
48.7962968514,1.9864996201
48.7962966974,1.9864997653
48.7962965432,1.9864999117
48.7962963899,1.9865000602
48.7962962367,1.9865002096
48.7962960844,1.9865003612
48.796295932,1.9865005149
48.7962957806,1.9865006706
48.7962956299,1.9865008275
48.7962954805,1.9865009878
48.7962953295,1.9865011475
48.7962951796,1.9865013093
48.7962950296,1.9865014732
48.7962948807,1.9865016369
48.7962947315,1.9865018025
48.7962945814,1.9865019686
48.7962944318,1.9865021353
48.7962942809,1.9865023034
48.7962941286,1.986502474
48.7962939758,1.9865026442
48.7962938231,1.9865028143
48.7962936701,1.9865029849
48.796293517,1.986503155
48.7962933634,1.9865033263
48.796293211,1.9865034967
48.7962930559,1.9865036682
48.796292903,1.9865038394
48.7962927474,1.9865040132
48.7962925934,1.9865041865
48.7962924396,1.9865043615
48.7962922857,1.9865045379
48.7962921327,1.9865047143
48.7962919792,1.9865048939
48.7962918271,1.9865050737
48.7962916749,1.9865052555
48.7962915233,1.9865054389
48.7962913718,1.9865056239
48.7962912207,1.9865058096
48.7962910694,1.9865059974
48.7962909183,1.9865061868
48.7962907682,1.9865063775
48.7962906174,1.9865065698
48.796290467,1.9865067632
48.796290317,1.9865069574
48.796290167,1.9865071531
48.7962900171,1.98650735
48.7962898665,1.9865075473
48.7962897179,1.9865077454
48.7962895665,1.9865079457
48.7962894164,1.9865081455
48.7962892663,1.9865083459
48.7962891159,1.9865085478
48.796288966,1.9865087492
48.7962888153,1.9865089536
48.7962886656,1.9865091576
48.7962885159,1.9865093624
48.7962883654,1.9865095688
48.7962882167,1.9865097762
48.7962880658,1.9865099841
48.7962879158,1.9865101933
48.7962877663,1.9865104052
48.7962876169,1.9865106178
48.7962874671,1.9865108317
48.7962873182,1.9865110462
48.7962871699,1.9865112615
48.7962870229,1.9865114781
48.7962868723,1.9865116987
48.7962867243,1.9865119179
48.7962865759,1.9865121395
48.7962864282,1.9865123635
48.7962862799,1.9865125876
48.7962861324,1.9865128138
48.796285983,1.9865130433
48.796285836,1.9865132717
48.7962856892,1.9865135015
48.796285543,1.9865137297
48.7962853962,1.9865139578
48.7962852498,1.9865141878
48.7962851046,1.9865144168
48.7962849589,1.9865146463
48.7962848135,1.9865148773
48.7962846676,1.9865151106
48.7962845229,1.9865153443
48.7962843758,1.9865155779
48.7962842296,1.9865158117
48.7962840835,1.9865160454
48.7962839392,1.9865162794
48.7962837935,1.9865165142
48.7962836482,1.9865167514
48.796283503,1.9865169878
48.7962833579,1.9865172249
48.7962832114,1.9865174626
48.7962830673,1.9865177023
48.796282925,1.986517942
48.7962827825,1.986518185
48.7962826394,1.9865184252
48.7962824969,1.9865186654
48.796282356,1.986518908
48.7962822147,1.9865191533
48.7962820748,1.9865193985
48.7962819336,1.986519644
48.7962817941,1.9865198908
48.7962816539,1.9865201385
48.7962815145,1.9865203876
48.7962813752,1.9865206355
48.7962812354,1.9865208854
48.796281096,1.9865211351
48.7962809564,1.9865213847
48.7962808185,1.9865216342
48.7962806769,1.9865218851
48.7962805382,1.9865221359
48.7962803981,1.9865223881
48.7962802605,1.9865226403
48.7962801203,1.9865228925
48.7962799818,1.9865231466
48.796279843,1.9865234016
48.7962797049,1.9865236569
48.7962795678,1.9865239183
48.7962794297,1.9865241843
48.796279293,1.9865244482
48.7962791568,1.9865247136
48.7962790207,1.9865249792
48.7962788849,1.9865252459
48.7962787491,1.9865255138
48.7962786129,1.9865257824
48.7962784778,1.9865260509
48.7962783419,1.9865263209
48.7962782061,1.986526592
48.7962780705,1.9865268627
48.7962779347,1.9865271345
48.7962777989,1.9865274072
48.7962776641,1.9865276804
48.7962775289,1.9865279545
48.7962773942,1.9865282301
48.7962772597,1.9865285056
48.7962771261,1.98652878
48.7962769909,1.9865290591
48.7962768574,1.9865293366
48.7962767232,1.9865296157
48.7962765897,1.9865298949
48.7962764568,1.9865301723
48.7962763223,1.9865304544
48.796276189,1.9865307351
48.796276055,1.9865310161
48.7962759213,1.9865312967
48.7962757879,1.9865315784
48.7962756537,1.9865318603
48.7962755193,1.9865321425
48.796275385,1.9865324248
48.796275251,1.9865327079
48.7962751166,1.9865329909
48.7962749822,1.9865332747
48.7962748479,1.986533559
48.7962747136,1.9865338439
48.7962745805,1.9865341293
48.7962744463,1.9865344155
48.7962743128,1.986534702
48.7962741792,1.9865349891
48.7962740465,1.9865352782
48.796273914,1.9865355672
48.7962737808,1.9865358563
48.7962736493,1.9865361472
48.7962735166,1.9865364377
48.7962733849,1.9865367302
48.7962732518,1.9865370214
48.7962731199,1.986537314
48.7962729888,1.9865376046
48.7962728554,1.9865378999
48.796272723,1.9865381934
48.7962725916,1.9865384847
48.7962724582,1.9865387818
48.7962723257,1.9865390759
48.7962721935,1.9865393702
48.7962720605,1.9865396653
48.7962719278,1.9865399605
48.7962717954,1.9865402531
48.7962716618,1.9865405507
48.7962715294,1.986540847
48.7962713963,1.9865411433
48.796271264,1.9865414401
48.7962711313,1.9865417366
48.7962709993,1.9865420345
48.7962708664,1.9865423321
48.7962707346,1.9865426305
48.7962706023,1.9865429286
48.79627047,1.9865432268
48.7962703373,1.9865435253
48.7962702049,1.9865438239
48.7962700728,1.9865441233
48.7962699394,1.9865444216
48.7962698062,1.9865447215
48.7962696727,1.9865450193
48.796269539,1.9865453184
48.7962694045,1.9865456179
48.7962692702,1.9865459169
48.796269135,1.9865462162
48.7962690004,1.9865465154
48.796268865,1.9865468154
48.7962687294,1.9865471152
48.7962685937,1.9865474159
48.7962684575,1.9865477149
48.7962683214,1.9865480162
48.7962681858,1.9865483181
48.7962680507,1.9865486194
48.7962679141,1.9865489211
48.7962677785,1.9865492233
48.7962676436,1.9865495266
48.7962675076,1.9865498298
48.7962673732,1.9865501309
48.7962672381,1.986550434
48.7962671019,1.9865507401
48.7962669667,1.9865510448
48.7962668309,1.9865513488
48.7962666958,1.9865516529
48.7962665597,1.9865519579
48.7962664238,1.9865522629
48.7962662882,1.986552568
48.7962661539,1.9865528752
48.7962660212,1.9865531856
48.796265888,1.9865534951
48.7962657552,1.9865538057
48.7962656218,1.9865541166
48.7962654884,1.9865544282
48.7962653548,1.9865547398
48.7962652212,1.986555052
48.7962650875,1.9865553635
48.7962649531,1.9865556768
48.7962648197,1.9865559893
48.7962646846,1.9865563024
48.79626455,1.9865566157
48.796264415,1.9865569259
48.7962642814,1.9865572434
48.7962641461,1.986557554
48.796264012,1.9865578716
48.7962638771,1.9865581862
48.7962637418,1.9865584994
48.7962636063,1.9865588134
48.7962634715,1.986559131
48.7962633361,1.9865594465
48.7962632003,1.9865597629
48.796263065,1.9865600786
48.7962629287,1.9865603941
48.7962627932,1.9865607109
48.7962626561,1.9865610278
48.7962625205,1.9865613445
48.7962623838,1.9865616614
48.7962622473,1.9865619795
48.7962621107,1.9865622947
48.7962619744,1.9865626164
48.7962618381,1.9865629345
48.796261701,1.9865632501
48.7962615655,1.9865635734
48.7962614289,1.9865638931
48.7962612917,1.9865642129
48.7962611549,1.986564533
48.7962610167,1.9865648539
48.7962608799,1.9865651746
48.7962607419,1.9865654955
48.7962606036,1.9865658173
48.7962604656,1.986566139
48.7962603271,1.9865664616
48.7962601882,1.986566784
48.7962600496,1.9865671069
48.7962599108,1.9865674301
48.7962597721,1.9865677551
48.7962596327,1.9865680798
48.7962594941,1.9865684041
48.7962593545,1.9865687295
48.7962592151,1.9865690563
48.7962590759,1.9865693831
48.7962589357,1.9865697094
48.7962587958,1.9865700375
48.7962586556,1.9865703625
48.796258516,1.9865706939
48.7962583751,1.9865710222
48.7962582343,1.9865713517
48.7962580933,1.9865716809
48.7962579522,1.9865720116
48.7962578113,1.9865723417
48.7962576686,1.9865726719
48.7962575271,1.986573004
48.796257385,1.9865733352
48.796257242,1.9865736673
48.7962570989,1.9865740003
48.7962569569,1.9865743337
48.796256814,1.9865746679
48.7962566706,1.9865750036
48.7962565281,1.9865753374
48.7962563841,1.9865756733
48.7962562407,1.9865760102
48.7962560967,1.986576347
48.7962559529,1.9865766832
48.7962558082,1.9865770212
48.7962556644,1.9865773593
48.7962555193,1.9865776976
48.7962553742,1.9865780361
48.796255229,1.9865783755
48.796255084,1.986578716
48.7962549381,1.9865790556
48.7962547923,1.9865793963
48.7962546457,1.9865797367
48.7962544992,1.9865800788
48.7962543532,1.9865804213
48.7962542058,1.9865807631
48.7962540581,1.9865811062
48.7962539104,1.9865814496
48.7962537633,1.9865817945
48.7962536151,1.986582139
48.7962534667,1.9865824832
48.7962533175,1.98658283
48.7962531682,1.9865831756
48.796253019,1.9865835218
48.7962528683,1.9865838657
48.7962527176,1.9865842133
48.7962525675,1.9865845645
48.796252417,1.9865849132
48.7962522653,1.9865852633
48.7962521145,1.9865856131
48.7962519629,1.9865859621
48.7962518121,1.9865863142
48.7962516605,1.9865866656
48.7962515086,1.9865870188
48.7962513571,1.986587371
48.7962512045,1.9865877215
48.7962510529,1.9865880785
48.7962509002,1.9865884331
48.7962507478,1.9865887889
48.796250595,1.9865891446
48.7962504423,1.9865895017
48.7962502894,1.9865898592
48.7962501364,1.9865902178
48.7962499828,1.9865905765
48.7962498293,1.9865909359
48.7962496757,1.9865912959
48.7962495217,1.9865916562
48.7962493674,1.9865920176
48.7962492133,1.9865923786
48.7962490586,1.9865927409
48.7962489036,1.9865931029
48.7962487485,1.9865934663
48.7962485928,1.9865938295
48.7962484367,1.9865941931
48.7962482802,1.9865945577
48.7962481238,1.9865949219
48.7962479669,1.9865952871
48.7962478097,1.9865956517
48.7962476522,1.9865960184
48.7962474929,1.9865963831
48.7962473371,1.9865967523
48.7962471782,1.9865971195
48.7962470197,1.9865974853
48.7962468609,1.9865978543
48.7962467023,1.9865982266
48.7962465428,1.9865985947
48.7962463836,1.9865989681
48.7962462243,1.9865993392
48.7962460644,1.9865997113
48.7962459043,1.9866000847
48.7962457438,1.9866004568
48.7962455832,1.9866008311
48.7962454213,1.9866012047
48.7962452603,1.9866015795
48.7962450981,1.9866019549
48.7962449364,1.9866023297
48.7962447737,1.9866027063
48.796244611,1.9866030839
48.7962444476,1.98660346
48.7962442847,1.9866038387
48.7962441219,1.9866042173
48.7962439579,1.9866045974
48.7962437948,1.9866049769
48.7962436314,1.986605358
48.796243468,1.98660574
48.7962433046,1.9866061223
48.7962431402,1.9866065046
48.7962429757,1.9866068871
48.7962428105,1.9866072714
48.7962426461,1.9866076553
48.7962424804,1.9866080391
48.796242314,1.9866084236
48.7962421481,1.9866088084
48.7962419811,1.9866091942
48.7962418135,1.9866095797
48.796241646,1.9866099649
48.7962414779,1.9866103517
48.7962413104,1.9866107395
48.7962411414,1.9866111271
48.7962409735,1.9866115152
48.7962408052,1.9866119035
48.7962406368,1.986612294
48.7962404686,1.9866126843
48.7962402996,1.9866130748
48.7962401309,1.9866134646
48.7962399621,1.9866138575
48.7962397919,1.9866142487
48.7962396228,1.9866146412
48.7962394521,1.9866150324
48.7962392807,1.9866154254
48.7962391096,1.9866158174
48.7962389372,1.9866162103
48.7962387645,1.9866166033
48.7962385915,1.9866169974
48.7962384167,1.9866173887
48.7962382432,1.9866177842
48.7962380688,1.98661818
48.7962378947,1.9866185756
48.7962377198,1.9866189716
48.7962375452,1.9866193678
48.7962373702,1.986619764
48.7962371961,1.9866201614
48.7962370214,1.98662056
48.7962368461,1.9866209582
48.7962366713,1.9866213567
48.796236496,1.9866217549
48.7962363199,1.986622152
48.7962361451,1.9866225553
48.7962359701,1.9866229557
48.796235794,1.9866233567
48.7962356186,1.9866237592
48.7962354424,1.986624161
48.7962352662,1.986624564
48.7962350888,1.9866249667
48.7962349119,1.9866253696
48.7962347348,1.9866257744
48.7962345567,1.9866261798
48.7962343791,1.9866265846
48.7962342008,1.9866269905
48.7962340229,1.9866273979
48.7962338438,1.9866278047
48.796233666,1.9866282122
48.7962334867,1.9866286213
48.796233309,1.9866290294
48.79623313,1.9866294397
48.7962329505,1.9866298491
48.796232772,1.9866302596
48.7962325929,1.9866306694
48.7962324139,1.9866310825
48.7962322333,1.9866314929
48.7962320548,1.9866319039
48.7962318744,1.9866323169
48.7962316948,1.9866327286
48.796231514,1.9866331426
48.7962313324,1.9866335544
48.7962311502,1.9866339657
48.7962309692,1.9866343819
48.7962307871,1.986634795
48.7962306044,1.9866352085
48.7962304207,1.9866356238
48.7962302379,1.9866360368
48.796230056,1.9866364521
48.7962298718,1.9866368666
48.7962296897,1.9866372814
48.796229507,1.9866376994
48.7962293249,1.9866381186
48.7962291436,1.9866385368
48.7962289614,1.9866389542
48.7962287778,1.986639374
48.7962285943,1.9866397921
48.7962284108,1.9866402105
48.7962282263,1.9866406313
48.7962280412,1.986641049
48.796227855,1.9866414683
48.7962276688,1.9866418866
48.7962274812,1.9866423042
48.7962272943,1.9866427247
48.7962271065,1.9866431429
48.7962269176,1.9866435629
48.7962267316,1.9866439828
48.7962265422,1.9866444027
48.7962263546,1.9866448232
48.7962261689,1.9866452463
48.7962259798,1.9866456659
48.7962257937,1.9866460896
48.7962256053,1.9866465111
48.7962254161,1.9866469328
48.7962252294,1.9866473581
48.7962250401,1.9866477798
48.7962248507,1.9866482032
48.7962246616,1.9866486273
48.796224471,1.9866490486
48.7962242803,1.9866494735
48.7962240893,1.9866498953
48.7962238979,1.9866503185
48.7962237052,1.9866507421
48.7962235139,1.9866511659
48.7962233219,1.9866515896
48.7962231296,1.9866520144
48.7962229378,1.9866524398
48.7962227464,1.9866528648
48.7962225537,1.986653291
48.7962223614,1.9866537173
48.7962221696,1.9866541426
48.7962219773,1.9866545694
48.7962217846,1.9866549967
48.7962215926,1.9866554239
48.7962213998,1.9866558518
48.7962212074,1.986656279
48.7962210147,1.9866567077
48.7962208223,1.986657136
48.7962206279,1.9866575642
48.7962204363,1.9866579925
48.7962202421,1.9866584225
48.7962200482,1.9866588507
48.7962198542,1.9866592804
48.79621966,1.9866597091
48.7962194653,1.9866601385
48.7962192713,1.9866605688
48.7962190766,1.9866609988
48.7962188822,1.9866614289
48.7962186869,1.986661858
48.7962184917,1.9866622914
48.796218296,1.9866627216
48.7962181014,1.9866631548
48.7962179059,1.9866635859
48.7962177096,1.9866640158
48.7962175144,1.9866644506
48.7962173183,1.9866648809
48.7962171218,1.9866653132
48.7962169246,1.9866657463
48.7962167274,1.9866661802
48.7962165307,1.9866666137
48.7962163337,1.9866670475
48.7962161352,1.9866674821
48.7962159373,1.9866679188
48.7962157374,1.986668353
48.7962155415,1.9866687879
48.7962153434,1.9866692223
48.796215145,1.986669657
48.7962149466,1.9866700925
48.7962147477,1.9866705254
48.7962145512,1.9866709625
48.7962143499,1.9866713963
48.7962141493,1.9866718324
48.7962139493,1.9866722663
48.7962137484,1.9866727004
48.7962135465,1.9866731357
48.7962133453,1.9866735701
48.7962131431,1.9866740045
48.7962129409,1.9866744392
48.7962127377,1.9866748758
48.7962125348,1.9866753109
48.796212332,1.9866757486
48.7962121289,1.9866761851
48.7962119256,1.986676621
48.796211721,1.9866770605
48.7962115176,1.9866774979
48.7962113133,1.9866779357
48.79621111,1.9866783743
48.7962109051,1.9866788134
48.796210701,1.9866792519
48.7962104971,1.9866796916
48.7962102936,1.9866801338
48.796210089,1.9866805743
48.7962098845,1.9866810148
48.7962096792,1.9866814556
48.7962094754,1.9866818984
48.7962092697,1.9866823387
48.7962090642,1.9866827797
48.7962088589,1.986683223
48.7962086537,1.9866836652
48.7962084479,1.9866841079
48.7962082418,1.9866845505
48.7962080358,1.9866849931
48.7962078284,1.9866854345
48.7962076213,1.9866858788
48.7962074145,1.9866863221
48.7962072073,1.9866867646
48.7962070009,1.9866872082
48.796206793,1.9866876517
48.7962065856,1.9866880955
48.796206377,1.9866885398
48.7962061689,1.9866889841
48.7962059596,1.9866894293
48.7962057519,1.9866898739
48.7962055417,1.9866903184
48.7962053333,1.986690763
48.7962051227,1.9866912091
48.7962049135,1.9866916553
48.7962047032,1.9866921009
48.7962044932,1.9866925473
48.7962042839,1.9866929952
48.7962040738,1.9866934418
48.7962038647,1.9866938903
48.7962036537,1.9866943389
48.7962034444,1.9866947884
48.7962032353,1.9866952378
48.7962030245,1.9866956873
48.7962028151,1.9866961386
48.7962026033,1.9866965899
48.7962023931,1.9866970411
48.7962021822,1.986697492
48.7962019702,1.9866979444
48.7962017587,1.986698396
48.7962015463,1.9866988485
48.7962013339,1.986699301
48.7962011213,1.9866997532
48.7962009076,1.9867002054
48.7962006936,1.9867006594
48.7962004797,1.9867011108
48.7962002662,1.9867015647
48.7962000504,1.9867020187
48.7961998373,1.9867024725
48.796199622,1.9867029272
48.796199407,1.9867033808
48.7961991921,1.9867038353
48.7961989771,1.9867042902
48.796198762,1.9867047452
48.7961985469,1.9867052023
48.7961983299,1.9867056584
48.7961981148,1.9867061153
48.7961978995,1.9867065717
48.7961976839,1.9867070283
48.7961974678,1.9867074858
48.7961972515,1.9867079423
48.7961970356,1.9867083995
48.7961968179,1.986708858
48.7961966023,1.9867093137
48.7961963869,1.986709768
48.796196172,1.9867102248
48.7961959565,1.9867106807
48.7961957409,1.9867111361
48.7961955258,1.9867115922
48.7961953102,1.9867120499
48.7961950942,1.9867125071
48.7961948785,1.9867129636
48.7961946634,1.9867134204
48.7961944471,1.9867138785
48.7961942308,1.9867143374
48.7961940148,1.9867147946
48.7961937994,1.9867152533
48.7961935817,1.9867157123
48.7961933677,1.9867161721
48.7961931508,1.9867166313
48.7961929351,1.9867170913
48.7961927185,1.9867175516
48.7961925038,1.9867180122
48.7961922856,1.986718474
48.79619207,1.9867189351
48.7961918536,1.9867193954
48.796191637,1.986719858
48.7961914206,1.9867203191
48.7961912032,1.9867207823
48.7961909876,1.9867212445
48.79619077,1.9867217087
48.7961905536,1.9867221714
48.7961903354,1.9867226361
48.7961901183,1.9867231004
48.7961899003,1.9867235654
48.7961896825,1.9867240309
48.796189465,1.9867244962
48.7961892467,1.9867249617
48.7961890293,1.9867254276
48.796188811,1.9867258939
48.7961885931,1.9867263586
48.796188375,1.9867268259
48.796188157,1.9867272922
48.7961879372,1.9867277566
48.7961877182,1.9867282237
48.796187497,1.9867286898
48.7961872772,1.9867291543
48.7961870562,1.9867296208
48.7961868343,1.9867300857
48.796186614,1.9867305516
48.7961863917,1.9867310188
48.7961861707,1.9867314847
48.7961859488,1.9867319518
48.7961857275,1.9867324183
48.7961855066,1.9867328864
48.7961852853,1.9867333544
48.7961850642,1.9867338213
48.7961848425,1.9867342908
48.7961846218,1.9867347592
48.7961844003,1.9867352263
48.7961841774,1.9867356932
48.7961839556,1.9867361626
48.7961837342,1.9867366292
48.796183512,1.9867370966
48.7961832892,1.986737565
48.7961830663,1.9867380317
48.7961828449,1.986738499
48.7961826203,1.9867389665
48.796182396,1.9867394337
48.7961821756,1.9867399004
48.7961819506,1.9867403685
48.7961817292,1.9867408356
48.7961815054,1.9867413021
48.796181283,1.9867417691
48.7961810581,1.9867422369
48.7961808356,1.9867427047
48.7961806114,1.9867431719
48.7961803884,1.9867436393
48.7961801639,1.9867441075
48.7961799402,1.9867445756
48.7961797165,1.9867450436
48.7961794927,1.986745514
48.7961792688,1.9867459817
48.7961790459,1.9867464518
48.7961788232,1.9867469212
48.7961785996,1.9867473931
48.7961783773,1.9867478649
48.7961781544,1.986748335
48.7961779314,1.9867488072
48.7961777089,1.9867492811
48.7961774869,1.9867497524
48.7961772637,1.9867502238
48.7961770396,1.9867506967
48.7961768159,1.9867511681
48.7961765922,1.9867516417
48.7961763695,1.9867521125
48.796176144,1.9867525853
48.7961759206,1.9867530588
48.7961756963,1.986753533
48.7961754724,1.9867540049
48.7961752473,1.9867544793
48.7961750226,1.9867549528
48.7961747983,1.9867554265
48.796174575,1.986755901
48.7961743533,1.9867563744
48.7961741314,1.9867568486
48.7961739092,1.9867573223
48.7961736867,1.9867577965
48.7961734648,1.9867582703
48.7961732426,1.9867587439
48.7961730203,1.9867592185
48.7961727976,1.9867596918
48.7961725754,1.9867601667
48.7961723502,1.9867606409
48.7961721288,1.9867611149
48.7961719064,1.9867615891
48.7961716825,1.9867620634
48.7961714592,1.9867625369
48.796171236,1.9867630112
48.7961710123,1.9867634869
48.7961707898,1.9867639612
48.7961705641,1.9867644359
48.7961703436,1.9867649111
48.7961701199,1.9867653841
48.7961698973,1.9867658614
48.7961696729,1.9867663345
48.7961694495,1.9867668091
48.7961692241,1.9867672855
48.7961690007,1.9867677589
48.7961687751,1.9867682334
48.7961685516,1.9867687089
48.7961683249,1.9867691849
48.7961681031,1.9867696583
48.7961678771,1.9867701348
48.7961676526,1.9867706099
48.7961674281,1.9867710838
48.796167203,1.9867715616
48.7961669775,1.9867720365
48.7961667525,1.9867725116
48.7961665274,1.9867729883
48.7961663018,1.9867734642
48.7961660763,1.9867739394
48.79616585,1.9867744165
48.796165625,1.9867748924
48.7961653995,1.9867753695
48.7961651729,1.9867758478
48.7961649482,1.9867763245
48.7961647233,1.9867768015
48.796164498,1.9867772796
48.7961642724,1.986777758
48.796164047,1.9867782348
48.7961638209,1.9867787142
48.796163597,1.9867791924
48.79616337,1.9867796699
48.7961631439,1.9867801492
48.7961629175,1.9867806278
48.7961626896,1.9867811062
48.7961624641,1.9867815838
48.7961622383,1.9867820634
48.7961620114,1.9867825416
48.7961617842,1.9867830201
48.7961615585,1.9867835001
48.7961613324,1.9867839797
48.7961611056,1.9867844594
48.7961608771,1.9867849401
48.7961606543,1.9867854192
48.7961604275,1.9867859002
48.7961602017,1.9867863797
48.7961599744,1.9867868613
48.7961597495,1.9867873412
48.7961595224,1.9867878218
48.7961592959,1.9867883019
48.7961590682,1.9867887829
48.7961588414,1.9867892639
48.7961586151,1.9867897432
48.7961583875,1.986790225
48.7961581597,1.986790705
48.7961579328,1.9867911846
48.7961577036,1.9867916642
48.796157476,1.9867921447
48.7961572481,1.9867926248
48.7961570199,1.9867931049
48.7961567917,1.9867935843
48.7961565639,1.9867940655
48.7961563359,1.986794545
48.7961561055,1.9867950265
48.7961558788,1.986795506
48.7961556516,1.9867959882
48.7961554226,1.9867964683
48.7961551921,1.9867969485
48.7961549663,1.9867974311
48.7961547381,1.9867979127
48.79615451,1.9867983932
48.7961542825,1.9867988759
48.7961540537,1.9867993571
48.7961538271,1.9867998371
48.7961535982,1.9868003184
48.7961533702,1.9868008013
48.7961531403,1.9868012826
48.7961529129,1.9868017654
48.7961526841,1.9868022464
48.796152453,1.9868027292
48.796152226,1.9868032113
48.7961519943,1.9868036948
48.7961517622,1.9868041775
48.7961515286,1.9868046598
48.7961512975,1.9868051435
48.7961510647,1.9868056269
48.7961508335,1.9868061109
48.7961506007,1.986806595
48.7961503675,1.9868070806
48.7961501378,1.9868075643
48.7961499052,1.9868080497
48.7961496748,1.9868085347
48.7961494412,1.9868090199
48.7961492097,1.9868095049
48.7961489773,1.9868099907
48.7961487463,1.9868104749
48.7961485131,1.9868109598
48.7961482794,1.9868114462
48.796148049,1.9868119302
48.7961478152,1.986812416
48.7961475832,1.9868128999
48.7961473503,1.9868133862
48.7961471174,1.9868138712
48.7961468857,1.9868143569
48.7961466528,1.9868148422
48.7961464211,1.9868153273
48.7961461897,1.986815814
48.7961459575,1.9868163006
48.7961457261,1.9868167858
48.7961454936,1.986817272
48.7961452624,1.9868177586
48.7961450302,1.9868182461
48.7961447981,1.9868187316
48.7961445654,1.9868192167
48.7961443327,1.9868197032
48.7961441004,1.9868201887
48.7961438673,1.9868206752
48.7961436348,1.9868211617
48.7961434023,1.9868216473
48.7961431702,1.986822133
48.7961429378,1.9868226201
48.7961427061,1.9868231069
48.7961424744,1.9868235922
48.7961422411,1.986824082
48.7961420105,1.9868245686
48.7961417791,1.986825055
48.7961415474,1.9868255434
48.7961413167,1.9868260316
48.7961410835,1.9868265218
48.796140854,1.9868270094
48.7961406206,1.9868274978
48.7961403899,1.9868279852
48.7961401568,1.9868284748
48.7961399251,1.9868289628
48.7961396931,1.9868294519
48.7961394604,1.9868299409
48.7961392285,1.9868304284
48.7961389949,1.9868309184
48.7961387627,1.9868314064
48.7961385305,1.986831896
48.7961382979,1.986832385
48.7961380647,1.9868328748
48.7961378328,1.9868333628
48.7961375992,1.986833854
48.7961373667,1.9868343433
48.7961371337,1.9868348327
48.7961369009,1.9868353226
48.7961366684,1.9868358128
48.7961364345,1.9868363029
48.7961362025,1.9868367931
48.7961359701,1.9868372826
48.7961357378,1.9868377732
48.7961355039,1.9868382641
48.7961352726,1.9868387545
48.7961350394,1.986839245
48.7961348076,1.9868397361
48.7961345744,1.9868402278
48.7961343421,1.9868407174
48.7961341098,1.9868412099
48.7961338775,1.9868417007
48.7961336453,1.986842192
48.7961334121,1.9868426833
48.7961331796,1.986843174
48.7961329473,1.986843665
48.7961327152,1.9868441566
48.7961324824,1.9868446486
48.7961322502,1.9868451386
48.7961320177,1.9868456302
48.7961317854,1.9868461227
48.7961315535,1.9868466134
48.7961313227,1.9868471049
48.7961310911,1.9868475965
48.7961308599,1.9868480884
48.7961306283,1.9868485798
48.7961303975,1.9868490733
48.7961301667,1.986849564
48.7961299355,1.986850056
48.7961297035,1.9868505484
48.7961294731,1.9868510398
48.7961292419,1.9868515324
48.7961290102,1.9868520238
48.7961287788,1.9868525156
48.7961285494,1.9868530074
48.7961283182,1.9868534976
48.7961280866,1.9868539885
48.7961278569,1.9868544814
48.7961276261,1.9868549716
48.7961273964,1.9868554648
48.7961271644,1.9868559583
48.7961269332,1.9868564512
48.7961267061,1.9868569425
48.7961264746,1.9868574355
48.796126247,1.9868579291
48.7961260169,1.9868584215
48.7961257869,1.9868589149
48.7961255554,1.9868594088
48.7961253262,1.9868599006
48.7961250951,1.986860393
48.7961248645,1.9868608862
48.7961246335,1.9868613792
48.7961244035,1.9868618712
48.796124173,1.9868623629
48.7961239415,1.986862857
48.79612371,1.9868633504
48.7961234808,1.9868638418
48.7961232501,1.986864335
48.7961230209,1.9868648272
48.7961227906,1.9868653214
48.7961225598,1.986865815
48.7961223311,1.9868663069
48.7961221006,1.9868667995
48.7961218706,1.9868672928
48.7961216407,1.9868677847
48.7961214112,1.9868682786
48.7961211803,1.9868687704
48.7961209509,1.9868692635
48.7961207215,1.9868697561
48.7961204913,1.9868702486
48.7961202619,1.986870743
48.796120032,1.9868712356
48.7961198028,1.9868717284
48.7961195741,1.9868722218
48.7961193454,1.986872716
48.7961191165,1.9868732094
48.7961188874,1.9868737019
48.7961186591,1.9868741961
48.7961184312,1.9868746893
48.7961182018,1.9868751835
48.7961179731,1.986875678
48.7961177452,1.9868761694
48.7961175167,1.986876663
48.7961172879,1.9868771564
48.7961170593,1.9868776482
48.7961168305,1.9868781411
48.7961166018,1.9868786349
48.796116373,1.9868791274
48.7961161448,1.9868796202
48.7961159155,1.9868801129
48.7961156868,1.986880606
48.7961154591,1.9868810998
48.7961152304,1.9868815923
48.796115002,1.9868820852
48.796114773,1.9868825771
48.7961145443,1.9868830693
48.7961143156,1.9868835619
48.7961140868,1.9868840544
48.7961138581,1.9868845457
48.7961136283,1.986885037
48.7961133988,1.9868855294
48.7961131702,1.9868860195
48.7961129414,1.9868865109
48.7961127118,1.9868870033
48.7961124832,1.986887495
48.7961122553,1.9868879857
48.796112026,1.9868884762
48.7961117987,1.9868889683
48.7961115685,1.9868894587
48.7961113412,1.9868899501
48.7961111125,1.9868904402
48.796110885,1.9868909324
48.7961106562,1.9868914223
48.7961104281,1.986891914
48.7961102005,1.9868924035
48.796109973,1.9868928952
48.796109745,1.986893387
48.7961095174,1.9868938776
48.7961092893,1.9868943682
48.7961090622,1.986894858
48.7961088353,1.9868953491
48.7961086067,1.9868958389
48.7961083784,1.9868963298
48.7961081519,1.9868968189
48.7961079231,1.9868973094
48.7961076946,1.9868977991
48.7961074668,1.9868982885
48.7961072386,1.9868987764
48.7961070089,1.9868992659
48.7961067806,1.9868997552
48.7961065532,1.9869002425
48.7961063238,1.9869007318
48.7961060969,1.9869012203
48.7961058674,1.9869017095
48.7961056396,1.9869021967
48.7961054121,1.9869026834
48.7961051851,1.9869031704
48.7961049584,1.9869036582
48.7961047308,1.9869041477
48.7961045052,1.9869046316
48.796104278,1.9869051205
48.7961040521,1.9869056067
48.7961038256,1.9869060947
48.7961035985,1.9869065813
48.7961033723,1.9869070673
48.7961031449,1.9869075539
48.796102918,1.9869080411
48.7961026908,1.9869085284
48.7961024637,1.9869090131
48.7961022367,1.9869094985
48.7961020095,1.9869099847
48.7961017832,1.9869104702
48.7961015568,1.9869109567
48.7961013307,1.9869114419
48.7961011037,1.9869119263
48.7961008769,1.9869124117
48.7961006518,1.9869128953
48.7961004242,1.986913381
48.7961001991,1.9869138643
48.7960999717,1.9869143483
48.7960997463,1.9869148315
48.7960995195,1.9869153157
48.7960992933,1.9869157988
48.796099067,1.9869162815
48.7960988409,1.9869167645
48.7960986156,1.9869172468
48.7960983885,1.9869177308
48.7960981629,1.9869182136
48.796097937,1.9869186951
48.7960977102,1.9869191787
48.7960974854,1.9869196606
48.7960972599,1.9869201433
48.7960970339,1.9869206252
48.7960968078,1.9869211068
48.7960965818,1.9869215881
48.7960963567,1.9869220709
48.7960961302,1.986922552
48.7960959052,1.9869230331
48.7960956795,1.9869235141
48.7960954541,1.9869239958
48.7960952295,1.9869244765
48.7960950043,1.9869249576
48.7960947798,1.9869254378
48.7960945546,1.9869259191
48.7960943301,1.9869263993
48.7960941057,1.9869268789
48.7960938797,1.9869273582
48.7960936552,1.9869278373
48.796093431,1.9869283167
48.7960932057,1.9869287945
48.7960929817,1.9869292744
48.7960927563,1.986929752
48.7960925309,1.9869302287
48.7960923066,1.9869307075
48.7960920829,1.9869311847
48.796091858,1.986931662
48.7960916339,1.9869321383
48.7960914098,1.9869326161
48.7960911864,1.9869330921
48.796090964,1.9869335692
48.7960907395,1.9869340466
48.7960905178,1.9869345215
48.7960902937,1.9869349976
48.7960900716,1.986935475
48.7960898496,1.9869359486
48.7960896262,1.9869364253
48.7960894036,1.9869369002
48.7960891814,1.9869373746
48.7960889583,1.98693785
48.7960887362,1.9869383237
48.7960885128,1.9869387978
48.7960882911,1.9869392702
48.7960880677,1.9869397444
48.7960878463,1.9869402167
48.7960876228,1.9869406904
48.7960874016,1.9869411629
48.7960871797,1.9869416341
48.7960869568,1.9869421064
48.796086736,1.9869425788
48.796086515,1.9869430522
48.7960862935,1.9869435225
48.7960860725,1.9869439946
48.7960858513,1.986944466
48.7960856306,1.9869449383
48.7960854103,1.9869454087
48.7960851893,1.9869458803
48.7960849685,1.9869463511
48.7960847472,1.9869468211
48.7960845261,1.9869472915
48.7960843053,1.9869477619
48.7960840849,1.9869482323
48.7960838644,1.9869487017
48.796083643,1.9869491696
48.7960834221,1.986949638
48.7960832001,1.9869501064
48.7960829787,1.9869505751
48.7960827571,1.9869510421
48.7960825355,1.986951509
48.7960823144,1.9869519765
48.7960820929,1.9869524433
48.796081872,1.9869529095
48.7960816509,1.9869533764
48.7960814304,1.9869538416
48.7960812102,1.9869543083
48.7960809885,1.9869547749
48.7960807689,1.9869552397
48.7960805481,1.9869557051
48.7960803271,1.9869561717
48.796080108,1.9869566366
48.7960798883,1.9869571001
48.7960796673,1.9869575654
48.7960794474,1.9869580296
48.7960792277,1.9869584947
48.796079009,1.9869589572
48.7960787889,1.9869594183
48.7960785691,1.9869598814
48.7960783496,1.9869603442
48.7960781301,1.986960808
48.7960779118,1.986961268
48.7960776924,1.9869617294
48.796077474,1.9869621922
48.7960772553,1.9869626527
48.796077037,1.9869631139
48.796076818,1.9869635744
48.7960765998,1.9869640354
48.7960763816,1.9869644966
48.796076163,1.9869649547
48.7960759449,1.9869654151
48.7960757269,1.9869658745
48.7960755102,1.9869663342
48.7960752916,1.9869667928
48.7960750741,1.9869672529
48.7960748573,1.9869677115
48.7960746405,1.9869681702
48.796074422,1.9869686271
48.7960742062,1.9869690854
48.7960739896,1.9869695427
48.796073773,1.9869700009
48.7960735565,1.9869704588
48.7960733392,1.9869709127
48.796073123,1.9869713683
48.7960729062,1.9869718246
48.7960726893,1.9869722797
48.7960724734,1.9869727349
48.7960722577,1.9869731921
48.796072042,1.9869736454
48.7960718263,1.9869741003
48.7960716113,1.9869745558
48.7960713961,1.9869750114
48.7960711807,1.9869754665
48.7960709668,1.9869759226
48.7960707505,1.9869763765
48.7960705366,1.9869768308
48.7960703207,1.9869772863
48.7960701064,1.9869777397
48.7960698912,1.9869781931
48.7960696765,1.9869786468
48.7960694629,1.9869791015
48.7960692477,1.9869795531
48.7960690331,1.9869800051
48.7960688189,1.9869804579
48.7960686054,1.9869809095
48.7960683917,1.9869813614
48.7960681784,1.9869818129
48.7960679659,1.9869822654
48.7960677535,1.9869827171
48.796067541,1.9869831672
48.7960673287,1.9869836186
48.7960671164,1.9869840688
48.7960669046,1.9869845199
48.7960666928,1.9869849711
48.7960664811,1.9869854206
48.7960662697,1.9869858708
48.7960660575,1.9869863199
48.7960658463,1.9869867692
48.796065636,1.9869872187
48.7960654235,1.9869876658
48.7960652132,1.9869881142
48.7960650018,1.9869885624
48.796064791,1.9869890089
48.7960645806,1.9869894565
48.7960643688,1.9869899032
48.7960641589,1.9869903498
48.7960639487,1.9869907939
48.796063739,1.9869912401
48.7960635274,1.9869916847
48.7960633171,1.9869921266
48.7960631073,1.9869925711
48.7960628973,1.9869930137
48.7960626876,1.9869934563
48.7960624787,1.9869938995
48.7960622703,1.9869943422
48.7960620616,1.986994783
48.7960618541,1.9869952271
48.7960616463,1.9869956685
48.7960614394,1.986996109
48.7960612316,1.9869965493
48.7960610249,1.9869969891
48.7960608176,1.9869974278
48.7960606103,1.9869978671
48.7960604043,1.9869983055
48.7960601959,1.9869987436
48.796059989,1.986999181
48.796059781,1.9869996175
48.7960595741,1.9870000541
48.7960593671,1.9870004918
48.7960591589,1.9870009266
48.7960589515,1.987001362
48.7960587447,1.9870017986
48.7960585386,1.987002233
48.7960583322,1.9870026687
48.7960581262,1.9870031023
48.7960579214,1.9870035369
48.7960577158,1.9870039716
48.7960575119,1.9870044061
48.796057308,1.9870048408
48.7960571042,1.9870052746
48.7960569009,1.987005708
48.7960566971,1.9870061408
48.7960564939,1.9870065718
48.7960562903,1.9870070036
48.7960560874,1.9870074344
48.7960558838,1.9870078636
48.7960556807,1.9870082914
48.7960554779,1.9870087201
48.796055275,1.9870091477
48.7960550717,1.9870095732
48.7960548688,1.9870099988
48.7960546676,1.9870104241
48.7960544658,1.9870108494
48.7960542651,1.9870112732
48.7960540645,1.9870116967
48.796053865,1.9870121201
48.7960536655,1.9870125426
48.7960534666,1.9870129646
48.7960532685,1.9870133856
48.7960530703,1.9870138062
48.7960528721,1.9870142259
48.7960526741,1.9870146435
48.7960524767,1.9870150609
48.7960522795,1.9870154772
48.7960520826,1.9870158927
48.7960518862,1.9870163072
48.79605169,1.9870167202
48.7960514943,1.9870171324
48.7960512992,1.9870175436
48.7960511052,1.9870179542
48.796050911,1.9870183628
48.7960507177,1.9870187715
48.7960505253,1.9870191787
48.7960503343,1.987019586
48.7960501433,1.987019991
48.7960499525,1.9870203931
48.7960497628,1.9870207951
48.7960495744,1.9870211951
48.7960493861,1.9870215938
48.7960491976,1.9870219908
48.7960490113,1.9870223855
48.7960488253,1.9870227789
48.7960486387,1.9870231707
48.7960484535,1.9870235603
48.7960482699,1.9870239481
48.7960480866,1.987024335
48.7960479044,1.9870247206
48.7960477236,1.9870251048
48.7960475436,1.9870254876
48.7960473646,1.9870258672
48.7960471859,1.9870262458
48.7960470096,1.9870266231
48.7960468334,1.9870269995
48.7960466569,1.9870273732
48.7960464821,1.9870277451
48.7960463085,1.987028116
48.7960461347,1.9870284851
48.7960459625,1.9870288517
48.7960457899,1.9870292168
48.7960456189,1.9870295799
48.7960454477,1.987029942
48.7960452779,1.9870303023
48.7960451084,1.9870306606
48.7960449405,1.9870310173
48.7960447722,1.987031373
48.7960446055,1.9870317263
48.7960444395,1.9870320788
48.7960442747,1.9870324292
48.7960441102,1.9870327791
48.7960439469,1.9870331266
48.7960437846,1.9870334732
48.7960436238,1.9870338193
48.7960434637,1.9870341625
48.7960433045,1.9870345058
48.7960431464,1.9870348457
48.7960429878,1.9870351831
48.7960428282,1.9870355186
48.7960426673,1.9870358521
48.7960425078,1.9870361828
48.7960423476,1.9870365118
48.7960421892,1.987036839
48.7960420319,1.9870371664
48.7960418721,1.987037488
48.7960417152,1.9870378107
48.7960415583,1.987038131
48.7960414028,1.9870384502
48.796041247,1.9870387682
48.7960410928,1.9870390849
48.79604094,1.9870393989
48.7960407877,1.9870397127
48.7960406363,1.9870400258
48.7960404853,1.9870403362
48.7960403362,1.9870406451
48.7960401877,1.9870409529
48.7960400418,1.9870412625
48.7960398925,1.9870415654
48.7960397463,1.9870418694
48.796039601,1.9870421709
48.7960394558,1.9870424716
48.7960393108,1.9870427694
48.7960391672,1.9870430657
48.7960390238,1.9870433609
48.7960388816,1.9870436541
48.7960387411,1.9870439481
48.7960385979,1.9870442357
48.796038457,1.987044524
48.7960383176,1.9870448112
48.7960381789,1.9870450973
48.7960380408,1.987045381
48.7960379051,1.987045666
48.7960377674,1.9870459456
48.796037632,1.9870462267
48.7960374977,1.9870465054
48.7960373637,1.9870467826
48.7960372322,1.9870470603
48.7960370989,1.9870473318
48.7960369675,1.987047605
48.7960368366,1.9870478746
48.7960367064,1.9870481438
48.7960365771,1.9870484104
48.7960364474,1.9870486752
48.7960363199,1.987048939
48.7960361925,1.9870492006
48.7960360662,1.9870494608
48.7960359404,1.9870497193
48.796035815,1.9870499766
48.7960356913,1.9870502319
48.7960355676,1.9870504858
48.7960354455,1.9870507384
48.7960353237,1.9870509897
48.7960352024,1.9870512389
48.7960350828,1.9870514869
48.7960349633,1.9870517332
48.7960348442,1.9870519772
48.796034726,1.9870522201
48.7960346094,1.9870524619
48.7960344931,1.9870527024
48.7960343779,1.9870529409
48.7960342628,1.9870531777
48.7960341483,1.9870534128
48.7960340352,1.9870536462
48.7960339231,1.9870538785
48.7960338111,1.987054109
48.7960337001,1.9870543381
48.7960335898,1.9870545651
48.7960334802,1.9870547911
48.7960333739,1.9870550177
48.7960332642,1.9870552386
48.7960331573,1.9870554608
48.7960330516,1.9870556805
48.7960329463,1.9870558995
48.7960328424,1.9870561168
48.7960327389,1.9870563326
48.7960326382,1.9870565484
48.7960325336,1.9870567581
48.7960324326,1.9870569694
48.7960323337,1.9870571806
48.7960322303,1.9870573869
48.7960321323,1.9870575935
48.7960320307,1.9870577952
48.7960319321,1.9870579983
48.7960318338,1.9870582002
48.7960317357,1.9870583997
48.7960316374,1.9870585988
48.7960315412,1.9870587967
48.7960314443,1.9870589947
48.7960313487,1.9870591912
48.7960312533,1.9870593868
48.7960311588,1.9870595821
48.7960310666,1.9870597787
48.7960309702,1.9870599715
48.7960308769,1.987060164
48.7960307858,1.9870603585
48.7960306907,1.9870605504
48.7960305979,1.987060742
48.7960305056,1.9870609328
48.796030415,1.987061126
48.7960303247,1.9870613172
48.7960302347,1.9870615081
48.7960301417,1.9870616952
48.7960300507,1.9870618836
48.7960299596,1.987062072
48.796029869,1.9870622596
48.7960297784,1.987062447
48.7960296881,1.9870626344
48.7960295975,1.9870628217
48.7960295075,1.9870630087
48.7960294174,1.9870631951
48.7960293272,1.9870633819
48.7960292374,1.9870635674
48.7960291489,1.9870637553
48.7960290593,1.987063941
48.7960289696,1.9870641265
48.7960288787,1.9870643102
48.7960287896,1.9870644954
48.7960286999,1.9870646806
48.7960286106,1.987064865
48.7960285214,1.9870650494
48.7960284317,1.987065234
48.7960283421,1.9870654181
48.7960282527,1.9870656017
48.7960281635,1.9870657855
48.7960280743,1.9870659696
48.7960279853,1.987066153
48.7960278962,1.9870663368
48.7960278074,1.9870665206
48.7960277184,1.9870667041
48.79602763,1.9870668885
48.7960275417,1.9870670721
48.7960274532,1.9870672557
48.7960273644,1.987067439
48.7960272761,1.9870676226
48.7960271879,1.9870678059
48.7960270993,1.9870679896
48.796027011,1.9870681726
48.7960269221,1.987068356
48.7960268339,1.9870685393
48.7960267458,1.9870687221
48.7960266577,1.9870689052
48.7960265692,1.9870690878
48.7960264811,1.9870692713
48.7960263945,1.9870694557
48.7960263052,1.9870696362
48.7960262165,1.9870698197
48.7960261281,1.9870700026
48.7960260403,1.987070185
48.7960259522,1.9870703687
48.7960258645,1.9870705527
48.7960257768,1.9870707352
48.7960256892,1.9870709188
48.7960256026,1.9870711033
48.796025513,1.9870712859
48.7960254252,1.9870714687
48.7960253375,1.9870716523
48.7960252493,1.9870718359
48.7960251616,1.9870720196
48.7960250745,1.9870722046
48.7960249857,1.9870723863
48.7960248986,1.9870725708
48.7960248088,1.9870727523
48.7960247196,1.9870729358
48.7960246315,1.9870731186
48.7960245434,1.9870733026
48.7960244548,1.9870734861
48.7960243668,1.9870736715
48.7960242774,1.9870738528
48.7960241889,1.987074036
48.7960241004,1.9870742204
48.7960240123,1.9870744046
48.7960239237,1.987074588
48.7960238367,1.987074773
48.7960237466,1.9870749557
48.7960236581,1.9870751397
48.7960235702,1.9870753252
48.7960234798,1.9870755074
48.7960233912,1.9870756914
48.7960233021,1.987075876
48.7960232128,1.9870760598
48.7960231246,1.9870762454
48.7960230339,1.9870764283
48.7960229441,1.9870766127
48.7960228547,1.9870767977
48.7960227668,1.987076984
48.7960226758,1.9870771674
48.7960225866,1.9870773526
48.7960224971,1.9870775377
48.7960224084,1.9870777229
48.7960223187,1.9870779081
48.7960222305,1.987078095
48.7960221402,1.9870782783
48.7960220526,1.9870784654
48.7960219616,1.9870786497
48.7960218724,1.9870788353
48.7960217837,1.9870790208
48.7960216947,1.987079207
48.7960216057,1.9870793926
48.7960215174,1.98707958
48.7960214285,1.9870797655
48.7960213421,1.9870799542
48.796021253,1.9870801432
48.7960211635,1.9870803307
48.7960210756,1.9870805189
48.7960209848,1.987080707
48.7960208955,1.987080895
48.7960208059,1.9870810829
48.7960207156,1.9870812712
48.7960206263,1.9870814594
48.7960205371,1.9870816469
48.7960204461,1.9870818349
48.7960203561,1.9870820224
48.7960202658,1.9870822106
48.7960201752,1.9870823987
48.7960200856,1.987082587
48.7960199948,1.987082774
48.7960199039,1.9870829617
48.7960198136,1.9870831497
48.7960197233,1.9870833378
48.7960196332,1.9870835255
48.7960195426,1.987083713
48.7960194522,1.987083901
48.7960193613,1.9870840884
48.7960192711,1.987084276
48.7960191819,1.9870844644
48.7960190899,1.9870846521
48.796019,1.9870848401
48.7960189076,1.9870850273
48.796018817,1.9870852149
48.7960187251,1.987085403
48.7960186338,1.987085591
48.7960185424,1.987085779
48.7960184516,1.9870859668
48.7960183604,1.9870861554
48.7960182688,1.9870863438
48.7960181777,1.9870865329
48.7960180861,1.9870867214
48.7960179948,1.9870869103
48.7960179032,1.987087099
48.7960178114,1.9870872888
48.7960177205,1.9870874791
48.7960176283,1.9870876681
48.7960175358,1.9870878581
48.7960174446,1.9870880485
48.7960173511,1.9870882381
48.7960172577,1.9870884286
48.7960171644,1.9870886193
48.7960170702,1.9870888098
48.796016976,1.9870890017
48.7960168816,1.9870891936
48.7960167872,1.9870893858
48.7960166921,1.9870895781
48.7960165985,1.9870897704
48.7960165042,1.9870899635
48.7960164094,1.9870901554
48.7960163147,1.9870903477
48.7960162195,1.9870905398
48.7960161256,1.9870907316
48.7960160308,1.9870909224
48.796015936,1.9870911146
48.7960158425,1.9870913065
48.7960157475,1.9870914982
48.7960156528,1.98709169
48.7960155588,1.987091882
48.7960154643,1.9870920733
48.7960153699,1.9870922653
48.7960152756,1.9870924566
48.7960151807,1.9870926475
48.7960150864,1.987092839
48.7960149886,1.9870930306
48.7960148932,1.987093222
48.7960147977,1.987093414
48.7960147015,1.9870936056
48.7960146061,1.9870937978
48.7960145098,1.9870939895
48.7960144135,1.9870941823
48.7960143175,1.9870943742
48.7960142216,1.9870945659
48.7960141256,1.9870947573
48.7960140289,1.9870949493
48.7960139319,1.9870951407
48.7960138344,1.9870953317
48.7960137385,1.9870955237
48.7960136409,1.9870957149
48.7960135442,1.9870959057
48.796013448,1.9870960974
48.7960133487,1.9870962869
48.7960132512,1.9870964778
48.7960131538,1.987096668
48.7960130566,1.9870968588
48.7960129594,1.9870970497
48.7960128605,1.9870972406
48.7960127624,1.9870974315
48.7960126648,1.9870976224
48.7960125664,1.9870978138
48.7960124692,1.9870980055
48.7960123717,1.9870981962
48.7960122722,1.9870983869
48.7960121735,1.9870985777
48.7960120752,1.9870987689
48.7960119731,1.9870989598
48.7960118726,1.9870991505
48.796011772,1.987099342
48.796011673,1.9870995332
48.7960115711,1.9870997237
48.7960114699,1.987099914
48.796011369,1.9871001046
48.7960112694,1.9871002955
48.7960111666,1.9871004858
48.7960110656,1.9871006755
48.796010965,1.9871008662
48.7960108638,1.9871010565
48.7960107644,1.9871012474
48.7960106622,1.987101437
48.7960105614,1.9871016271
48.7960104602,1.9871018166
48.7960103591,1.9871020058
48.7960102578,1.9871021944
48.7960101571,1.9871023835
48.7960100559,1.9871025719
48.7960099542,1.9871027604
48.7960098528,1.9871029475
48.7960097516,1.9871031355
48.796009651,1.9871033238
48.796009548,1.9871035095
48.7960094464,1.9871036966
48.7960093439,1.9871038825
48.7960092415,1.9871040692
48.7960091393,1.9871042546
48.7960090374,1.9871044394
48.7960089351,1.9871046252
48.7960088328,1.9871048103
48.7960087299,1.9871049949
48.796008628,1.9871051788
48.7960085233,1.9871053628
48.7960084203,1.9871055467
48.7960083167,1.9871057294
48.7960082119,1.9871059113
48.7960081079,1.9871060938
48.7960080045,1.9871062753
48.7960078976,1.9871064561
48.7960077927,1.987106637
48.7960076864,1.9871068168
48.7960075802,1.987106997
48.7960074733,1.9871071761
48.7960073682,1.987107356
48.7960072606,1.9871075361
48.7960071534,1.9871077159
48.7960070457,1.9871078947
48.7960069393,1.9871080738
48.79600683,1.987108252
48.7960067218,1.9871084309
48.7960066149,1.9871086088
48.7960065048,1.9871087864
48.7960063967,1.9871089635
48.7960062892,1.9871091408
48.7960061788,1.987109317
48.7960060696,1.9871094934
48.7960059602,1.9871096696
48.7960058515,1.9871098446
48.7960057421,1.9871100199
48.7960056331,1.9871101946
48.7960055236,1.9871103694
48.7960054146,1.9871105441
48.7960053058,1.9871107183
48.796005198,1.9871108922
48.796005086,1.9871110639
48.7960049774,1.987111237
48.7960048685,1.9871114097
48.7960047591,1.9871115817
48.796004649,1.9871117529
48.796004539,1.9871119231
48.7960044303,1.9871120926
48.7960043202,1.9871122627
48.7960042103,1.9871124301
48.7960041002,1.9871125982
48.7960039894,1.987112765
48.7960038789,1.9871129308
48.7960037695,1.9871130963
48.796003657,1.9871132615
48.7960035454,1.9871134253
48.7960034336,1.9871135891
48.7960033231,1.9871137513
48.7960032096,1.9871139133
48.7960030966,1.9871140746
48.7960029841,1.987114236
48.7960028713,1.9871143964
48.7960027576,1.9871145558
48.7960026451,1.9871147151
48.7960025301,1.9871148739
48.7960024159,1.9871150332
48.7960023016,1.9871151911
48.7960021866,1.9871153488
48.7960020708,1.9871155058
48.7960019548,1.9871156631
48.7960018397,1.9871158205
48.7960017215,1.9871159763
48.7960016042,1.9871161337
48.7960014864,1.98711629
48.7960013693,1.987116449
48.7960012528,1.9871166099
48.7960011357,1.9871167708
48.7960010178,1.9871169318
48.796000899,1.9871170934
48.7960007797,1.9871172535
48.796000662,1.9871174148
48.7960005425,1.9871175742
48.7960004238,1.987117733
48.7960003027,1.9871178909
48.7960001827,1.9871180485
48.7960000627,1.9871182045
48.7959999415,1.9871183583
48.7959998208,1.987118516
48.7959996995,1.9871186707
48.7959995782,1.987118825
48.795999456,1.9871189774
48.7959993344,1.9871191292
48.7959992118,1.9871192803
48.7959990896,1.9871194308
48.7959989666,1.9871195801
48.7959988436,1.9871197296
48.7959987198,1.9871198786
48.7959985965,1.9871200263
48.7959984728,1.9871201734
48.7959983499,1.9871203203
48.7959982272,1.9871204658
48.7959981047,1.987120612
48.7959979824,1.9871207566
48.795997861,1.9871209015
48.7959977392,1.987121044
48.7959976164,1.9871211873
48.7959974941,1.9871213298
48.7959973721,1.9871214711
48.79599725,1.9871216121
48.7959971274,1.9871217513
48.7959970044,1.9871218906
48.7959968827,1.9871220294
48.7959967594,1.987122167
48.7959966368,1.9871223035
48.7959965139,1.987122439
48.7959963906,1.9871225745
48.7959962669,1.9871227079
48.7959961431,1.987122842
48.7959960189,1.9871229741
48.7959958946,1.9871231052
48.79599577,1.9871232341
48.7959956441,1.9871233648
48.7959955193,1.9871234937
48.7959953933,1.9871236213
48.7959952676,1.9871237482
48.7959951418,1.9871238736
48.7959950159,1.9871239964
48.7959948898,1.9871241228
48.7959947628,1.9871242449
48.7959946363,1.9871243669
48.7959945094,1.9871244881
48.7959943832,1.9871246082
48.7959942567,1.9871247257
48.7959941299,1.9871248452
48.7959940039,1.9871249617
48.7959938769,1.9871250794
48.7959937507,1.9871251949
48.7959936241,1.9871253093
48.7959934973,1.9871254237
48.7959933707,1.9871255361
48.7959932438,1.9871256482
48.7959931167,1.987125759
48.7959929899,1.9871258684
48.7959928626,1.9871259781
48.7959927352,1.9871260867
48.7959926073,1.9871261918
48.7959924799,1.9871262996
48.7959923516,1.9871264046
48.7959922236,1.9871265077
48.7959920941,1.9871266134
48.7959919654,1.987126716
48.7959918358,1.9871268182
48.7959917058,1.9871269195
48.7959915761,1.9871270201
48.7959914454,1.987127118
48.7959913144,1.9871272189
48.7959911832,1.9871273158
48.7959910522,1.9871274132
48.7959909202,1.9871275106
48.795990789,1.9871276074
48.7959906562,1.9871277026
48.7959905236,1.987127797
48.7959903921,1.9871278927
48.7959902595,1.9871279859
48.7959901276,1.9871280804
48.7959899941,1.9871281727
48.795989861,1.9871282633
48.7959897287,1.9871283566
48.7959895958,1.9871284468
48.7959894624,1.987128537
48.7959893295,1.9871286265
48.7959891966,1.9871287147
48.7959890626,1.9871288016
48.7959889294,1.98712889
48.795988796,1.9871289744
48.7959886634,1.9871290587
48.795988528,1.9871291445
48.7959883925,1.9871292312
48.7959882569,1.9871293188
48.7959881222,1.9871294049
48.7959879876,1.9871294893
48.79598785,1.9871295747
48.7959877148,1.9871296587
48.7959875794,1.9871297408
48.795987444,1.9871298235
48.7959873088,1.9871299017
48.7959871719,1.9871299829
48.795987036,1.9871300604
48.7959869003,1.9871301354
48.7959867639,1.9871302119
48.7959866274,1.9871302862
48.7959864906,1.9871303617
48.7959863538,1.9871304337
48.7959862169,1.9871305043
48.7959860803,1.987130574
48.795985943,1.9871306431
48.7959858069,1.987130709
48.7959856694,1.9871307765
48.7959855323,1.9871308428
48.7959853947,1.9871309064
48.7959852578,1.9871309695
48.7959851208,1.9871310347
48.7959849835,1.9871310972
48.7959848468,1.9871311608
48.79598471,1.9871312226
48.7959845734,1.9871312845
48.7959844368,1.9871313463
48.7959843003,1.9871314083
48.7959841642,1.9871314689
48.7959840277,1.9871315287
48.7959838916,1.9871315861
48.795983754,1.9871316467
48.7959836176,1.9871317043
48.7959834804,1.987131762
48.7959833435,1.9871318177
48.7959832063,1.9871318716
48.7959830692,1.9871319267
48.7959829312,1.9871319794
48.7959827944,1.9871320295
48.7959826564,1.9871320819
48.7959825186,1.9871321318
48.7959823808,1.9871321808
48.7959822432,1.987132229
48.7959821058,1.9871322768
48.7959819681,1.987132324
48.7959818301,1.9871323699
48.7959816922,1.9871324146
48.7959815552,1.9871324566
48.7959814171,1.9871325026
48.7959812789,1.9871325451
48.7959811421,1.9871325849
48.7959810045,1.9871326277
48.7959808671,1.9871326684
48.7959807296,1.9871327081
48.7959805935,1.9871327461
48.7959804574,1.987132782
48.7959803195,1.9871328239
48.795980183,1.98713286
48.7959800459,1.987132896
48.79597991,1.9871329314
48.7959797732,1.9871329662
48.7959796369,1.9871329997
48.7959795006,1.9871330319
48.7959793643,1.9871330632
48.7959792281,1.987133095
48.7959790919,1.9871331241
48.7959789555,1.9871331533
48.7959788198,1.9871331795
48.7959786833,1.9871332081
48.7959785467,1.9871332347
48.7959784107,1.9871332596
48.7959782747,1.9871332846
48.7959781385,1.9871333092
48.795978003,1.9871333326
48.7959778667,1.9871333563
48.7959777304,1.9871333786
48.7959775948,1.9871333996
48.7959774598,1.9871334186
48.7959773231,1.9871334412
48.7959771876,1.9871334589
48.7959770519,1.9871334792
48.795976916,1.987133496
48.7959767805,1.9871335121
48.7959766451,1.98713353
48.7959765103,1.9871335456
48.7959763761,1.9871335588
48.7959762395,1.9871335731
48.7959761055,1.9871335875
48.7959759708,1.9871336013
48.7959758367,1.9871336123
48.7959757015,1.9871336253
48.7959755674,1.9871336356
48.7959754338,1.9871336433
48.7959752995,1.9871336562
48.7959751628,1.9871336646
48.7959750258,1.9871336699
48.7959748892,1.9871336763
48.795974753,1.9871336802
48.7959746158,1.9871336849
48.7959744796,1.987133688
48.7959743435,1.9871336899
48.7959742076,1.9871336915
48.7959740717,1.9871336923
48.7959739353,1.9871336919
48.7959738015,1.9871336899
48.7959736645,1.9871336895
48.7959735293,1.9871336876
48.7959733931,1.9871336846
48.7959732581,1.9871336814
48.7959731249,1.9871336764
48.7959729895,1.9871336716
48.7959728528,1.9871336675
48.7959727198,1.9871336604
48.7959725831,1.9871336539
48.7959724491,1.9871336466
48.7959723144,1.9871336375
48.7959721802,1.9871336294
48.7959720466,1.9871336193
48.795971913,1.9871336092
48.7959717796,1.9871335976
48.7959716463,1.9871335861
48.7959715149,1.9871335754
48.7959713825,1.987133562
48.7959712482,1.9871335496
48.7959711163,1.9871335351
48.7959709848,1.9871335206
48.795970853,1.9871335048
48.7959707214,1.987133488
48.7959705906,1.9871334708
48.7959704596,1.9871334535
48.7959703285,1.9871334339
48.7959701986,1.9871334147
48.7959700679,1.9871333935
48.7959699373,1.9871333712
48.7959698078,1.9871333502
48.7959696797,1.9871333262
48.7959695479,1.9871333031
48.7959694184,1.9871332785
48.7959692893,1.9871332531
48.7959691597,1.9871332282
48.7959690304,1.9871332021
48.7959689015,1.9871331761
48.7959687727,1.98713315
48.7959686439,1.9871331223
48.7959685151,1.9871330946
48.7959683881,1.987133066
48.7959682582,1.9871330379
48.795968129,1.9871330092
48.7959680015,1.987132981
48.7959678734,1.9871329515
48.7959677449,1.9871329216
48.7959676171,1.9871328908
48.7959674896,1.9871328605
48.7959673617,1.9871328297
48.7959672337,1.9871327979
48.7959671066,1.9871327655
48.7959669793,1.9871327319
48.795966852,1.9871326985
48.7959667268,1.9871326634
48.7959665984,1.9871326279
48.7959664716,1.9871325914
48.7959663449,1.9871325541
48.795966219,1.9871325153
48.795966093,1.9871324762
48.7959659684,1.9871324356
48.795965841,1.9871323953
48.7959657152,1.9871323529
48.7959655897,1.9871323112
48.7959654647,1.9871322684
48.7959653392,1.9871322243
48.7959652148,1.9871321801
48.7959650903,1.9871321356
48.795964966,1.987132091
48.7959648437,1.9871320445
48.795964718,1.987131999
48.7959645942,1.9871319523
48.7959644729,1.9871319044
48.7959643487,1.9871318579
48.7959642256,1.9871318106
48.7959641043,1.9871317623
48.7959639813,1.9871317144
48.7959638594,1.9871316653
48.795963737,1.9871316156
48.7959636159,1.9871315654
48.7959634946,1.9871315152
48.7959633752,1.9871314643
48.7959632527,1.9871314138
48.7959631339,1.9871313618
48.7959630113,1.9871313106
48.7959628914,1.9871312584
48.7959627732,1.9871312055
48.7959626515,1.9871311521
48.7959625339,1.9871310972
48.7959624127,1.9871310434
48.7959622925,1.9871309879
48.7959621729,1.9871309305
48.7959620539,1.9871308738
48.7959619348,1.9871308155
48.7959618174,1.9871307564
48.7959616976,1.9871306973
48.7959615793,1.9871306359
48.7959614624,1.9871305739
48.7959613429,1.9871305138
48.7959612256,1.9871304513
48.7959611096,1.9871303884
48.7959609906,1.9871303259
48.7959608735,1.9871302625
48.7959607566,1.9871301994
48.7959606409,1.9871301358
48.795960523,1.9871300725
48.795960407,1.9871300088
48.7959602901,1.9871299442
48.7959601741,1.9871298798
48.7959600586,1.9871298153
48.7959599429,1.9871297502
48.7959598278,1.9871296846
48.7959597127,1.9871296186
48.7959595995,1.9871295519
48.795959484,1.9871294846
48.7959593695,1.9871294169
48.7959592557,1.9871293492
48.7959591421,1.9871292807
48.795959029,1.9871292116
48.7959589157,1.9871291417
48.7959588031,1.9871290716
48.7959586905,1.9871290016
48.7959585785,1.9871289301
48.7959584664,1.987128859
48.7959583546,1.9871287868
48.7959582432,1.9871287143
48.7959581318,1.9871286416
48.7959580208,1.987128569
48.7959579095,1.9871284956
48.7959577988,1.9871284228
48.7959576898,1.9871283482
48.7959575777,1.9871282739
48.7959574675,1.9871281985
48.7959573573,1.9871281229
48.7959572474,1.9871280464
48.7959571376,1.9871279692
48.7959570284,1.9871278908
48.7959569192,1.9871278127
48.79595681,1.9871277333
48.7959567012,1.9871276531
48.7959565924,1.987127573
48.7959564837,1.9871274921
48.7959563752,1.9871274108
48.7959562663,1.9871273295
48.7959561581,1.9871272484
48.7959560494,1.9871271669
48.7959559406,1.9871270853
48.7959558321,1.9871270032
48.7959557235,1.9871269213
48.7959556149,1.9871268392
48.7959555066,1.9871267569
48.7959553999,1.987126673
48.79595529,1.9871265889
48.7959551823,1.987126504
48.7959550744,1.9871264188
48.7959549666,1.9871263324
48.7959548593,1.9871262462
48.7959547533,1.9871261589
48.7959546448,1.9871260698
48.795954538,1.9871259818
48.7959544312,1.9871258925
48.7959543243,1.9871258032
48.7959542177,1.9871257137
48.7959541108,1.9871256232
48.7959540042,1.9871255319
48.7959538979,1.987125441
48.7959537913,1.9871253497
48.7959536843,1.9871252581
48.7959535776,1.9871251658
48.7959534711,1.9871250735
48.7959533659,1.9871249803
48.7959532577,1.9871248866
48.7959531511,1.9871247926
48.7959530462,1.9871246975
48.7959529387,1.9871246025
48.7959528324,1.9871245064
48.7959527266,1.9871244097
48.7959526209,1.9871243125
48.7959525151,1.987124214
48.7959524096,1.9871241155
48.7959523045,1.9871240158
48.7959521991,1.987123916
48.7959520938,1.9871238154
48.7959519888,1.9871237137
48.7959518836,1.987123612
48.7959517784,1.9871235092
48.7959516733,1.9871234065
48.7959515679,1.9871233032
48.7959514627,1.9871231993
48.7959513572,1.9871230945
48.795951251,1.987122989
48.7959511454,1.987122882
48.7959510399,1.9871227738
48.795950934,1.987122665
48.7959508277,1.9871225567
48.7959507211,1.9871224473
48.7959506151,1.9871223378
48.7959505078,1.9871222269
48.7959504007,1.9871221156
48.7959502933,1.9871220039
48.7959501866,1.9871218915
48.7959500784,1.9871217773
48.7959499704,1.9871216627
48.7959498619,1.9871215484
48.795949754,1.9871214334
48.7959496454,1.9871213176
48.7959495357,1.9871211994
48.7959494273,1.9871210833
48.7959493178,1.9871209646
48.7959492092,1.9871208464
48.7959491023,1.9871207276
48.7959489931,1.9871206061
48.795948885,1.9871204848
48.7959487772,1.9871203626
48.7959486702,1.9871202401
48.7959485647,1.9871201168
48.7959484568,1.9871199901
48.7959483503,1.9871198642
48.7959482448,1.9871197388
48.7959481365,1.9871196113
48.7959480303,1.9871194841
48.7959479242,1.987119358
48.7959478156,1.9871192288
48.7959477085,1.9871191013
48.7959476004,1.9871189731
48.7959474925,1.9871188456
48.7959473842,1.9871187178
48.7959472754,1.9871185897
48.7959471668,1.987118462
48.7959470568,1.9871183345
48.7959469469,1.9871182084
48.7959468368,1.9871180818
48.795946726,1.9871179556
48.7959466154,1.9871178291
48.7959465047,1.9871177009
48.795946394,1.9871175726
48.7959462838,1.9871174434
48.7959461727,1.9871173121
48.7959460622,1.9871171801
48.7959459519,1.9871170471
48.7959458416,1.9871169128
48.7959457309,1.9871167778
48.7959456205,1.9871166419
48.7959455096,1.9871165055
48.7959453986,1.9871163685
48.7959452875,1.9871162309
48.7959451762,1.987116093
48.7959450648,1.9871159546
48.7959449528,1.9871158161
48.7959448405,1.9871156777
48.7959447279,1.9871155389
48.795944615,1.9871154008
48.795944502,1.9871152627
48.7959443882,1.9871151239
48.7959442745,1.987114986
48.7959441606,1.9871148476
48.7959440461,1.987114709
48.7959439318,1.9871145705
48.7959438173,1.987114432
48.7959437029,1.9871142921
48.7959435878,1.9871141529
48.7959434734,1.9871140132
48.7959433581,1.9871138731
48.7959432428,1.987113733
48.7959431274,1.9871135923
48.795943012,1.9871134517
48.7959428964,1.9871133105
48.7959427806,1.9871131682
48.7959426646,1.9871130274
48.7959425486,1.9871128846
48.7959424325,1.9871127424
48.7959423164,1.9871126003
48.7959422001,1.9871124564
48.7959420834,1.9871123128
48.7959419672,1.9871121691
48.7959418506,1.9871120247
48.7959417345,1.9871118801
48.795941617,1.987111735
48.7959415009,1.9871115895
48.7959413839,1.9871114436
48.7959412667,1.9871112966
48.7959411487,1.9871111494
48.7959410323,1.9871110028
48.7959409141,1.9871108546
48.7959407972,1.9871107071
48.7959406791,1.9871105594
48.795940561,1.9871104113
48.7959404427,1.987110263
48.7959403245,1.987110116
48.7959402059,1.9871099682
48.7959400872,1.9871098209
48.7959399695,1.9871096743
48.7959398502,1.9871095241
48.7959397303,1.9871093706
48.7959396106,1.9871092196
48.7959394905,1.9871090649
48.7959393703,1.9871089137
48.7959392493,1.9871087582
48.7959391287,1.9871086056
48.7959390077,1.9871084549
48.7959388861,1.9871082995
48.7959387644,1.9871081464
48.7959386424,1.9871079936
48.7959385199,1.9871078404
48.7959383977,1.987107688
48.7959382749,1.987107535
48.7959381522,1.9871073816
48.795938029,1.987107228
48.7959379056,1.9871070759
48.7959377824,1.9871069211
48.7959376593,1.9871067672
48.7959375356,1.9871066146
48.7959374113,1.9871064597
48.7959372871,1.9871063035
48.7959371624,1.9871061487
48.7959370379,1.9871059937
48.7959369128,1.9871058388
48.7959367877,1.9871056834
48.7959366621,1.9871055278
48.7959365366,1.9871053718
48.7959364105,1.987105218
48.7959362838,1.9871050608
48.7959361571,1.9871049046
48.7959360301,1.9871047503
48.7959359028,1.9871045924
48.7959357749,1.9871044373
48.7959356471,1.9871042793
48.7959355185,1.9871041221
48.7959353901,1.9871039667
48.7959352612,1.9871038075
48.7959351321,1.9871036496
48.7959350025,1.9871034918
48.7959348729,1.9871033337
48.7959347431,1.9871031758
48.7959346129,1.987103017
48.7959344822,1.9871028579
48.7959343518,1.9871026986
48.7959342212,1.98710254
48.79593409,1.9871023805
48.7959339586,1.9871022209
48.7959338268,1.9871020618
48.7959336951,1.9871019026
48.7959335629,1.9871017427
48.7959334303,1.9871015832
48.7959332976,1.9871014237
48.795933164,1.9871012646
48.7959330302,1.9871011054
48.7959328961,1.9871009468
48.7959327615,1.9871007877
48.795932627,1.9871006288
48.7959324924,1.9871004693
48.7959323568,1.98710031
48.7959322213,1.9871001515
48.7959320855,1.9870999923
48.7959319492,1.9870998321
48.7959318129,1.9870996726
48.7959316765,1.9870995128
48.7959315391,1.9870993521
48.7959314023,1.9870991912
48.7959312642,1.9870990316
48.795931126,1.9870988731
48.7959309875,1.9870987103
48.7959308491,1.9870985491
48.7959307098,1.9870983874
48.79593057,1.987098226
48.7959304295,1.987098064
48.7959302887,1.9870979016
48.7959301469,1.9870977402
48.7959300048,1.9870975778
48.7959298616,1.9870974152
48.7959297182,1.9870972541
48.7959295748,1.9870970936
48.7959294307,1.9870969283
48.7959292876,1.9870967687
48.795929145,1.9870966061
48.7959290022,1.9870964435
48.7959288612,1.9870962832
48.7959287188,1.9870961168
48.7959285767,1.987095952
48.7959284358,1.9870957835
48.7959282933,1.9870956189
48.7959281522,1.987095454
48.79592801,1.9870952874
48.7959278672,1.9870951229
48.7959277256,1.9870949556
48.7959275844,1.98709479
48.7959274437,1.9870946206
48.795927302,1.9870944546
48.7959271591,1.9870942903
48.7959270155,1.9870941253
48.7959268707,1.9870939614
48.7959267257,1.9870937941
48.7959265786,1.9870936289
48.7959264309,1.9870934633
48.7959262833,1.9870932991
48.7959261351,1.9870931361
48.7959259869,1.987092976
48.7959258376,1.987092811
48.7959256883,1.9870926473
48.7959255388,1.9870924873
48.7959253885,1.9870923193
48.7959252381,1.9870921529
48.7959250882,1.9870919874
48.7959249372,1.9870918193
48.7959247872,1.9870916499
48.7959246373,1.9870914812
48.7959244874,1.9870913138
48.7959243369,1.9870911421
48.795924187,1.9870909737
48.7959240357,1.9870907993
48.7959238846,1.9870906272
48.7959237333,1.9870904555
48.7959235815,1.9870902851
48.7959234292,1.9870901125
48.7959232773,1.9870899433
48.795923124,1.987089769
48.795922971,1.9870895972
48.795922818,1.9870894294
48.7959226645,1.9870892548
48.7959225107,1.9870890834
48.7959223571,1.9870889149
48.7959222028,1.9870887409
48.7959220485,1.9870885694
48.7959218941,1.9870884009
48.7959217388,1.987088227
48.7959215833,1.9870880558
48.7959214281,1.9870878848
48.795921272,1.9870877134
48.7959211158,1.9870875435
48.7959209596,1.9870873722
48.7959208032,1.987087201
48.7959206467,1.9870870296
48.7959204896,1.9870868587
48.7959203324,1.9870866862
48.7959201749,1.9870865142
48.795920018,1.9870863414
48.7959198611,1.9870861707
48.7959197032,1.9870859982
48.7959195449,1.9870858206
48.7959193878,1.9870856454
48.7959192295,1.9870854707
48.7959190717,1.9870852955
48.7959189132,1.98708512
48.7959187548,1.987084944
48.7959185961,1.9870847679
48.7959184373,1.9870845915
48.7959182782,1.9870844151
48.7959181189,1.9870842389
48.7959179598,1.9870840632
48.7959177996,1.9870838857
48.7959176396,1.9870837121
48.7959174791,1.9870835349
48.7959173189,1.9870833568
48.7959171574,1.9870831798
48.7959169969,1.9870830053
48.7959168358,1.9870828257
48.795916674,1.9870826476
48.7959165121,1.9870824725
48.79591635,1.9870822959
48.7959161878,1.9870821182
48.7959160258,1.9870819423
48.795915863,1.987081762
48.7959156999,1.9870815841
48.7959155369,1.9870814061
48.7959153732,1.9870812262
48.7959152102,1.9870810473
48.7959150461,1.9870808682
48.7959148819,1.9870806883
48.795914718,1.9870805117
48.7959145533,1.9870803283
48.7959143882,1.9870801475
48.7959142232,1.9870799668
48.7959140582,1.9870797858
48.7959138929,1.9870796077
48.7959137262,1.9870794241
48.7959135602,1.9870792456
48.7959133935,1.9870790605
48.7959132263,1.9870788793
48.7959130595,1.987078698
48.795912892,1.9870785153
48.7959127241,1.9870783361
48.7959125559,1.98707815
48.7959123879,1.9870779677
48.795912219,1.9870777836
48.7959120504,1.9870776003
48.7959118815,1.9870774195
48.7959117124,1.9870772331
48.7959115427,1.987077049
48.7959113726,1.9870768639
48.7959112027,1.9870766791
48.795911033,1.9870764971
48.7959108627,1.9870763176
48.7959106916,1.9870761339
48.7959105204,1.987075948
48.7959103489,1.9870757639
48.7959101763,1.9870755751
48.7959100045,1.9870753897
48.7959098315,1.9870752002
48.795909659,1.9870750128
48.7959094861,1.9870748261
48.7959093127,1.9870746359
48.7959091389,1.987074447
48.7959089647,1.9870742571
48.7959087905,1.9870740695
48.7959086163,1.9870738766
48.795908442,1.987073689
48.7959082653,1.9870734959
48.7959080899,1.9870733052
48.7959079145,1.9870731149
48.7959077377,1.9870729223
48.795907561,1.9870727296
48.7959073841,1.9870725396
48.7959072067,1.9870723451
48.7959070293,1.9870721521
48.7959068516,1.9870719588
48.7959066747,1.9870717665
48.7959065003,1.9870715754
48.7959063246,1.9870713854
48.7959061519,1.9870711989
48.7959059794,1.9870710067
48.7959058075,1.9870708196
48.7959056334,1.9870706297
48.7959054622,1.9870704416
48.7959052888,1.9870702538
48.795905115,1.9870700656
48.7959049414,1.9870698779
48.7959047664,1.9870696897
48.7959045915,1.9870695043
48.7959044167,1.9870693134
48.7959042403,1.9870691257
48.7959040608,1.9870689329
48.7959038832,1.9870687395
48.7959037037,1.9870685458
48.795903522,1.9870683513
48.7959033413,1.9870681541
48.7959031607,1.9870679556
48.7959029769,1.9870677569
48.7959027942,1.9870675591
48.795902612,1.9870673607
48.7959024297,1.987067161
48.7959022493,1.9870669608
48.7959020657,1.9870667601
48.7959018815,1.9870665573
48.7959016974,1.9870663563
48.795901515,1.9870661577
48.7959013304,1.9870659572
48.7959011442,1.9870657568
48.7959009595,1.9870655581
48.7959007744,1.9870653578
48.7959005873,1.9870651566
48.7959004009,1.9870649583
48.7959002148,1.9870647592
48.7959000271,1.9870645578
48.7958998399,1.9870643563
48.7958996527,1.9870641551
48.7958994639,1.9870639523
48.7958992762,1.9870637498
48.7958990882,1.9870635462
48.7958988981,1.9870633412
48.7958987092,1.9870631355
48.79589852,1.9870629304
48.7958983303,1.987062725
48.7958981399,1.987062519
48.7958979486,1.9870623119
48.7958977584,1.9870621045
48.7958975665,1.9870618989
48.7958973741,1.9870616905
48.7958971811,1.9870614833
48.7958969884,1.9870612753
48.7958967949,1.9870610675
48.7958966004,1.987060858
48.7958964061,1.9870606517
48.795896212,1.9870604427
48.7958960162,1.9870602309
48.7958958209,1.9870600199
48.7958956249,1.987059809
48.7958954288,1.9870595978
48.7958952321,1.9870593869
48.7958950352,1.9870591739
48.7958948378,1.9870589616
48.7958946408,1.9870587504
48.7958944434,1.9870585365
48.7958942453,1.9870583225
48.7958940458,1.9870581052
48.7958938471,1.987057892
48.795893648,1.9870576765
48.7958934484,1.9870574604
48.7958932485,1.9870572467
48.7958930482,1.98705703
48.7958928468,1.9870568131
48.7958926454,1.9870565956
48.7958924431,1.9870563768
48.7958922393,1.987056159
48.7958920353,1.9870559394
48.7958918322,1.9870557216
48.7958916289,1.9870555012
48.7958914239,1.9870552803
48.7958912193,1.9870550615
48.7958910146,1.9870548408
48.7958908099,1.9870546202
48.7958906054,1.9870544009
48.7958903993,1.987054177
48.7958901934,1.9870539553
48.7958899883,1.9870537332
48.7958897826,1.9870535093
48.795889576,1.9870532856
48.7958893697,1.987053062
48.795889163,1.9870528382
48.7958889564,1.9870526143
48.795888749,1.9870523897
48.7958885422,1.9870521666
48.7958883331,1.98705194
48.7958881251,1.9870517149
48.7958879164,1.9870514905
48.7958877071,1.9870512648
48.7958874977,1.9870510392
48.7958872884,1.9870508127
48.7958870786,1.9870505864
48.7958868679,1.9870503602
48.7958866576,1.9870501341
48.7958864468,1.9870499067
48.7958862362,1.9870496815
48.7958860249,1.98704945
48.7958858127,1.987049222
48.7958856013,1.9870489917
48.7958853943,1.9870487687
48.7958851883,1.9870485454
48.7958849882,1.9870483275
48.7958847836,1.9870481091
48.7958845733,1.9870478844
48.7958843732,1.9870476725
48.7958841693,1.9870474586
48.7958839577,1.9870472285
48.7958837545,1.9870470149
48.7958835504,1.9870467886
48.7958833465,1.9870465716
48.7958831371,1.9870463463
48.7958829325,1.9870461264
48.7958827279,1.9870459064
48.7958825168,1.9870456743
48.7958823046,1.9870454444
48.7958820941,1.9870452139
48.7958818822,1.9870449834
48.7958816678,1.9870447453
48.7958814511,1.9870445097
48.7958812372,1.987044272
48.7958810194,1.9870440272
48.7958808135,1.9870438043
48.7958805977,1.9870435637
48.7958803827,1.9870433321
48.7958801631,1.9870430932
48.7958799431,1.9870428516
48.7958797276,1.9870426186
48.7958795089,1.9870423791
48.7958792892,1.9870421406
48.7958790685,1.9870419024
48.7958788478,1.9870416637
48.7958786299,1.9870414281
48.7958784102,1.9870411893
48.7958781895,1.9870409504
48.7958779674,1.9870407111
48.7958777476,1.9870404723
48.7958775265,1.9870402321
48.7958773047,1.9870399907
48.7958770826,1.987039749
48.7958768618,1.9870395082
48.7958766409,1.9870392671
48.7958764188,1.987039025
48.7958761971,1.9870387842
48.7958759758,1.987038543
48.7958757542,1.9870383027
48.7958755327,1.9870380633
48.7958753098,1.9870378213
48.7958750869,1.9870375798
48.7958748641,1.9870373385
48.7958746415,1.9870370984
48.7958744183,1.9870368572
48.7958741951,1.9870366167
48.7958739721,1.9870363752
48.7958737491,1.9870361343
48.7958735259,1.9870358922
48.7958733027,1.9870356507
48.7958730799,1.9870354105
48.795872856,1.9870351651
48.795872633,1.9870349239
48.7958724082,1.9870346802
48.7958721844,1.987034436
48.7958719595,1.9870341921
48.7958717353,1.9870339502
48.7958715096,1.9870337056
48.7958712845,1.9870334623
48.7958710602,1.9870332223
48.7958708347,1.9870329808
48.7958706082,1.987032739
48.7958703815,1.9870324956
48.7958701548,1.9870322516
48.7958699283,1.9870320092
48.7958697,1.9870317636
48.7958694728,1.9870315185
48.795869246,1.9870312729
48.7958690176,1.9870310271
48.79586879,1.9870307812
48.7958685627,1.9870305336
48.7958683332,1.9870302857
48.7958681049,1.9870300386
48.7958678757,1.9870297918
48.7958676459,1.9870295434
48.7958674155,1.9870292967
48.7958671857,1.98702905
48.7958669547,1.9870288024
48.7958667231,1.9870285541
48.7958664921,1.9870283063
48.7958662602,1.9870280593
48.7958660285,1.9870278101
48.7958657962,1.9870275616
48.7958655644,1.9870273116
48.7958653329,1.9870270624
48.7958650989,1.9870268108
48.7958648664,1.9870265609
48.7958646337,1.9870263081
48.7958643993,1.9870260578
48.7958641663,1.9870258063
48.7958639328,1.9870255546
48.7958636984,1.9870253023
48.7958634634,1.9870250509
48.7958632297,1.9870247997
48.7958629943,1.9870245461
48.7958627594,1.9870242939
48.7958625239,1.987024042
48.7958622883,1.9870237885
48.7958620529,1.9870235357
48.7958618164,1.9870232835
48.7958615807,1.9870230308
48.7958613436,1.9870227751
48.7958611075,1.987022521
48.7958608716,1.9870222675
48.7958606333,1.9870220124
48.7958603967,1.9870217592
48.795860159,1.987021503
48.7958599212,1.9870212483
48.7958596838,1.987020992
48.7958594449,1.9870207376
48.795859207,1.987020482
48.7958589684,1.987020227
48.7958587294,1.9870199705
48.795858491,1.987019716
48.7958582518,1.9870194582
48.7958580119,1.9870192017
48.7958577723,1.9870189459
48.7958575326,1.9870186895
48.7958572924,1.9870184304
48.7958570523,1.9870181715
48.7958568121,1.9870179145
48.7958565707,1.9870176554
48.7958563299,1.9870173961
48.79585609,1.9870171367
48.7958558487,1.9870168774
48.7958556064,1.9870166169
48.7958553648,1.9870163563
48.7958551233,1.9870160956
48.795854881,1.9870158349
48.7958546391,1.9870155753
48.7958543951,1.9870153141
48.7958541526,1.9870150534
48.7958539097,1.9870147925
48.7958536658,1.9870145316
48.7958534219,1.9870142699
48.7958531781,1.9870140072
48.7958529342,1.9870137469
48.7958526896,1.9870134846
48.7958524446,1.9870132219
48.7958521997,1.9870129601
48.7958519549,1.9870126975
48.7958517082,1.9870124353
48.7958514624,1.9870121732
48.7958512165,1.9870119093
48.7958509699,1.9870116483
48.795850722,1.9870113857
48.7958504746,1.9870111238
48.7958502275,1.9870108612
48.7958499796,1.9870105983
48.795849732,1.9870103358
48.7958494831,1.9870100717
48.7958492348,1.9870098086
48.7958489872,1.9870095436
48.7958487376,1.9870092793
48.7958484889,1.9870090129
48.7958482399,1.9870087483
48.7958479904,1.9870084828
48.7958477398,1.9870082173
48.7958474906,1.9870079494
48.7958472412,1.9870076844
48.7958469906,1.9870074169
48.7958467407,1.9870071507
48.79584649,1.9870068855
48.7958462382,1.9870066178
48.7958459865,1.9870063545
48.7958457355,1.9870060861
48.7958454833,1.9870058204
48.7958452318,1.987005553
48.7958449786,1.9870052871
48.7958447263,1.9870050198
48.7958444737,1.9870047518
48.795844221,1.9870044837
48.7958439678,1.9870042147
48.7958437146,1.9870039461
48.7958434609,1.987003677
48.7958432062,1.9870034079
48.7958429526,1.9870031388
48.7958426972,1.9870028688
48.7958424424,1.9870026001
48.7958421871,1.9870023303
48.7958419303,1.9870020598
48.7958416753,1.9870017902
48.7958414189,1.9870015211
48.7958411623,1.987001249
48.7958409049,1.9870009782
48.7958406487,1.987000707
48.7958403908,1.9870004372
48.7958401337,1.9870001657
48.7958398755,1.9869998923
48.7958396179,1.9869996203
48.7958393597,1.9869993493
48.7958391004,1.9869990768
48.795838841,1.9869988046
48.7958385812,1.9869985323
48.7958383211,1.9869982604
48.7958380616,1.9869979887
48.7958378006,1.9869977154
48.7958375401,1.9869974435
48.7958372795,1.9869971715
48.7958370183,1.9869968989
48.7958367567,1.9869966253
48.7958364947,1.9869963519
48.7958362328,1.9869960788
48.7958359718,1.9869958054
48.7958357087,1.9869955306
48.7958354462,1.9869952549
48.7958351835,1.9869949813
48.7958349214,1.9869947053
48.7958346581,1.9869944298
48.7958343954,1.9869941535
48.7958341317,1.9869938781
48.7958338683,1.9869936013
48.7958336046,1.9869933272
48.7958333398,1.9869930496
48.7958330749,1.9869927732
48.7958328096,1.9869924988
48.7958325448,1.986992222
48.7958322787,1.986991946
48.7958320128,1.9869916695
48.7958317466,1.9869913928
48.7958314804,1.9869911163
48.7958312131,1.9869908396
48.7958309464,1.9869905621
48.7958306785,1.9869902852
48.7958304119,1.986990008
48.7958301438,1.9869897298
48.7958298766,1.9869894514
48.795829608,1.9869891737
48.7958293403,1.9869888947
48.795829072,1.9869886169
48.7958288037,1.9869883366
48.795828534,1.9869880577
48.7958282654,1.9869877775
48.7958279962,1.9869874986
48.7958277259,1.9869872178
48.795827456,1.9869869377
48.7958271851,1.9869866575
48.795826914,1.9869863772
48.7958266428,1.9869860979
48.7958263708,1.9869858165
48.7958260986,1.9869855375
48.7958258263,1.9869852562
48.7958255533,1.9869849753
48.7958252805,1.9869846946
48.7958250068,1.9869844125
48.7958247335,1.9869841315
48.7958244591,1.9869838492
48.7958241855,1.9869835676
48.7958239109,1.9869832855
48.7958236353,1.9869830017
48.7958233604,1.9869827187
48.7958230846,1.9869824364
48.7958228099,1.9869821541
48.7958225331,1.9869818705
48.7958222569,1.9869815874
48.7958219801,1.9869813053
48.7958217022,1.9869810235
48.7958214241,1.9869807403
48.7958211456,1.9869804576
48.7958208662,1.9869801744
48.7958205864,1.9869798911
48.7958203062,1.986979609
48.7958200258,1.9869793237
48.7958197459,1.9869790399
48.7958194651,1.9869787546
48.795819184,1.9869784712
48.7958189027,1.9869781854
48.7958186209,1.9869779006
48.7958183391,1.9869776156
48.7958180563,1.9869773302
48.7958177737,1.9869770436
48.7958174904,1.9869767587
48.7958172075,1.9869764725
48.7958169233,1.9869761865
48.7958166398,1.9869758989
48.7958163553,1.986975613
48.7958160712,1.9869753258
48.7958157858,1.9869750379
48.7958155012,1.9869747501
48.7958152159,1.9869744618
48.7958149307,1.986974173
48.795814645,1.9869738839
48.7958143595,1.9869735944
48.7958140733,1.986973305
48.795813788,1.9869730141
48.7958135019,1.986972723
48.7958132159,1.9869724301
48.7958129301,1.9869721366
48.7958126436,1.9869718436
48.7958123577,1.9869715492
48.7958120709,1.9869712543
48.7958117837,1.9869709606
48.7958114973,1.9869706648
48.7958112101,1.9869703703
48.795810922,1.9869700746
48.7958106338,1.9869697791
48.7958103456,1.9869694854
48.7958100557,1.9869691891
48.7958097671,1.9869688952
48.7958094774,1.9869686013
48.7958091868,1.9869683059
48.7958088965,1.9869680122
48.7958086056,1.9869677173
48.7958083148,1.9869674232
48.7958080233,1.9869671293
48.7958077319,1.9869668336
48.7958074408,1.9869665398
48.7958071486,1.9869662431
48.795806856,1.9869659489
48.7958065635,1.9869656535
48.795806271,1.9869653575
48.7958059784,1.9869650615
48.7958056846,1.9869647638
48.7958053911,1.9869644677
48.7958050975,1.9869641701
48.7958048037,1.9869638728
48.7958045096,1.9869635755
48.7958042141,1.9869632766
48.7958039188,1.9869629777
48.7958036234,1.9869626802
48.7958033276,1.9869623806
48.7958030305,1.9869620808
48.7958027339,1.9869617824
48.7958024366,1.9869614829
48.7958021384,1.9869611837
48.7958018398,1.9869608833
48.7958015416,1.9869605841
48.7958012426,1.9869602833
48.7958009431,1.9869599814
48.7958006429,1.9869596814
48.7958003438,1.9869593786
48.7958000427,1.9869590767
48.7957997427,1.9869587749
48.7957994408,1.9869584718
48.795799139,1.9869581684
48.7957988379,1.9869578657
48.7957985354,1.9869575623
48.795798233,1.9869572587
48.79579793,1.9869569537
48.7957976272,1.9869566485
48.7957973233,1.9869563423
48.79579702,1.9869560375
48.7957967151,1.986955729
48.7957964109,1.9869554239
48.7957961065,1.9869551154
48.795795801,1.9869548081
48.7957954957,1.9869545003
48.7957951901,1.9869541922
48.7957948844,1.986953884
48.7957945777,1.9869535766
48.7957942719,1.9869532685
48.7957939639,1.9869529601
48.7957936576,1.9869526522
48.7957933493,1.9869523431
48.7957930415,1.9869520345
48.7957927335,1.986951725
48.7957924254,1.9869514155
48.7957921161,1.9869511055
48.7957918065,1.9869507952
48.7957914966,1.9869504844
48.7957911864,1.9869501721
48.7957908767,1.9869498588
48.795790566,1.9869495453
48.7957902555,1.9869492318
48.795789945,1.9869489175
48.7957896338,1.9869486028
48.7957893236,1.9869482889
48.7957890107,1.9869479736
48.7957886988,1.9869476601
48.795788386,1.9869473451
48.7957880728,1.9869470318
48.7957877588,1.9869467188
48.7957874444,1.986946405
48.7957871296,1.986946092
48.7957868146,1.986945777
48.7957864987,1.9869454644
48.7957861819,1.9869451497
48.7957858661,1.9869448362
48.7957855499,1.986944521
48.7957852311,1.9869442075
48.7957849142,1.9869438905
48.7957845962,1.9869435747
48.7957842789,1.9869432576
48.7957839606,1.9869429396
48.7957836422,1.9869426209
48.7957833241,1.9869423024
48.7957830055,1.9869419836
48.7957826868,1.9869416644
48.7957823661,1.9869413454
48.7957820468,1.9869410252
48.7957817264,1.9869407062
48.7957814054,1.9869403834
48.7957810841,1.9869400641
48.7957807619,1.9869397424
48.7957804399,1.9869394231
48.7957801164,1.9869391009
48.7957797933,1.9869387798
48.7957794696,1.9869384576
48.7957791447,1.9869381351
48.7957788198,1.9869378119
48.7957784949,1.9869374894
48.7957781692,1.9869371655
48.7957778428,1.9869368398
48.7957775174,1.9869365152
48.7957771907,1.9869361895
48.7957768636,1.9869358635
48.7957765371,1.9869355362
48.7957762098,1.9869352085
48.7957758821,1.9869348803
48.7957755548,1.9869345521
48.7957752262,1.9869342245
48.7957748975,1.9869338952
48.795774569,1.9869335662
48.7957742398,1.9869332372
48.7957739099,1.9869329064
48.7957735804,1.9869325778
48.7957732497,1.9869322474
48.7957729191,1.9869319177
48.7957725887,1.9869315876
48.7957722573,1.9869312563
48.7957719262,1.9869309262
48.7957715939,1.9869305937
48.7957712619,1.9869302611
48.7957709299,1.9869299291
48.795770597,1.9869295959
48.7957702646,1.9869292622
48.7957699317,1.9869289287
48.7957695978,1.986928594
48.7957692646,1.9869282595
48.7957689307,1.9869279239
48.7957685965,1.9869275889
48.7957682613,1.9869272525
48.7957679268,1.9869269171
48.7957675917,1.9869265814
48.7957672554,1.9869262465
48.79576692,1.9869259111
48.7957665814,1.9869255742
48.7957662446,1.9869252396
48.7957659071,1.9869249028
48.7957655682,1.9869245677
48.7957652297,1.9869242299
48.7957648912,1.9869238932
48.7957645523,1.9869235552
48.7957642127,1.9869232172
48.7957638733,1.9869228766
48.7957635331,1.9869225365
48.7957631936,1.9869221963
48.7957628525,1.9869218553
48.7957625123,1.9869215128
48.7957621731,1.9869211729
48.7957618308,1.9869208302
48.795761489,1.986920487
48.7957611465,1.9869201442
48.795760806,1.9869198007
48.7957604624,1.9869194554
48.7957601208,1.986919111
48.7957597783,1.9869187658
48.7957594344,1.98691842
48.795759092,1.9869180714
48.7957587488,1.9869177222
48.7957584059,1.986917373
48.7957580618,1.9869170226
48.7957577184,1.9869166723
48.7957573742,1.9869163209
48.7957570304,1.9869159703
48.7957566854,1.986915618
48.7957563404,1.9869152664
48.7957559965,1.986914915
48.7957556501,1.9869145602
48.7957553038,1.9869142079
48.7957549574,1.9869138528
48.7957546111,1.9869134974
48.7957542623,1.9869131428
48.7957539156,1.9869127894
48.7957535662,1.9869124343
48.7957532183,1.9869120787
48.7957528694,1.9869117229
48.7957525201,1.9869113672
48.7957521701,1.9869110136
48.7957518202,1.9869106544
48.7957514697,1.9869102979
48.7957511192,1.9869099403
48.7957507688,1.9869095829
48.7957504181,1.986909224
48.7957500666,1.9869088652
48.7957497156,1.9869085044
48.7957493642,1.9869081461
48.7957490108,1.9869077831
48.7957486589,1.9869074229
48.7957483054,1.98690706
48.7957479527,1.986906699
48.7957475984,1.9869063382
48.7957472441,1.9869059762
48.7957468893,1.9869056137
48.795746535,1.9869052527
48.795746179,1.9869048899
48.7957458231,1.9869045254
48.7957454676,1.9869041634
48.795745112,1.9869037977
48.795744755,1.9869034337
48.7957443981,1.9869030679
48.7957440414,1.9869027032
48.7957436837,1.9869023361
48.7957433266,1.986901971
48.7957429683,1.9869016029
48.7957426107,1.9869012346
48.7957422525,1.9869008676
48.7957418941,1.9869005003
48.7957415358,1.9869001315
48.7957411764,1.9868997613
48.795740817,1.986899393
48.7957404583,1.9868990228
48.7957400979,1.9868986509
48.7957397377,1.9868982795
48.7957393784,1.9868979074
48.7957390177,1.986897535
48.7957386568,1.9868971604
48.7957382959,1.9868967871
48.7957379349,1.9868964119
48.7957375731,1.9868960364
48.7957372115,1.9868956602
48.7957368495,1.9868952856
48.7957364873,1.9868949092
48.7957361249,1.9868945335
48.7957357609,1.9868941547
48.7957353971,1.9868937778
48.7957350335,1.9868934005
48.7957346695,1.9868930225
48.7957343043,1.9868926434
48.7957339393,1.9868922649
48.7957335745,1.9868918855
48.7957332094,1.9868915069
48.7957328427,1.9868911275
48.7957324764,1.9868907478
48.7957321095,1.9868903664
48.7957317428,1.986889986
48.7957313754,1.9868896056
48.7957310075,1.9868892248
48.7957306393,1.986888844
48.7957302714,1.9868884614
48.7957299031,1.9868880793
48.7957295347,1.9868876976
48.7957291656,1.9868873128
48.7957287975,1.9868869279
48.7957284282,1.9868865432
48.7957280592,1.9868861569
48.7957276895,1.9868857714
48.7957273203,1.986885384
48.7957269497,1.9868849999
48.795726579,1.9868846116
48.7957262092,1.986884225
48.7957258392,1.9868838391
48.7957254673,1.9868834508
48.7957250963,1.9868830632
48.7957247245,1.9868826732
48.7957243534,1.9868822847
48.7957239814,1.9868818932
48.7957236099,1.9868815049
48.7957232398,1.9868811174
48.795722868,1.9868807292
48.7957224974,1.9868803403
48.7957221251,1.9868799505
48.7957217535,1.9868795608
48.7957213822,1.9868791705
48.7957210099,1.9868787808
48.7957206371,1.9868783898
48.7957202649,1.9868779999
48.795719892,1.9868776076
48.7957195183,1.9868772151
48.7957191453,1.986876826
48.7957187715,1.9868764339
48.7957183978,1.9868760417
48.7957180229,1.9868756489
48.7957176492,1.9868752572
48.7957172741,1.9868748627
48.7957168991,1.9868744704
48.795716525,1.9868740756
48.7957161497,1.9868736797
48.7957157738,1.9868732861
48.7957153982,1.9868728919
48.7957150223,1.9868724967
48.795714647,1.9868721003
48.7957142713,1.9868717039
48.7957138941,1.9868713065
48.7957135184,1.9868709108
48.7957131413,1.986870513
48.7957127646,1.9868701155
48.7957123881,1.9868697173
48.7957120111,1.9868693196
48.7957116329,1.9868689218
48.7957112552,1.9868685238
48.7957108779,1.9868681261
48.7957104996,1.986867726
48.7957101206,1.9868673285
48.7957097416,1.9868669291
48.7957093637,1.9868665302
48.7957089845,1.9868661316
48.7957086054,1.9868657327
48.7957082259,1.9868653329
48.7957078457,1.9868649335
48.7957074656,1.9868645321
48.7957070853,1.986864133
48.7957067057,1.9868637314
48.7957063251,1.9868633315
48.7957059445,1.9868629292
48.7957055628,1.9868625278
48.7957051827,1.9868621253
48.7957048016,1.9868617245
48.7957044203,1.9868613217
48.7957040384,1.9868609177
48.7957036572,1.9868605152
48.7957032755,1.9868601116
48.7957028934,1.9868597088
48.795702511,1.9868593042
48.7957021292,1.9868589001
48.7957017463,1.9868584953
48.7957013635,1.9868580913
48.7957009811,1.9868576846
48.7957005987,1.9868572791
48.7957002153,1.9868568737
48.7956998321,1.9868564682
48.7956994499,1.9868560608
48.7956990665,1.9868556537
48.7956986835,1.9868552465
48.7956982995,1.9868548389
48.7956979164,1.9868544323
48.7956975325,1.9868540234
48.7956971487,1.9868536177
48.7956967651,1.9868532081
48.7956963806,1.9868528004
48.7956959965,1.9868523924
48.7956956122,1.9868519849
48.7956952275,1.9868515749
48.7956948426,1.9868511678
48.795694458,1.9868507589
48.7956940723,1.9868503512
48.7956936866,1.9868499413
48.7956933014,1.9868495316
48.7956929167,1.9868491211
48.7956925315,1.9868487099
48.7956921457,1.9868482994
48.7956917594,1.9868478877
48.7956913738,1.9868474755
48.7956909886,1.9868470636
48.7956906021,1.9868466519
48.7956902156,1.9868462397
48.7956898296,1.986845827
48.7956894431,1.9868454143
48.7956890563,1.9868450014
48.7956886692,1.9868445881
48.7956882816,1.9868441748
48.7956878943,1.9868437618
48.7956875066,1.9868433489
48.7956871183,1.9868429365
48.7956867296,1.9868425229
48.7956863405,1.9868421111
48.7956859514,1.9868416985
48.7956855616,1.9868412854
48.7956851715,1.9868408688
48.7956847805,1.986840449
48.79568439,1.98684003
48.7956840003,1.9868396105
48.7956836098,1.9868391939
48.7956832202,1.986838771
48.79568283,1.9868383491
48.7956824393,1.9868379278
48.7956820489,1.9868375075
48.7956816588,1.9868370848
48.7956812689,1.9868366638
48.7956808781,1.9868362398
48.7956804873,1.9868358196
48.7956800968,1.9868353985
48.7956797055,1.986834973
48.7956793149,1.9868345506
48.7956789229,1.9868341273
48.7956785314,1.9868337059
48.7956781391,1.9868332807
48.7956777483,1.986832858
48.7956773556,1.9868324331
48.7956769631,1.9868320083
48.7956765709,1.9868315835
48.7956761792,1.9868311579
48.7956757867,1.9868307346
48.7956753946,1.9868303051
48.7956750015,1.9868298803
48.7956746089,1.986829452
48.7956742165,1.9868290266
48.7956738242,1.986828597
48.795673431,1.9868281712
48.795673038,1.9868277445
48.7956726446,1.9868273148
48.7956722511,1.9868268876
48.7956718566,1.9868264622
48.7956714629,1.9868260334
48.7956710681,1.9868256061
48.7956706738,1.9868251799
48.795670279,1.9868247514
48.7956698839,1.9868243248
48.7956694885,1.9868238956
48.7956690939,1.9868234699
48.7956686986,1.9868230395
48.7956683032,1.9868226112
48.7956679074,1.9868221846
48.7956675127,1.9868217514
48.7956671171,1.9868213227
48.7956667211,1.9868208912
48.7956663246,1.9868204632
48.7956659291,1.9868200326
48.7956655329,1.9868196043
48.7956651359,1.986819172
48.7956647392,1.9868187431
48.7956643421,1.9868183111
48.7956639451,1.9868178813
48.7956635479,1.9868174499
48.79566315,1.9868170201
48.7956627531,1.9868165887
48.7956623556,1.9868161557
48.7956619579,1.9868157253
48.7956615596,1.9868152925
48.7956611629,1.9868148606
48.7956607642,1.9868144287
48.7956603677,1.9868139936
48.7956599693,1.9868135594
48.7956595717,1.9868131249
48.7956591738,1.9868126914
48.795658776,1.9868122567
48.7956583778,1.986811824
48.7956579798,1.9868113884
48.7956575816,1.9868109538
48.7956571823,1.9868105187
48.795656784,1.9868100842
48.7956563849,1.9868096489
48.7956559853,1.9868092151
48.7956555844,1.9868087785
48.7956551877,1.9868083463
48.7956547869,1.986807914
48.795654388,1.9868074787
48.795653988,1.9868070431
48.795653589,1.9868066083
48.7956531866,1.9868061698
48.7956527864,1.9868057332
48.7956523884,1.9868052994
48.7956519903,1.9868048664
48.7956515869,1.9868044295
48.7956511845,1.9868039938
48.7956507866,1.9868035584
48.7956503839,1.9868031203
48.7956499825,1.9868026841
48.7956495843,1.9868022501
48.7956491848,1.9868018157
48.7956487812,1.9868013736
48.7956483804,1.9868009373
48.7956479813,1.9868004991
48.7956475804,1.9868000604
48.7956471801,1.9867996229
48.79564678,1.9867991833
48.7956463777,1.9867987441
48.7956459772,1.9867983075
48.7956455756,1.9867978717
48.7956451739,1.9867974345
48.7956447708,1.9867969993
48.7956443698,1.9867965625
48.795643967,1.9867961265
48.7956435653,1.9867956894
48.7956431612,1.9867952531
48.7956427595,1.986794817
48.7956423561,1.9867943807
48.7956419543,1.9867939427
48.7956415515,1.986793506
48.7956411487,1.9867930689
48.7956407455,1.9867926315
48.7956403427,1.9867921954
48.7956399398,1.9867917589
48.7956395364,1.9867913207
48.7956391332,1.9867908831
48.7956387306,1.9867904467
48.7956383268,1.9867900089
48.7956379242,1.9867895724
48.7956375202,1.9867891347
48.7956371165,1.9867886984
48.7956367127,1.9867882617
48.7956363083,1.9867878253
48.7956359036,1.9867873902
48.7956354997,1.986786954
48.7956350955,1.9867865194
48.7956346891,1.9867860824
48.7956342864,1.9867856478
48.7956338833,1.9867852121
48.7956334797,1.9867847773
48.7956330787,1.9867843438
48.7956326774,1.986783905
48.7956322741,1.9867834713
48.7956318701,1.9867830325
48.7956314666,1.9867825908
48.795631063,1.9867821549
48.7956306582,1.986781717
48.7956302539,1.9867812825
48.7956298543,1.9867808418
48.7956294537,1.986780401
48.795629047,1.9867799666
48.7956286433,1.9867795227
48.7956282407,1.9867790884
48.7956278383,1.9867786479
48.7956274325,1.9867782091
48.7956270293,1.9867777715
48.7956266252,1.9867773353
48.7956262233,1.9867768977
48.7956258184,1.9867764581
48.795625415,1.9867760227
48.7956250121,1.986775587
48.7956246075,1.9867751484
48.7956242031,1.986774715
48.7956238001,1.9867742795
48.795623395,1.9867738416
48.7956229906,1.9867734068
48.7956225865,1.986772972
48.7956221835,1.9867725386
48.7956217801,1.9867721056
48.7956213747,1.9867716722
48.7956209707,1.9867712386
48.7956205657,1.9867708074
48.7956201599,1.9867703755
48.7956197569,1.9867699446
48.7956193536,1.9867695117
48.7956189493,1.9867690783
48.7956185456,1.9867686429
48.7956181423,1.986768209
48.79561774,1.9867677753
48.7956173368,1.986767339
48.7956169348,1.9867669037
48.7956165329,1.9867664672
48.7956161322,1.9867660301
48.7956157309,1.9867655941
48.7956153301,1.9867651564
48.7956149297,1.9867647212
48.7956145291,1.9867642839
48.7956141284,1.9867638473
48.7956137279,1.986763411
48.7956133276,1.9867629735
48.7956129261,1.9867625396
48.795612525,1.9867621046
48.7956121234,1.9867616712
48.795611722,1.9867612376
48.7956113213,1.986760804
48.7956109206,1.9867603722
48.7956105187,1.9867599367
48.7956101179,1.986759505
48.7956097163,1.9867590719
48.7956093151,1.9867586399
48.7956089142,1.9867582087
48.7956085129,1.9867577769
48.7956081116,1.9867573454
48.7956077105,1.9867569145
48.7956073089,1.9867564832
48.795606907,1.9867560524
48.7956065061,1.9867556227
48.7956061044,1.9867551929
48.7956057029,1.986754763
48.7956053027,1.9867543336
48.7956049021,1.9867539022
48.7956045032,1.9867534682
48.7956041035,1.9867530374
48.7956037043,1.9867526047
48.7956033043,1.9867521721
48.7956029047,1.9867517398
48.7956025064,1.9867513099
48.7956021076,1.9867508777
48.7956017076,1.9867504451
48.7956013093,1.9867500149
48.795600911,1.9867495844
48.7956005135,1.9867491524
48.795600116,1.9867487225
48.7955997194,1.9867482916
48.795599323,1.9867478601
48.7955989263,1.9867474291
48.7955985311,1.9867469953
48.7955981368,1.9867465637
48.7955977412,1.9867461313
48.7955973471,1.9867456993
48.7955969525,1.9867452692
48.795596558,1.9867448377
48.7955961642,1.9867444065
48.7955957711,1.9867439751
48.7955953777,1.9867435452
48.795594984,1.9867431134
48.7955945913,1.9867426839
48.7955941981,1.9867422554
48.795593805,1.9867418247
48.7955934121,1.9867413937
48.7955930181,1.9867409637
48.7955926269,1.9867405364
48.7955922377,1.9867401139
48.7955918446,1.986739689
48.7955914492,1.9867392602
48.7955910545,1.986738832
48.7955906571,1.9867384048
48.795590267,1.9867379819
48.7955898797,1.9867375572
48.795589496,1.9867371435
48.7955890988,1.9867367118
48.7955887024,1.9867362814
48.7955883086,1.9867358528
48.7955879165,1.9867354285
48.7955875227,1.9867350082
48.7955871429,1.986734587
48.7955867478,1.9867341562
48.7955863551,1.9867337368
48.7955859591,1.9867333071
48.7955855662,1.9867328854
48.7955851741,1.9867324685
48.7955847843,1.9867320527
48.795584388,1.9867316245
48.7955839937,1.9867312093
48.7955835983,1.9867307894
48.7955832032,1.9867303723
48.7955828115,1.9867299523
48.7955824182,1.9867295362
48.7955820229,1.9867291173
48.7955816287,1.9867286979
48.795581239,1.9867282815
48.7955808477,1.986727861
48.7955804553,1.9867274414
48.7955800637,1.9867270217
48.795579675,1.9867266015
48.7955792854,1.9867261788
48.7955788962,1.9867257582
48.7955785083,1.9867253372
48.7955781202,1.9867249155
48.7955777332,1.986724493
48.7955773469,1.9867240699
48.7955769593,1.9867236475
48.7955765726,1.9867232245
48.7955761878,1.9867228048
48.7955758015,1.9867223819
48.7955754152,1.9867219631
48.7955750306,1.9867215395
48.7955746455,1.9867211187
48.7955742611,1.9867206983
48.795573876,1.9867202773
48.7955734912,1.9867198572
48.7955731061,1.9867194359
48.7955727225,1.9867190162
48.7955723376,1.986718597
48.7955719482,1.9867181737
48.7955715638,1.9867177544
48.7955711825,1.9867173398
48.7955707978,1.9867169233
48.795570413,1.9867165035
48.7955700339,1.9867160873
48.7955696475,1.9867156677
48.7955692616,1.9867152504
48.7955688851,1.9867148456
48.7955685026,1.9867144376
48.7955681209,1.9867140257
48.7955677389,1.9867136197
48.7955673564,1.9867132133
48.7955669764,1.9867128014
48.7955665946,1.9867123959
48.7955662136,1.9867119945
48.7955658341,1.9867115947
48.7955654534,1.9867111941
48.7955650718,1.9867107946
48.7955646921,1.9867103983
48.7955643146,1.9867100022
48.7955639323,1.9867096027
48.7955635545,1.9867092035
48.7955631808,1.9867088061
48.7955628051,1.9867084035
48.7955624311,1.9867080017
48.7955620553,1.9867076031
48.7955616813,1.9867072074
48.795561304,1.9867068122
48.7955609282,1.9867064176
48.7955605546,1.986706023
48.7955601819,1.9867056284
48.7955598072,1.9867052324
48.7955594327,1.986704835
48.7955590608,1.9867044401
48.7955586891,1.9867040466
48.7955583169,1.9867036476
48.7955579458,1.9867032492
48.7955575759,1.9867028501
48.7955572073,1.9867024499
48.7955568375,1.9867020488
48.7955564692,1.9867016469
48.7955561016,1.9867012412
48.795555734,1.9867008401
48.7955553666,1.9867004361
48.7955549992,1.9867000311
48.7955546328,1.9866996293
48.7955542661,1.9866992261
48.7955538989,1.9866988243
48.7955535316,1.9866984216
48.7955531648,1.9866980229
48.7955527982,1.9866976234
48.7955524293,1.9866972247
48.7955520625,1.9866968282
48.7955516949,1.9866964313
48.7955513273,1.9866960373
48.7955509601,1.9866956428
48.7955505939,1.9866952467
48.7955502266,1.9866948499
48.79554986,1.986694455
48.7955494955,1.9866940628
48.7955491288,1.9866936685
48.7955487645,1.9866932738
48.7955483986,1.9866928813
48.7955480355,1.9866924883
48.7955476712,1.9866920955
48.7955473076,1.9866917017
48.7955469428,1.9866913092
48.7955465792,1.9866909164
48.795546216,1.9866905252
48.7955458527,1.9866901338
48.7955454901,1.9866897415
48.7955451258,1.9866893513
48.7955447622,1.9866889627
48.7955443985,1.986688572
48.7955440337,1.9866881851
48.7955436685,1.9866877974
48.7955433081,1.9866874035
48.7955429442,1.9866870129
48.7955425791,1.9866866266
48.7955422166,1.9866862383
48.7955418503,1.9866858492
48.7955414861,1.986685468
48.7955411283,1.9866850862
48.7955407639,1.9866847012
48.7955404052,1.986684316
48.7955400467,1.9866839306
48.7955396849,1.9866835457
48.7955393254,1.9866831577
48.7955389648,1.9866827763
48.7955386082,1.9866823951
48.7955382507,1.9866820103
48.795537893,1.9866816279
48.7955375376,1.9866812461
48.7955371816,1.986680864
48.795536826,1.9866804812
48.7955364711,1.9866801005
48.7955361174,1.9866797185
48.7955357632,1.9866793359
48.7955354089,1.986678954
48.7955350565,1.9866785746
48.7955347032,1.986678193
48.7955343503,1.9866778114
48.7955339992,1.9866774323
48.7955336471,1.9866770509
48.795533295,1.9866766695
48.7955329442,1.9866762881
48.7955325936,1.9866759065
48.7955322436,1.9866755261
48.7955318933,1.9866751438
48.7955315433,1.9866747626
48.7955311925,1.9866743824
48.7955308415,1.9866740043
48.7955304912,1.9866736254
48.7955301402,1.9866732481
48.7955297903,1.9866728741
48.7955294394,1.9866724991
48.7955290894,1.9866721249
48.7955287385,1.9866717515
48.7955283882,1.9866713782
48.7955280374,1.986671006
48.7955276873,1.9866706307
48.7955273364,1.9866702588
48.795526987,1.9866698838
48.7955266375,1.9866695124
48.7955262891,1.9866691375
48.7955259391,1.9866687647
48.7955255907,1.9866683902
48.7955252404,1.9866680172
48.7955248947,1.9866676462
48.7955245452,1.9866672736
48.795524198,1.986666902
48.7955238501,1.9866665291
48.7955235032,1.9866661551
48.7955231583,1.9866657832
48.7955228111,1.9866654124
48.7955224664,1.9866650435
48.7955221174,1.9866646752
48.7955217692,1.9866643068
48.7955214219,1.9866639401
48.7955210764,1.9866635718
48.7955207333,1.9866632017
48.7955203877,1.986662831
48.7955200427,1.9866624603
48.7955196982,1.9866620886
48.7955193564,1.9866617167
48.7955190139,1.9866613464
48.7955186712,1.9866609724
48.7955183291,1.9866606015
48.7955179894,1.9866602279
48.7955176474,1.9866598552
48.7955173064,1.9866594829
48.7955169657,1.986659113
48.7955166244,1.9866587424
48.795516284,1.9866583727
48.7955159432,1.9866580016
48.7955156016,1.9866576347
48.7955152614,1.9866572656
48.7955149202,1.9866568979
48.7955145793,1.9866565306
48.7955142387,1.9866561637
48.795513898,1.9866557956
48.795513557,1.9866554282
48.7955132184,1.9866550614
48.7955128785,1.9866546909
48.7955125389,1.9866543223
48.7955121999,1.9866539511
48.795511861,1.9866535812
48.7955115224,1.9866532096
48.7955111837,1.9866528381
48.7955108444,1.9866524708
48.7955105055,1.9866521033
48.7955101671,1.986651737
48.7955098271,1.9866513721
48.7955094875,1.9866510088
48.7955091471,1.9866506504
48.7955088065,1.9866502887
48.795508466,1.9866499307
48.7955081253,1.9866495725
48.7955077854,1.9866492145
48.7955074457,1.9866488593
48.795507105,1.986648501
48.7955067668,1.9866481453
48.7955064276,1.9866477898
48.7955060885,1.986647432
48.7955057499,1.9866470774
48.7955054134,1.9866467212
48.7955050753,1.9866463637
48.7955047377,1.986646009
48.7955044015,1.9866456544
48.7955040677,1.9866452974
48.7955037329,1.9866449417
48.7955033996,1.986644587
48.7955030651,1.9866442336
48.7955027291,1.9866438786
48.7955023972,1.9866435275
48.7955020638,1.9866431794
48.7955017301,1.9866428246
48.7955013964,1.9866424762
48.795501065,1.9866421303
48.7955007323,1.9866417809
48.7955004005,1.9866414248
48.7955000671,1.9866410719
48.7954997379,1.9866407253
48.7954994074,1.986640371
48.7954990756,1.9866400185
48.7954987467,1.9866396653
48.7954984185,1.9866393135
48.7954980887,1.9866389561
48.7954977591,1.986638601
48.7954974319,1.9866382497
48.7954971018,1.9866378957
48.795496773,1.9866375402
48.7954964454,1.9866371881
48.795496117,1.9866368366
48.7954957845,1.98663648
48.7954954556,1.9866361283
48.7954951254,1.9866357742
48.7954947962,1.9866354203
48.7954944672,1.9866350673
48.7954941378,1.9866347146
48.7954938096,1.9866343613
48.7954934818,1.9866340079
48.7954931509,1.9866336569
48.7954928231,1.986633304
48.795492495,1.9866329539
48.7954921654,1.9866326014
48.7954918387,1.9866322493
48.7954915114,1.9866319004
48.795491184,1.986631548
48.7954908569,1.9866311984
48.7954905301,1.9866308495
48.795490203,1.9866304995
48.7954898751,1.9866301525
48.7954895488,1.9866298055
48.7954892221,1.9866294582
48.7954888949,1.9866291123
48.7954885674,1.9866287678
48.7954882411,1.9866284215
48.7954879151,1.9866280777
48.7954875898,1.9866277324
48.7954872637,1.9866273871
48.7954869387,1.9866270409
48.795486614,1.9866266978
48.7954862889,1.9866263528
48.7954859634,1.9866260086
48.7954856389,1.9866256651
48.7954853145,1.986625323
48.7954849887,1.9866249807
48.7954846645,1.9866246398
48.7954843401,1.9866243
48.7954840151,1.9866239579
48.7954836914,1.986623616
48.795483368,1.9866232765
48.7954830445,1.9866229358
48.7954827206,1.9866225943
48.7954823979,1.9866222543
48.7954820756,1.9866219143
48.7954817538,1.9866215741
48.7954814302,1.9866212325
48.795481109,1.9866208933
48.7954807872,1.9866205546
48.7954804646,1.9866202124
48.7954801435,1.9866198728
48.7954798234,1.9866195343
48.7954795023,1.9866191947
48.7954791815,1.9866188574
48.7954788608,1.9866185141
48.7954785404,1.9866181766
48.7954782198,1.9866178377
48.7954779004,1.9866175
48.7954775804,1.9866171613
48.7954772616,1.9866168249
48.7954769409,1.9866164861
48.7954766221,1.9866161489
48.7954763012,1.9866158127
48.795475983,1.9866154774
48.7954756691,1.9866151497
48.795475357,1.9866148214
48.7954750473,1.9866144944
48.7954747364,1.9866141655
48.7954744185,1.9866138322
48.7954740971,1.986613491
48.7954737829,1.9866131568
48.7954734699,1.9866128276
48.7954731596,1.9866124943
48.7954728457,1.9866121635
48.7954725297,1.9866118289
48.7954722104,1.986611492
48.7954718959,1.9866111578
48.7954715831,1.9866108267
48.7954712713,1.9866104988
48.7954709579,1.9866101693
48.7954706433,1.9866098382
48.7954703249,1.986609508
48.7954700081,1.9866091721
48.7954696941,1.9866088459
48.7954693817,1.9866085162
48.7954690717,1.9866081887
48.7954687521,1.9866078569
48.795468437,1.9866075286
48.7954681225,1.9866071986
48.7954678085,1.9866068675
48.7954674968,1.9866065359
48.7954671838,1.9866062057
48.7954668706,1.9866058723
48.7954665558,1.986605541
48.7954662438,1.9866052112
48.7954659316,1.9866048796
48.7954656177,1.9866045485
48.7954653044,1.9866042184
48.7954649928,1.9866038885
48.7954646805,1.9866035603
48.7954643673,1.9866032294
48.7954640544,1.9866029022
48.7954637446,1.9866025712
48.7954634342,1.9866022396
48.7954631237,1.9866019078
48.7954628139,1.9866015764
48.795462503,1.986601244
48.7954621923,1.9866009115
48.7954618828,1.9866005786
48.7954615734,1.9866002465
48.7954612634,1.9865999128
48.7954609527,1.9865995827
48.7954606458,1.9865992495
48.7954603346,1.9865989188
48.7954600263,1.9865985825
48.7954597162,1.9865982509
48.7954594065,1.9865979188
48.7954590953,1.986597585
48.7954587848,1.9865972512
48.7954584753,1.9865969212
48.7954581649,1.9865965872
48.7954578544,1.9865962559
48.7954575435,1.9865959256
48.7954572333,1.9865955954
48.7954569244,1.986595261
48.7954566134,1.9865949273
48.7954563039,1.9865945956
48.7954559922,1.986594264
48.7954556823,1.9865939294
48.7954553714,1.9865935975
48.7954550592,1.9865932642
48.7954547503,1.9865929345
48.7954544545,1.9865926081
48.7954541577,1.986592284
48.7954538529,1.986591964
48.7954535503,1.9865916379
48.7954532544,1.9865913173
48.7954529442,1.9865909972
48.7954526385,1.9865906601
48.7954523372,1.9865903392
48.7954520346,1.9865900168
48.7954517331,1.9865896847
48.7954514305,1.9865893614
48.7954511222,1.9865890276
48.7954508139,1.9865886975
48.7954505046,1.9865883644
48.7954501926,1.9865880329
48.7954498915,1.9865877078
48.795449583,1.9865873753
48.7954492758,1.9865870466
48.7954489686,1.9865867212
48.7954486579,1.9865863839
48.7954483495,1.9865860527
48.7954480431,1.986585724
48.7954477357,1.9865853912
48.7954474265,1.9865850618
48.7954471179,1.9865847277
48.7954468079,1.9865843964
48.7954465018,1.9865840621
48.7954461934,1.9865837301
48.7954458851,1.9865833967
48.7954455753,1.986583066
48.7954452685,1.9865827318
48.7954449592,1.9865823982
48.7954446494,1.9865820664
48.795444341,1.9865817346
48.7954440321,1.9865814032
48.7954437233,1.9865810717
48.7954434151,1.9865807421
48.7954431067,1.9865804102
48.7954427991,1.9865800802
48.7954424899,1.9865797485
48.7954421805,1.986579418
48.7954418731,1.9865790874
48.7954415648,1.9865787553
48.7954412573,1.986578426
48.7954409498,1.9865780948
48.7954406431,1.9865777646
48.7954403346,1.9865774351
48.7954400294,1.9865771055
48.7954397215,1.9865767755
48.7954394148,1.986576445
48.7954391081,1.9865761171
48.7954388012,1.9865757874
48.7954384939,1.9865754572
48.7954381875,1.986575128
48.7954378812,1.9865748001
48.7954375744,1.9865744683
48.7954372695,1.9865741399
48.7954369615,1.9865738122
48.7954366572,1.9865734796
48.7954363515,1.9865731496
48.7954360468,1.9865728198
48.7954357412,1.9865724889
48.7954354348,1.9865721592
48.7954351303,1.9865718277
48.7954348242,1.9865714956
48.7954345196,1.9865711655
48.7954342135,1.9865708336
48.7954339075,1.9865705035
48.795433602,1.9865701722
48.7954332961,1.9865698404
48.7954329888,1.9865695053
48.7954326809,1.9865691726
48.7954323745,1.9865688372
48.7954320668,1.9865685049
48.7954317595,1.9865681697
48.7954314515,1.986567838
48.7954311443,1.9865675051
48.7954308365,1.986567169
48.7954305295,1.9865668351
48.7954302213,1.9865665014
48.7954299142,1.9865661687
48.7954296056,1.9865658349
48.795429299,1.986565501
48.7954289912,1.9865651724
48.7954286823,1.9865648374
48.7954283744,1.986564504
48.7954280654,1.9865641718
48.7954277582,1.98656384
48.79542745,1.9865635069
48.7954271428,1.9865631745
48.7954268349,1.9865628418
48.7954265274,1.9865625092
48.7954262205,1.9865621764
48.7954259126,1.986561843
48.7954256055,1.9865615119
48.795425298,1.9865611763
48.7954249907,1.9865608472
48.795424683,1.9865605125
48.7954243763,1.9865601804
48.7954240683,1.9865598459
48.7954237606,1.9865595158
48.7954234536,1.9865591843
48.7954231462,1.986558851
48.7954228394,1.9865585189
48.795422532,1.9865581854
48.7954222246,1.9865578545
48.7954219179,1.9865575195
48.7954216106,1.9865571875
48.7954213044,1.9865568528
48.7954209975,1.986556522
48.7954206901,1.9865561866
48.7954203839,1.9865558542
48.7954200771,1.9865555245
48.7954197699,1.9865551886
48.7954194637,1.9865548561
48.7954191573,1.9865545228
48.7954188495,1.9865541916
48.7954185426,1.9865538606
48.7954182369,1.986553527
48.79541793,1.9865531944
48.7954176237,1.9865528636
48.7954173177,1.9865525292
48.7954170103,1.9865521966
48.7954167052,1.9865518629
48.795416399,1.9865515316
48.795416093,1.9865511993
48.795415786,1.9865508661
48.7954154811,1.9865505314
48.7954151741,1.9865502014
48.7954148684,1.9865498644
48.795414562,1.9865495335
48.7954142562,1.9865492008
48.79541395,1.9865488669
48.7954136438,1.9865485355
48.795413337,1.9865482048
48.7954130317,1.9865478713
48.7954127252,1.9865475395
48.7954124198,1.9865472059
48.7954121144,1.9865468737
48.7954118092,1.9865465403
48.7954115034,1.986546211
48.7954111981,1.9865458746
48.7954108923,1.986545543
48.7954105872,1.9865452087
48.7954102817,1.9865448774
48.7954099757,1.9865445447
48.7954096702,1.9865442131
48.7954093649,1.9865438804
48.7954090585,1.9865435499
48.7954087526,1.9865432209
48.7954084471,1.9865428875
48.7954081414,1.9865425563
48.7954078353,1.986542225
48.7954075295,1.986541895
48.7954072234,1.9865415619
48.7954069186,1.986541233
48.7954066129,1.9865409032
48.7954063061,1.9865405694
48.7954060004,1.9865402399
48.7954056947,1.9865399081
48.795405389,1.9865395798
48.7954050834,1.9865392455
48.7954047781,1.9865389149
48.7954044712,1.9865385805
48.7954041663,1.9865382498
48.7954038615,1.9865379191
48.7954035554,1.9865375868
48.7954032496,1.9865372551
48.7954029445,1.9865369249
48.7954026394,1.9865365969
48.7954023343,1.9865362663
48.7954020307,1.9865359384
48.7954017259,1.986535608
48.7954014223,1.9865352784
48.7954011181,1.9865349493
48.7954008151,1.9865346203
48.7954005105,1.9865342898
48.7954002072,1.9865339609
48.7953999018,1.9865336334
48.7953995985,1.9865333041
48.7953992936,1.9865329776
48.7953989896,1.986532648
48.7953986848,1.9865323213
48.7953983801,1.9865319927
48.7953980759,1.9865316643
48.7953977721,1.9865313379
48.7953974658,1.9865310127
48.7953971624,1.9865306827
48.7953968584,1.9865303554
48.795396555,1.9865300262
48.7953962506,1.9865297004
48.7953959467,1.9865293693
48.7953956423,1.9865290435
48.7953953394,1.9865287144
48.7953950346,1.9865283883
48.7953947302,1.9865280603
48.7953944264,1.9865277345
48.795394122,1.9865274071
48.7953938183,1.9865270769
48.7953935139,1.986526751
48.7953932104,1.9865264256
48.795392906,1.9865260987
48.795392601,1.9865257716
48.7953922971,1.986525445
48.7953919929,1.9865251176
48.7953916888,1.9865247907
48.7953913848,1.9865244658
48.795391081,1.9865241366
48.7953907769,1.98652381
48.7953904732,1.9865234834
48.795390169,1.9865231554
48.7953898654,1.9865228279
48.7953895603,1.986522501
48.795389257,1.9865221744
48.7953889525,1.986521848
48.7953886481,1.9865215213
48.7953883434,1.9865211951
48.7953880404,1.9865208685
48.7953877351,1.9865205426
48.7953874308,1.9865202155
48.7953871267,1.9865198896
48.795386822,1.9865195627
48.7953865182,1.9865192372
48.7953862143,1.9865189095
48.7953859093,1.9865185821
48.7953856058,1.9865182552
48.795385302,1.9865179284
48.7953849966,1.9865176017
48.7953846933,1.9865172748
48.7953843889,1.9865169478
48.7953840849,1.98651662
48.7953837806,1.9865162931
48.7953834767,1.9865159663
48.7953831717,1.9865156395
48.7953828672,1.9865153132
48.7953825624,1.9865149882
48.7953822572,1.9865146598
48.7953819537,1.9865143336
48.7953816489,1.9865140073
48.7953813448,1.9865136785
48.7953810396,1.9865133528
48.7953807355,1.9865130252
48.7953804301,1.9865126984
48.795380126,1.9865123716
48.79537982,1.9865120467
48.7953795161,1.9865117191
48.7953792118,1.9865113927
48.7953789058,1.9865110666
48.7953785999,1.9865107409
48.7953782968,1.9865104143
48.7953779913,1.9865100885
48.795377686,1.9865097621
48.7953773808,1.9865094394
48.7953770742,1.9865091123
48.79537677,1.9865087888
48.7953764641,1.9865084623
48.7953761582,1.9865081383
48.7953758528,1.9865078132
48.7953755471,1.9865074868
48.7953752423,1.9865071616
48.795374935,1.9865068372
48.7953746311,1.9865065115
48.7953743253,1.9865061844
48.7953740209,1.9865058593
48.7953737165,1.986505532
48.7953734113,1.9865052064
48.7953731059,1.9865048788
48.7953728008,1.9865045539
48.7953724959,1.9865042264
48.7953721911,1.9865038991
48.7953718824,1.9865035752
48.7953715733,1.9865032483
48.7953712639,1.9865029215
48.7953709553,1.9865025959
48.7953706456,1.9865022717
48.795370337,1.9865019454
48.7953700265,1.9865016209
48.7953697176,1.9865012962
48.7953694065,1.986500973
48.7953690981,1.9865006473
48.7953687888,1.9865003232
48.7953684778,1.9864999982
48.7953681677,1.9864996732
48.7953678584,1.9864993479
48.7953675489,1.9864990231
48.795367239,1.9864986968
48.7953669303,1.9864983729
48.7953666207,1.9864980443
48.7953663115,1.9864977174
48.7953660033,1.9864973897
48.7953656929,1.9864970614
48.7953653847,1.9864967365
48.7953650757,1.9864964088
48.795364766,1.9864960826
48.7953644566,1.9864957539
48.7953641468,1.9864954287
48.7953638375,1.9864951017
48.7953635272,1.986494776
48.7953632181,1.9864944493
48.7953629077,1.9864941242
48.7953625982,1.9864937984
48.7953622882,1.9864934707
48.7953619793,1.986493145
48.7953616691,1.9864928195
48.7953613587,1.9864924923
48.7953610483,1.9864921651
48.7953607397,1.9864918374
48.795360429,1.9864915104
48.7953601195,1.986491181
48.7953598114,1.986490854
48.7953594992,1.9864905255
48.7953591893,1.9864901982
48.7953588788,1.9864898731
48.795358569,1.9864895447
48.7953582592,1.9864892175
48.7953579485,1.9864888903
48.7953576372,1.9864885646
48.7953573264,1.9864882362
48.7953570158,1.9864879083
48.7953567055,1.9864875833
48.7953563942,1.986487256
48.7953560824,1.9864869293
48.7953557721,1.9864866042
48.7953554606,1.9864862772
48.7953551488,1.9864859504
48.795354838,1.9864856243
48.7953545262,1.9864852983
48.795354215,1.9864849721
48.7953539025,1.9864846453
48.795353592,1.98648432
48.7953532804,1.9864839929
48.7953529692,1.9864836653
48.7953526584,1.9864833361
48.795352347,1.9864830092
48.7953520365,1.9864826793
48.795351726,1.9864823511
48.7953514159,1.9864820231
48.7953511041,1.9864816913
48.7953507933,1.9864813631
48.7953504823,1.986481034
48.795350171,1.986480705
48.7953498593,1.986480376
48.7953495479,1.9864800488
48.7953492362,1.9864797193
48.7953489243,1.9864793919
48.7953486123,1.9864790635
48.7953483006,1.986478736
48.7953479888,1.9864784075
48.7953476763,1.9864780812
48.7953473643,1.9864777527
48.7953470538,1.9864774263
48.7953467389,1.9864770972
48.7953464285,1.9864767697
48.7953461164,1.9864764419
48.7953458041,1.9864761131
48.7953454928,1.986475785
48.795345182,1.9864754564
48.7953448692,1.9864751262
48.7953445571,1.9864747979
48.7953442458,1.9864744691
48.795343933,1.9864741409
48.7953436218,1.9864738138
48.7953433107,1.9864734841
48.7953429966,1.9864731558
48.7953426853,1.9864728288
48.7953423739,1.9864724999
48.7953420607,1.9864721716
48.7953417475,1.9864718418
48.7953414357,1.9864715147
48.7953411226,1.9864711838
48.7953408141,1.9864708559
48.7953405064,1.9864705268
48.795340198,1.9864701953
48.7953398902,1.986469866
48.7953395816,1.9864695359
48.7953392736,1.986469205
48.795338965,1.9864688742
48.7953386567,1.9864685446
48.7953383486,1.9864682123
48.7953380392,1.9864678816
48.7953377307,1.9864675499
48.7953374223,1.9864672189
48.7953371131,1.9864668858
48.7953368048,1.9864665547
48.795336496,1.9864662239
48.795336186,1.9864658924
48.7953358781,1.9864655594
48.795335569,1.9864652268
48.7953352595,1.9864648972
48.7953349496,1.9864645627
48.7953346415,1.986464233
48.7953343316,1.9864639013
48.7953340199,1.9864635707
48.795333711,1.9864632416
48.7953334032,1.9864629088
48.7953330933,1.9864625796
48.7953327838,1.9864622477
48.795332474,1.9864619203
48.7953321647,1.986461587
48.7953318551,1.9864612574
48.7953315458,1.9864609249
48.7953312376,1.9864605936
48.7953309281,1.9864602607
48.7953306196,1.9864599292
48.7953303102,1.9864595965
48.7953299993,1.9864592654
48.7953296924,1.9864589332
48.7953293811,1.9864586022
48.7953290732,1.9864582704
48.7953287633,1.9864579369
48.7953284545,1.9864576071
48.7953281447,1.9864572719
48.795327835,1.9864569419
48.7953275262,1.986456608
48.7953272164,1.9864562786
48.7953269071,1.9864559461
48.7953265949,1.9864556156
48.7953262869,1.9864552834
48.7953259762,1.9864549512
48.795325666,1.9864546193
48.7953253552,1.9864542875
48.7953250443,1.9864539572
48.7953247344,1.9864536226
48.7953244241,1.9864532922
48.7953241128,1.9864529583
48.7953238002,1.9864526266
48.7953234911,1.9864522926
48.795323181,1.9864519608
48.7953228697,1.9864516262
48.7953225598,1.9864512925
48.7953222482,1.9864509574
48.7953219367,1.9864506233
48.7953216274,1.9864502902
48.7953213176,1.9864499543
48.7953210077,1.986449622
48.7953206971,1.9864492864
48.7953203872,1.9864489527
48.7953200768,1.9864486158
48.7953197682,1.986448282
48.7953194573,1.9864479457
48.795319147,1.986447611
48.7953188357,1.9864472774
48.7953185264,1.98644694
48.7953182167,1.986446606
48.7953179068,1.9864462712
48.7953175974,1.986445935
48.795317287,1.986445599
48.795316977,1.9864452648
48.7953166659,1.9864449289
48.7953163556,1.9864445926
48.7953160462,1.9864442569
48.7953157358,1.986443921
48.7953154266,1.9864435836
48.7953151158,1.9864432491
48.7953148029,1.9864429111
48.7953144957,1.9864425778
48.7953141836,1.9864422387
48.7953138719,1.9864419021
48.7953135632,1.9864415672
48.7953132535,1.9864412296
48.7953129428,1.9864408943
48.7953126319,1.9864405559
48.7953123225,1.9864402204
48.7953120128,1.9864398813
48.7953117014,1.986439546
48.7953113922,1.9864392086
48.7953110805,1.9864388719
48.7953107683,1.9864385352
48.7953104589,1.9864382015
48.7953101468,1.9864378645
48.7953098335,1.9864375301
48.7953095197,1.9864371945
48.7953092051,1.9864368589
48.7953088904,1.986436523
48.7953085763,1.9864361889
48.7953082619,1.9864358533
48.7953079468,1.9864355182
48.7953076347,1.9864351812
48.7953073208,1.9864348437
48.7953070066,1.9864345066
48.795306693,1.9864341704
48.7953063797,1.9864338333
48.7953060653,1.9864334976
48.7953057523,1.9864331598
48.7953054385,1.9864328244
48.7953051252,1.9864324848
48.7953048119,1.9864321493
48.7953044983,1.9864318125
48.795304183,1.9864314768
48.7953038701,1.9864311405
48.7953035555,1.9864308044
48.7953032414,1.9864304686
48.7953029278,1.9864301312
48.7953026136,1.9864297958
48.7953023001,1.9864294585
48.7953019862,1.9864291211
48.7953016729,1.9864287847
48.7953013591,1.9864284465
48.7953010465,1.9864281102
48.7953007318,1.9864277737
48.7953004181,1.986427434
48.7953001064,1.9864270977
48.7952997931,1.9864267592
48.7952994804,1.9864264217
48.7952991657,1.9864260838
48.7952988543,1.9864257446
48.795298542,1.9864254067
48.7952982282,1.9864250677
48.7952979156,1.9864247294
48.7952976037,1.9864243897
48.7952972904,1.9864240493
48.7952969772,1.986423709
48.7952966654,1.9864233718
48.795296352,1.9864230306
48.7952960387,1.9864226913
48.7952957267,1.986422353
48.7952954132,1.9864220113
48.7952950999,1.9864216732
48.7952947852,1.9864213313
48.7952944733,1.9864209931
48.7952941601,1.9864206535
48.7952938468,1.9864203126
48.7952935329,1.9864199706
48.7952932193,1.9864196314
48.7952929062,1.9864192897
48.795292592,1.9864189478
48.7952922801,1.986418606
48.7952919668,1.9864182677
48.7952916548,1.9864179275
48.795291341,1.9864175825
48.7952910287,1.9864172418
48.7952907156,1.9864168987
48.795290403,1.9864165604
48.7952900886,1.9864162169
48.7952897761,1.9864158774
48.7952894626,1.986415539
48.7952891497,1.9864151994
48.7952888371,1.9864148581
48.7952885222,1.986414518
48.7952882095,1.9864141789
48.7952878962,1.9864138401
48.7952875831,1.9864134984
48.7952872686,1.9864131593
48.7952869563,1.9864128182
48.7952866426,1.986412478
48.7952863295,1.9864121375
48.7952860169,1.9864117993
48.7952857016,1.9864114566
48.7952853897,1.9864111175
48.7952850754,1.9864107748
48.7952847619,1.9864104342
48.7952844487,1.9864100933
48.7952841348,1.986409751
48.7952838212,1.9864094122
48.7952835069,1.9864090698
48.7952831938,1.9864087299
48.795282878,1.9864083885
48.7952825648,1.9864080508
48.7952822496,1.98640771
48.7952819347,1.9864073702
48.7952816211,1.9864070294
48.7952813079,1.9864066898
48.7952809923,1.9864063469
48.7952806791,1.9864060052
48.7952803663,1.9864056623
48.7952800518,1.9864053194
48.7952797383,1.9864049758
48.7952794261,1.9864046327
48.7952791123,1.9864042862
48.7952787993,1.9864039455
48.7952784856,1.9864036023
48.7952781713,1.986403257
48.7952778555,1.9864029139
48.7952775397,1.9864025719
48.7952772253,1.986402229
48.7952769081,1.9864018848
48.7952765935,1.9864015427
48.7952762786,1.9864012006
48.7952759626,1.9864008573
48.795275647,1.9864005138
48.7952753322,1.9864001717
48.7952750166,1.9863998278
48.7952747016,1.9863994836
48.7952743861,1.9863991413
48.7952740697,1.986398796
48.7952737553,1.9863984511
48.7952734397,1.9863981089
48.7952731251,1.9863977632
48.79527281,1.9863974179
48.7952724962,1.9863970706
48.7952721821,1.9863967287
48.7952718668,1.9863963835
48.7952715531,1.9863960369
48.7952712362,1.9863956943
48.7952709229,1.9863953504
48.7952706072,1.9863950061
48.795270293,1.9863946614
48.7952699779,1.9863943191
48.795269663,1.9863939749
48.7952693481,1.9863936318
48.7952690333,1.9863932899
48.7952687184,1.9863929473
48.7952684037,1.9863926038
48.7952680898,1.9863922622
48.7952677748,1.9863919184
48.7952674611,1.9863915765
48.7952671462,1.9863912323
48.7952668323,1.9863908912
48.7952665181,1.9863905494
48.7952662042,1.9863902067
48.7952658909,1.9863898651
48.7952655761,1.986389523
48.7952652636,1.986389182
48.7952649486,1.9863888417
48.7952646359,1.9863884993
48.795264322,1.9863881583
48.7952640093,1.9863878155
48.7952636963,1.9863874741
48.7952633838,1.9863871326
48.7952630713,1.986386792
48.7952627583,1.9863864464
48.7952624457,1.9863861074
48.7952621333,1.9863857662
48.795261821,1.9863854228
48.7952615096,1.9863850813
48.7952611958,1.9863847419
48.7952608848,1.9863844016
48.7952605719,1.9863840582
48.7952602609,1.9863837201
48.7952599506,1.9863833774
48.7952596384,1.9863830343
48.7952593293,1.9863826917
48.7952590187,1.9863823506
48.795258709,1.9863820055
48.7952583983,1.9863816641
48.79525809,1.9863813232
48.7952577799,1.98638098
48.7952574704,1.9863806394
48.7952571613,1.9863802994
48.7952568515,1.986379959
48.7952565421,1.9863796198
48.795256232,1.9863792795
48.795255923,1.9863789423
48.7952556125,1.9863786025
48.7952553037,1.9863782653
48.7952549948,1.9863779271
48.7952546854,1.9863775881
48.7952543772,1.9863772507
48.7952540684,1.9863769118
48.7952537602,1.9863765732
48.7952534519,1.9863762347
48.7952531453,1.9863758953
48.7952528376,1.9863755547
48.7952525312,1.9863752165
48.7952522238,1.9863748771
48.7952519174,1.9863745389
48.7952516113,1.9863742002
48.7952513037,1.9863738634
48.7952509971,1.9863735257
48.7952506919,1.9863731893
48.7952503847,1.9863728526
48.7952500786,1.9863725168
48.7952497731,1.986372183
48.7952494669,1.9863718448
48.7952491615,1.9863715098
48.7952488574,1.9863711731
48.7952485515,1.986370838
48.7952482471,1.9863705049
48.7952479425,1.9863701687
48.795247638,1.9863698313
48.7952473348,1.9863694962
48.7952470327,1.9863691623
48.7952467308,1.9863688253
48.7952464288,1.9863684908
48.7952461261,1.9863681551
48.7952458256,1.9863678211
48.7952455237,1.9863674837
48.7952452235,1.9863671496
48.7952449218,1.9863668158
48.7952446206,1.9863664804
48.79524432,1.9863661471
48.7952440189,1.9863658121
48.7952437188,1.9863654794
48.7952434169,1.9863651424
48.7952431175,1.9863648133
48.7952428166,1.9863644788
48.7952425172,1.9863641487
48.7952422168,1.9863638147
48.7952419175,1.9863634846
48.7952416186,1.9863631522
48.7952413201,1.9863628198
48.7952410212,1.9863624898
48.795240722,1.9863621587
48.7952404238,1.9863618275
48.7952401268,1.9863614958
48.7952398295,1.9863611657
48.7952395332,1.9863608329
48.7952392361,1.9863605018
48.7952389406,1.9863601687
48.7952386438,1.9863598388
48.7952383469,1.9863595065
48.7952380521,1.986359176
48.7952377558,1.986358843
48.79523746,1.9863585145
48.795237164,1.9863581859
48.7952368672,1.9863578572
48.7952365708,1.9863575302
48.7952362753,1.986357202
48.7952359793,1.9863568753
48.7952356821,1.9863565508
48.7952353861,1.9863562229
48.7952350917,1.9863558982
48.7952347967,1.9863555708
48.7952345003,1.9863552447
48.7952342055,1.9863549195
48.7952339126,1.9863545915
48.7952336192,1.9863542651
48.7952333237,1.9863539389
48.7952330306,1.9863536107
48.795232739,1.9863532849
48.7952324475,1.9863529581
48.7952321524,1.986352631
48.7952318602,1.9863523051
48.7952315679,1.9863519799
48.7952312753,1.9863516544
48.7952309825,1.9863513293
48.7952306911,1.9863510032
48.7952303972,1.9863506807
48.795230105,1.9863503544
48.7952298144,1.986350031
48.7952295229,1.9863497047
48.7952292318,1.9863493827
48.7952289416,1.9863490574
48.7952286503,1.9863487323
48.7952283606,1.9863484099
48.7952280705,1.9863480863
48.7952277799,1.9863477632
48.7952274904,1.9863474394
48.7952272016,1.9863471184
48.7952269113,1.986346797
48.7952266216,1.986346475
48.7952263326,1.9863461553
48.7952260427,1.986345834
48.7952257539,1.9863455148
48.7952254649,1.9863451959
48.7952251755,1.9863448764
48.7952248874,1.9863445568
48.7952245992,1.9863442377
48.7952243103,1.9863439188
48.7952240236,1.9863436016
48.7952237361,1.986343282
48.795223448,1.9863429625
48.7952231623,1.9863426454
48.7952228748,1.9863423272
48.7952225875,1.986342008
48.7952223016,1.9863416896
48.7952220156,1.9863413734
48.7952217294,1.9863410564
48.7952214429,1.9863407379
48.7952211569,1.986340423
48.7952208716,1.9863401063
48.7952205857,1.9863397921
48.7952202999,1.9863394755
48.795220015,1.9863391601
48.79521973,1.986338848
48.7952194454,1.9863385308
48.7952191612,1.9863382167
48.7952188774,1.9863379018
48.7952185926,1.9863375861
48.7952183081,1.9863372731
48.7952180255,1.9863369594
48.7952177436,1.9863366478
48.7952174606,1.9863363339
48.7952171775,1.986336023
48.7952168947,1.9863357148
48.795216613,1.9863354035
48.7952163305,1.9863350923
48.7952160483,1.9863347831
48.7952157664,1.986334474
48.7952154844,1.9863341655
48.7952152039,1.9863338549
48.7952149217,1.9863335473
48.795214641,1.9863332377
48.7952143604,1.9863329305
48.79521408,1.9863326213
48.7952138001,1.9863323125
48.7952135207,1.9863320046
48.7952132412,1.9863316981
48.7952129614,1.9863313892
48.7952126828,1.9863310821
48.7952124041,1.9863307738
48.7952121249,1.9863304683
48.7952118464,1.9863301628
48.795211567,1.9863298562
48.79521129,1.9863295525
48.7952110106,1.9863292467
48.7952107328,1.9863289429
48.7952104551,1.9863286394
48.7952101764,1.9863283363
48.7952098983,1.9863280338
48.7952096222,1.9863277297
48.7952093449,1.9863274277
48.7952090663,1.9863271234
48.7952087906,1.9863268217
48.7952085142,1.9863265203
48.7952082374,1.986326218
48.7952079613,1.9863259149
48.7952076851,1.9863256121
48.7952074093,1.9863253128
48.795207135,1.9863250102
48.7952068591,1.9863247103
48.7952065837,1.9863244074
48.7952063099,1.9863241093
48.795206034,1.986323809
48.7952057599,1.9863235084
48.7952054849,1.986323212
48.7952052107,1.9863229104
48.7952049376,1.9863226141
48.7952046626,1.9863223144
48.7952043887,1.9863220178
48.7952041162,1.9863217183
48.7952038423,1.9863214206
48.7952035695,1.9863211231
48.7952032966,1.9863208256
48.7952030232,1.9863205299
48.795202751,1.9863202321
48.795202479,1.9863199349
48.7952022065,1.9863196386
48.7952019353,1.9863193422
48.7952016638,1.9863190469
48.7952013919,1.9863187491
48.7952011199,1.9863184545
48.7952008512,1.9863181585
48.7952005801,1.9863178624
48.79520031,1.9863175692
48.7952000403,1.986317273
48.7951997697,1.9863169789
48.7951995,1.9863166858
48.7951992298,1.9863163936
48.7951989598,1.9863160986
48.7951986902,1.9863158084
48.7951984225,1.9863155148
48.7951981518,1.9863152245
48.7951978835,1.9863149317
48.7951976148,1.9863146409
48.7951973471,1.9863143494
48.7951970785,1.9863140584
48.7951968112,1.986313768
48.7951965439,1.9863134766
48.7951962759,1.986313187
48.7951960094,1.9863128977
48.7951957423,1.9863126077
48.7951954758,1.9863123188
48.7951952095,1.9863120308
48.7951949425,1.986311743
48.7951946764,1.9863114547
48.7951944111,1.9863111655
48.795194145,1.9863108799
48.7951938785,1.9863105924
48.7951936126,1.9863103036
48.7951933487,1.986310018
48.7951930837,1.9863097325
48.7951928183,1.9863094439
48.7951925535,1.9863091564
48.7951922903,1.9863088704
48.7951920264,1.9863085828
48.7951917617,1.986308299
48.7951914977,1.986308014
48.7951912354,1.9863077275
48.7951909721,1.9863074439
48.7951907079,1.9863071591
48.7951904441,1.9863068722
48.7951901795,1.9863065869
48.7951899164,1.9863063026
48.7951896521,1.9863060166
48.7951893888,1.9863057317
48.7951891261,1.9863054475
48.7951888637,1.9863051628
48.7951886004,1.9863048779
48.7951883381,1.9863045926
48.7951880754,1.9863043133
48.7951878137,1.986304027
48.7951875518,1.9863037435
48.7951872904,1.9863034617
48.7951870287,1.9863031785
48.7951867672,1.9863028948
48.7951865063,1.9863026155
48.7951862452,1.9863023332
48.795185985,1.9863020511
48.7951857245,1.9863017706
48.7951854643,1.9863014907
48.7951852046,1.9863012103
48.7951849445,1.9863009294
48.7951846855,1.98630065
48.7951844261,1.986300371
48.7951841666,1.9863000905
48.7951839079,1.9862998118
48.7951836484,1.9862995337
48.79518339,1.9862992528
48.795183131,1.9862989765
48.7951828739,1.9862986997
48.7951826144,1.9862984216
48.7951823562,1.9862981436
48.7951820998,1.9862978685
48.7951818418,1.9862975901
48.7951815853,1.9862973161
48.7951813287,1.9862970383
48.7951810729,1.9862967619
48.7951808167,1.9862964862
48.7951805614,1.9862962087
48.7951803063,1.9862959341
48.7951800513,1.9862956577
48.7951797963,1.9862953841
48.7951795419,1.9862951084
48.7951792865,1.9862948324
48.7951790322,1.9862945597
48.7951787783,1.9862942847
48.7951785237,1.9862940127
48.7951782687,1.9862937383
48.7951780148,1.9862934667
48.7951777603,1.9862931936
48.7951775074,1.9862929214
48.7951772543,1.9862926475
48.7951770016,1.9862923793
48.7951767486,1.9862921046
48.7951764961,1.9862918329
48.7951762449,1.986291564
48.7951759931,1.9862912928
48.7951757405,1.9862910205
48.7951754888,1.986290751
48.7951752384,1.9862904816
48.7951749859,1.98629021
48.7951747357,1.9862899406
48.7951744837,1.9862896706
48.7951742334,1.986289399
48.7951739824,1.9862891326
48.7951737329,1.986288863
48.7951734823,1.9862885947
48.7951732329,1.9862883247
48.7951729843,1.9862880571
48.7951727343,1.9862877882
48.7951724842,1.9862875202
48.7951722361,1.9862872524
48.7951719886,1.9862869854
48.7951717384,1.9862867175
48.7951714908,1.9862864509
48.7951712433,1.9862861842
48.7951709953,1.9862859172
48.7951707462,1.9862856498
48.7951704997,1.9862853876
48.7951702528,1.9862851228
48.7951700053,1.9862848546
48.7951697589,1.9862845906
48.7951695109,1.9862843257
48.7951692632,1.9862840646
48.7951690176,1.9862837997
48.7951687705,1.9862835377
48.7951685244,1.9862832761
48.7951682762,1.986283013
48.7951680303,1.9862827506
48.7951677852,1.9862824891
48.7951675392,1.9862822281
48.7951672929,1.9862819647
48.7951670475,1.9862817061
48.7951668044,1.9862814431
48.7951665592,1.9862811793
48.7951663144,1.9862809189
48.795166071,1.9862806614
48.7951658261,1.9862804001
48.7951655811,1.9862801409
48.7951653396,1.9862798827
48.7951650955,1.9862796246
48.7951648524,1.9862793682
48.7951646106,1.9862791132
48.7951643675,1.9862788566
48.7951641251,1.9862786006
48.7951638824,1.9862783438
48.7951636413,1.9862780882
48.7951634003,1.9862778328
48.7951631584,1.9862775763
48.7951629176,1.9862773215
48.7951626767,1.9862770658
48.7951624374,1.9862768101
48.7951621969,1.9862765536
48.7951619558,1.9862762994
48.7951617172,1.986276045
48.7951614769,1.9862757906
48.7951612378,1.9862755383
48.7951609984,1.9862752843
48.7951607591,1.9862750298
48.7951605204,1.9862747775
48.7951602824,1.9862745245
48.7951600434,1.9862742719
48.7951598047,1.9862740212
48.7951595663,1.9862737696
48.7951593279,1.9862735172
48.7951590898,1.9862732678
48.7951588524,1.9862730178
48.7951586149,1.986272767
48.7951583771,1.9862725169
48.7951581398,1.9862722654
48.7951579031,1.9862720156
48.7951576664,1.9862717667
48.7951574289,1.9862715179
48.7951571933,1.9862712661
48.7951569567,1.9862710184
48.7951567221,1.9862707704
48.7951564854,1.9862705197
48.79515625,1.9862702695
48.7951560146,1.9862700246
48.7951557799,1.9862697758
48.7951555449,1.986269527
48.7951553101,1.9862692808
48.7951550756,1.9862690318
48.7951548415,1.9862687866
48.795154607,1.9862685408
48.7951543722,1.9862682947
48.7951541382,1.9862680481
48.7951539055,1.986267802
48.7951536709,1.9862675592
48.7951534359,1.9862673165
48.7951532027,1.9862670708
48.7951529689,1.9862668276
48.795152736,1.986266584
48.7951525036,1.9862663411
48.7951522704,1.9862660978
48.7951520367,1.9862658558
48.7951518048,1.9862656129
48.7951515727,1.9862653715
48.7951513398,1.9862651301
48.7951511083,1.9862648878
48.795150876,1.9862646464
48.795150645,1.9862644047
48.7951504136,1.9862641658
48.795150182,1.9862639231
48.7951499504,1.9862636836
48.79514972,1.9862634414
48.7951494894,1.9862632019
48.7951492577,1.9862629629
48.7951490265,1.9862627235
48.7951487978,1.986262484
48.7951485673,1.9862622441
48.7951483379,1.9862620056
48.795148107,1.9862617673
48.7951478789,1.9862615285
48.7951476504,1.9862612888
48.7951474213,1.9862610506
48.7951471926,1.9862608123
48.7951469635,1.9862605743
48.7951467358,1.9862603353
48.7951465083,1.9862601005
48.7951462805,1.9862598627
48.7951460523,1.9862596265
48.7951458248,1.9862593898
48.7951455978,1.9862591537
48.7951453706,1.986258918
48.7951451428,1.9862586836
48.7951449165,1.9862584475
48.795144689,1.9862582118
48.7951444632,1.9862579818
48.7951442364,1.9862577452
48.7951440085,1.9862575096
48.7951437839,1.986257279
48.7951435568,1.9862570464
48.7951433307,1.9862568135
48.7951431046,1.9862565819
48.7951428794,1.9862563501
48.7951426529,1.9862561186
48.7951424283,1.9862558858
48.7951422029,1.986255654
48.7951419779,1.9862554228
48.7951417533,1.9862551916
48.7951415281,1.9862549585
48.795141303,1.9862547247
48.7951410788,1.986254496
48.7951408539,1.9862542639
48.7951406298,1.9862540319
48.7951404069,1.9862538006
48.7951401835,1.986253571
48.7951399585,1.9862533397
48.7951397357,1.9862531098
48.7951395126,1.9862528805
48.7951392896,1.98625265
48.7951390668,1.986252423
48.7951388434,1.9862521946
48.7951386205,1.9862519681
48.7951383986,1.9862517397
48.7951381755,1.9862515139
48.7951379535,1.9862512871
48.795137731,1.9862510598
48.7951375083,1.9862508343
48.7951372874,1.9862506107
48.7951370664,1.9862503847
48.7951368444,1.986250158
48.7951366227,1.9862499332
48.795136402,1.9862497087
48.7951361818,1.9862494848
48.7951359608,1.9862492601
48.7951357406,1.9862490333
48.7951355208,1.9862488103
48.7951353007,1.9862485872
48.7951350809,1.9862483621
48.795134862,1.986248138
48.7951346422,1.9862479132
48.7951344234,1.9862476907
48.7951342044,1.9862474675
48.7951339845,1.9862472439
48.7951337654,1.9862470216
48.7951335467,1.9862467996
48.7951333276,1.9862465781
48.7951331087,1.9862463561
48.79513289,1.9862461335
48.7951326713,1.9862459131
48.7951324538,1.9862456912
48.7951322352,1.9862454704
48.7951320178,1.9862452473
48.7951318003,1.9862450271
48.7951315829,1.986244809
48.7951313655,1.9862445874
48.7951311492,1.9862443673
48.795130933,1.9862441483
48.7951307157,1.9862439285
48.7951304995,1.9862437091
48.7951302834,1.9862434908
48.7951300669,1.9862432727
48.7951298508,1.9862430544
48.7951296357,1.9862428346
48.7951294201,1.9862426165
48.7951292051,1.986242398
48.7951289902,1.98624218
48.7951287747,1.9862419621
48.7951285604,1.9862417439
48.7951283453,1.9862415259
48.7951281313,1.9862413085
48.7951279167,1.9862410938
48.7951277021,1.986240875
48.7951274874,1.9862406602
48.7951272749,1.9862404449
48.7951270599,1.9862402285
48.7951268457,1.986240013
48.7951266322,1.9862397973
48.7951264186,1.9862395835
48.795126205,1.9862393681
48.7951259916,1.9862391555
48.7951257789,1.9862389411
48.7951255664,1.9862387259
48.7951253536,1.9862385112
48.795125141,1.9862382973
48.7951249292,1.9862380836
48.7951247175,1.9862378697
48.795124505,1.9862376563
48.7951242937,1.9862374426
48.7951240826,1.9862372297
48.7951238716,1.9862370159
48.7951236604,1.9862368037
48.7951234498,1.9862365918
48.7951232378,1.9862363798
48.7951230282,1.9862361688
48.795122818,1.9862359548
48.7951226066,1.9862357444
48.7951223964,1.9862355336
48.7951221863,1.9862353206
48.7951219771,1.9862351103
48.7951217666,1.9862348987
48.7951215569,1.9862346871
48.7951213488,1.9862344759
48.7951211398,1.9862342676
48.7951209309,1.9862340568
48.7951207217,1.9862338469
48.7951205139,1.9862336369
48.7951203047,1.9862334266
48.7951200942,1.9862332171
48.7951198859,1.9862330072
48.7951196773,1.9862327957
48.795119469,1.9862325879
48.7951192613,1.9862323787
48.7951190517,1.9862321685
48.7951188442,1.9862319586
48.7951186376,1.9862317496
48.7951184301,1.98623154
48.7951182212,1.9862313301
48.7951180141,1.986231123
48.7951178093,1.9862309138
48.7951176016,1.9862307054
48.7951173936,1.9862304971
48.7951171876,1.9862302902
48.7951169809,1.9862300819
48.7951167745,1.9862298757
48.7951165673,1.9862296681
48.7951163599,1.986229462
48.7951161538,1.9862292546
48.7951159479,1.9862290491
48.7951157408,1.9862288413
48.7951155346,1.9862286356
48.7951153293,1.9862284311
48.7951151231,1.9862282244
48.795114917,1.986228018
48.7951147123,1.9862278133
48.7951145077,1.9862276067
48.7951143024,1.9862274008
48.7951140977,1.986227195
48.7951138926,1.9862269877
48.7951136889,1.9862267824
48.7951134851,1.9862265783
48.7951132801,1.9862263718
48.7951130763,1.9862261683
48.7951128729,1.9862259626
48.7951126701,1.98622576
48.7951124652,1.9862255548
48.7951122621,1.986225351
48.7951120583,1.9862251475
48.7951118563,1.9862249442
48.7951116539,1.9862247428
48.7951114488,1.9862245406
48.7951112466,1.9862243389
48.7951110432,1.9862241348
48.7951108418,1.9862239324
48.7951106387,1.9862237301
48.7951104373,1.9862235293
48.7951102344,1.9862233282
48.7951100327,1.986223125
48.7951098328,1.9862229236
48.7951096311,1.986222721
48.79510943,1.9862225207
48.7951092282,1.9862223205
48.7951090277,1.9862221192
48.7951088271,1.9862219177
48.7951086269,1.986221718
48.795108426,1.9862215188
48.7951082249,1.9862213182
48.7951080238,1.9862211189
48.795107824,1.9862209204
48.7951076242,1.9862207217
48.7951074232,1.9862205224
48.7951072223,1.9862203236
48.7951070229,1.9862201254
48.7951068235,1.9862199278
48.7951066234,1.9862197285
48.7951064242,1.9862195313
48.7951062242,1.9862193338
48.7951060256,1.9862191336
48.7951058268,1.9862189363
48.7951056286,1.9862187379
48.7951054304,1.986218541
48.7951052319,1.9862183439
48.795105034,1.986218146
48.7951048365,1.9862179501
48.795104639,1.9862177535
48.7951044422,1.9862175585
48.7951042434,1.9862173624
48.7951040467,1.9862171666
48.7951038491,1.9862169724
48.795103652,1.9862167786
48.7951034546,1.9862165842
48.7951032583,1.9862163887
48.7951030619,1.9862161935
48.7951028657,1.9862160003
48.7951026685,1.9862158061
48.7951024732,1.9862156114
48.7951022775,1.9862154174
48.7951020813,1.9862152229
48.7951018863,1.9862150299
48.7951016912,1.9862148361
48.7951014965,1.9862146428
48.7951013001,1.9862144482
48.7951011051,1.9862142565
48.7951009106,1.9862140629
48.7951007169,1.9862138705
48.7951005222,1.9862136778
48.7951003277,1.9862134865
48.7951001319,1.9862132956
48.7950999373,1.9862131068
48.7950997423,1.9862129178
48.7950995483,1.9862127272
48.7950993536,1.9862125396
48.7950991596,1.9862123485
48.7950989657,1.9862121601
48.7950987723,1.9862119718
48.7950985792,1.9862117834
48.7950983863,1.9862115952
48.7950981946,1.9862114058
48.7950980015,1.9862112188
48.7950978093,1.9862110307
48.7950976187,1.9862108439
48.7950974267,1.9862106564
48.7950972348,1.9862104699
48.7950970433,1.9862102833
48.7950968522,1.9862100972
48.7950966627,1.9862099117
48.7950964716,1.986209727
48.7950962808,1.9862095419
48.7950960921,1.9862093583
48.7950959031,1.9862091732
48.7950957143,1.9862089902
48.7950955255,1.9862088048
48.7950953374,1.98620862
48.7950951498,1.9862084353
48.795094963,1.9862082516
48.7950947748,1.9862080679
48.7950945877,1.9862078831
48.7950944022,1.9862076997
48.7950942153,1.9862075154
48.7950940291,1.9862073331
48.7950938439,1.9862071513
48.7950936589,1.9862069699
48.7950934742,1.9862067882
48.7950932881,1.9862066061
48.795093104,1.9862064265
48.7950929201,1.9862062456
48.7950927359,1.9862060675
48.7950925531,1.9862058904
48.7950923693,1.98620571
48.7950921879,1.9862055321
48.7950920056,1.986205355
48.7950918247,1.9862051789
48.7950916437,1.986205004
48.7950914632,1.9862048271
48.7950912851,1.9862046514
48.7950911064,1.9862044763
48.7950909281,1.9862043029
48.7950907502,1.9862041297
48.7950905747,1.9862039572
48.7950903988,1.986203784
48.795090224,1.9862036112
48.7950900488,1.9862034431
48.7950898762,1.9862032728
48.7950897023,1.9862031059
48.7950895297,1.9862029377
48.7950893584,1.9862027694
48.7950891883,1.986202603
48.7950890179,1.9862024379
48.7950888492,1.9862022746
48.795088681,1.986202111
48.7950885147,1.9862019483
48.7950883502,1.9862017861
48.795088185,1.9862016249
48.7950880219,1.9862014648
48.7950878597,1.9862013062
48.7950876983,1.9862011499
48.7950875396,1.9862009926
48.7950873806,1.9862008376
48.7950872235,1.9862006838
48.7950870677,1.9862005316
48.7950869132,1.9862003799
48.7950867602,1.98620023
48.7950866087,1.9862000815
48.7950864584,1.9861999354
48.7950863093,1.9861997895
48.7950861623,1.9861996455
48.7950860166,1.9861995025
48.7950858721,1.9861993606
48.7950857293,1.9861992209
48.795085588,1.9861990815
48.7950854484,1.9861989443
48.7950853104,1.9861988082
48.7950851738,1.986198674
48.795085039,1.986198541
48.7950849056,1.9861984096
48.7950847751,1.9861982805
48.7950846442,1.9861981539
48.7950845156,1.986198028
48.7950843892,1.9861979037
48.7950842649,1.9861977819
48.7950841407,1.9861976612
48.7950840183,1.9861975429
48.7950838983,1.9861974265
48.7950837793,1.9861973111
48.7950836622,1.9861971978
48.7950835474,1.9861970861
48.795083433,1.9861969741
48.7950833223,1.9861968647
48.7950832134,1.9861967586
48.7950831063,1.9861966532
48.7950830005,1.9861965483
48.7950828973,1.9861964462
48.7950827949,1.9861963446
48.795082694,1.9861962442
48.795082595,1.9861961454
48.7950824982,1.9861960479
48.7950824023,1.9861959521
48.7950823078,1.9861958584
48.7950822156,1.9861957651
48.7950821248,1.9861956741
48.7950820355,1.9861955848
48.7950819476,1.9861954975
48.7950818612,1.9861954122
48.7950817767,1.9861953278
48.7950816939,1.9861952449
48.7950816125,1.9861951648
48.7950815323,1.9861950865
48.7950814541,1.9861950097
48.7950813774,1.9861949344
48.7950813038,1.9861948602
48.7950812301,1.9861947873
48.7950811585,1.9861947173
48.7950810887,1.9861946489
48.7950810202,1.9861945808
48.7950809533,1.986194515
48.7950808886,1.9861944502
48.7950808248,1.9861943877
48.7950807625,1.9861943272
48.7950807018,1.9861942677
48.7950806434,1.9861942098
48.7950805864,1.9861941544
48.7950805307,1.9861941
48.7950804767,1.9861940472
48.7950804249,1.9861939954
48.7950803744,1.9861939455
48.7950803255,1.9861938971
48.7950802788,1.9861938503
48.7950802336,1.9861938044
48.7950801898,1.9861937603
48.795080148,1.9861937178
48.7950801074,1.9861936771
48.7950800686,1.9861936374
48.7950800313,1.9861935994
48.7950799953,1.9861935632
48.7950799608,1.9861935283
48.7950799276,1.9861934953
48.7950798966,1.9861934645
48.7950798664,1.9861934352
48.7950798381,1.9861934074
48.7950798113,1.9861933813
48.795079786,1.986193357
48.7950797621,1.9861933341
48.7950797396,1.9861933123
48.7950797192,1.9861932919
48.7950797001,1.9861932729
48.7950796826,1.9861932551
48.7950796664,1.9861932388
48.7950796519,1.9861932241
48.7950796389,1.9861932106
48.7950796271,1.9861931983
48.7950796168,1.9861931876
48.795079608,1.986193178
48.7950796004,1.9861931698
48.795079594,1.9861931631
48.7950795891,1.9861931577
48.7950795856,1.9861931536
48.7950795834,1.9861931513
48.7950795825,1.9861931501
48.7950795829,1.98619315
48.7950795847,1.9861931515
48.7950795875,1.9861931543
48.7950795919,1.9861931582
48.7950795975,1.9861931633
48.7950796038,1.9861931689
48.7950796108,1.9861931758
48.7950796183,1.9861931832
48.7950796263,1.9861931907
48.7950796343,1.9861931985
48.7950796424,1.9861932062
48.7950796501,1.9861932141
48.7950796579,1.9861932217
48.7950796654,1.9861932289
48.7950796723,1.9861932355
48.7950796784,1.9861932416
48.795079684,1.9861932472
48.7950796889,1.9861932519
48.7950796926,1.9861932553
48.7950796957,1.9861932582
48.795079698,1.9861932603
48.7950796999,1.9861932616
48.795079701,1.9861932617
48.7950797016,1.9861932618
48.7950797014,1.9861932611
48.7950797005,1.9861932599
48.7950796996,1.986193258
48.7950796982,1.9861932562
48.7950796961,1.9861932542
48.7950796948,1.9861932522
48.7950796933,1.9861932497
48.7950796918,1.9861932476
48.7950796904,1.9861932461
48.7950796894,1.9861932444
48.7950796889,1.9861932432
48.7950796885,1.9861932422
48.7950796887,1.9861932416
48.7950796889,1.9861932415
48.7950796904,1.9861932415
48.7950796915,1.986193242
48.7950796939,1.986193243
48.7950796964,1.9861932441
48.7950796991,1.9861932453
48.7950797021,1.9861932467
48.7950797054,1.9861932483
48.7950797088,1.9861932501
48.7950797123,1.986193252
48.7950797157,1.9861932537
48.795079719,1.9861932553
48.7950797224,1.986193257
48.7950797253,1.9861932587
48.7950797284,1.9861932598
48.7950797312,1.9861932609
48.7950797337,1.9861932618
48.795079736,1.9861932623
48.7950797379,1.9861932624
48.7950797396,1.9861932628
48.795079741,1.986193263
48.7950797424,1.9861932629
48.7950797434,1.9861932629
48.7950797441,1.986193263
48.7950797448,1.9861932628
48.795079746,1.9861932623
48.7950797468,1.9861932625
48.7950797477,1.9861932626
48.7950797487,1.9861932629
48.7950797495,1.9861932632
48.7950797509,1.9861932637
48.7950797519,1.9861932644
48.7950797533,1.9861932648
48.7950797552,1.9861932653
48.7950797569,1.9861932662
48.795079759,1.9861932667
48.7950797611,1.9861932673
48.7950797633,1.9861932679
48.7950797654,1.9861932687
48.7950797681,1.986193269
48.7950797703,1.9861932695
48.7950797727,1.9861932699
48.7950797751,1.9861932704
48.7950797774,1.9861932708
48.7950797797,1.9861932711
48.7950797819,1.9861932714
48.795079784,1.9861932719
48.7950797861,1.9861932726
48.7950797881,1.986193273
48.7950797898,1.9861932738
48.7950797923,1.9861932741
48.7950797941,1.9861932749
48.7950797959,1.9861932754
48.7950797978,1.9861932762
48.7950797997,1.9861932768
48.7950798014,1.9861932778
48.7950798036,1.9861932786
48.7950798055,1.9861932795
48.7950798071,1.9861932804
48.7950798096,1.9861932808
48.7950798115,1.9861932818
48.7950798135,1.9861932821
48.7950798155,1.9861932829
48.7950798176,1.9861932832
48.7950798195,1.9861932835
48.7950798215,1.9861932839
48.7950798235,1.986193284
48.7950798255,1.9861932842
48.7950798275,1.9861932842
48.7950798295,1.9861932843
48.7950798314,1.9861932843
48.7950798334,1.9861932845
48.7950798353,1.9861932845
48.7950798373,1.9861932847
48.7950798394,1.986193285
48.795079841,1.9861932857
48.7950798434,1.9861932861
48.7950798452,1.9861932869
48.7950798477,1.9861932875
48.7950798498,1.9861932882
48.795079852,1.986193289
48.7950798543,1.9861932899
48.7950798564,1.986193291
48.795079859,1.986193292
48.7950798611,1.9861932927
48.7950798637,1.9861932934
48.7950798658,1.9861932944
48.7950798685,1.9861932948
48.7950798709,1.9861932956
48.7950798732,1.9861932962
48.7950798752,1.9861932968
48.7950798777,1.9861932969
48.7950798782,1.9861932955
48.7950798786,1.9861932938
48.7950798791,1.9861932926
48.7950798794,1.986193291
48.7950798798,1.9861932894
48.79507988,1.986193288
48.7950798804,1.9861932868
48.7950798808,1.9861932853
48.7950798811,1.986193284
48.7950798819,1.9861932836
48.7950798821,1.9861932822
48.7950798821,1.9861932806
48.7950798825,1.9861932794
48.7950798828,1.9861932784
48.7950798833,1.9861932773
48.7950798836,1.9861932764
48.7950798841,1.9861932753
48.795079885,1.9861932749
48.7950798856,1.9861932738
48.7950798855,1.986193272
48.7950798866,1.9861932713
48.7950798867,1.9861932695
48.7950798875,1.9861932682
48.7950798885,1.9861932675
48.7950798887,1.9861932656
48.7950798893,1.986193264
48.7950798904,1.9861932636
48.7950798909,1.9861932617
48.7950798915,1.9861932602
48.7950798923,1.986193259
48.795079893,1.9861932575
48.7950798936,1.9861932565
48.7950798948,1.9861932559
48.7950798951,1.9861932541
48.7950798958,1.9861932528
48.7950798964,1.9861932519
48.795079897,1.9861932505
48.7950798976,1.9861932495
48.7950798981,1.9861932485
48.7950798987,1.9861932476
48.7950798993,1.9861932462
48.7950798998,1.9861932453
48.7950799003,1.9861932441
48.7950799008,1.9861932429
48.7950799014,1.9861932418
48.795079902,1.9861932404
48.795079903,1.9861932398
48.7950799035,1.9861932382
48.7950799043,1.986193237
48.7950799045,1.9861932349
48.7950799052,1.9861932335
48.7950799064,1.9861932329
48.7950799069,1.9861932314
48.7950799076,1.9861932303
48.7950799079,1.9861932281
48.7950799086,1.9861932267
48.7950799095,1.9861932256
48.7950799102,1.9861932246
48.795079911,1.9861932234
48.7950799118,1.9861932224
48.7950799124,1.9861932212
48.7950799132,1.9861932201
48.7950799141,1.9861932191
48.7950799149,1.9861932181
48.7950799156,1.9861932172
48.7950799166,1.9861932163
48.7950799179,1.9861932158
