<?xml version='1.0' encoding='utf-8'?>
<gpx version="1.1" creator="csv_to_gpx_script" xmlns="http://www.topografix.com/GPX/1/1" xmlns:xsi="http://www.w3.org/2001/XMLSchema-instance" xsi:schemaLocation="http://www.topografix.com/GPX/1/1 http://www.topografix.com/GPX/1/1/gpx.xsd"><trk><name>Track from CSV</name><trkseg><trkpt lat="48.7950308226" lon="1.9861415978" /><trkpt lat="48.7950308226" lon="1.9861415977" /><trkpt lat="48.7950308227" lon="1.9861415978" /><trkpt lat="48.7950308226" lon="1.9861415979" /><trkpt lat="48.7950308227" lon="1.9861415976" /><trkpt lat="48.7950308227" lon="1.9861415978" /><trkpt lat="48.7950308227" lon="1.9861415978" /><trkpt lat="48.7950308228" lon="1.9861415978" /><trkpt lat="48.7950308227" lon="1.9861415978" /><trkpt lat="48.7950308226" lon="1.9861415977" /><trkpt lat="48.7950308225" lon="1.9861415978" /><trkpt lat="48.7950308226" lon="1.9861415978" /><trkpt lat="48.7950308224" lon="1.9861415977" /><trkpt lat="48.7950308222" lon="1.9861415977" /><trkpt lat="48.7950308223" lon="1.9861415976" /><trkpt lat="48.7950308222" lon="1.9861415977" /><trkpt lat="48.7950308222" lon="1.9861415978" /><trkpt lat="48.7950308221" lon="1.9861415978" /><trkpt lat="48.7950308221" lon="1.9861415979" /><trkpt lat="48.7950308221" lon="1.9861415981" /><trkpt lat="48.7950308221" lon="1.986141598" /><trkpt lat="48.7950308221" lon="1.9861415981" /><trkpt lat="48.7950308219" lon="1.9861415982" /><trkpt lat="48.7950308218" lon="1.9861415983" /><trkpt lat="48.7950308219" lon="1.986141598" /><trkpt lat="48.795030822" lon="1.9861415983" /><trkpt lat="48.7950308219" lon="1.9861415983" /><trkpt lat="48.795030822" lon="1.9861415983" /><trkpt lat="48.795030822" lon="1.9861415984" /><trkpt lat="48.795030822" lon="1.9861415985" /><trkpt lat="48.7950308219" lon="1.9861415984" /><trkpt lat="48.795030822" lon="1.9861415984" /><trkpt lat="48.7950308219" lon="1.9861415985" /><trkpt lat="48.795030822" lon="1.9861415985" /><trkpt lat="48.795030822" lon="1.9861415984" /><trkpt lat="48.795030822" lon="1.9861415985" /><trkpt lat="48.795030822" lon="1.9861415985" /><trkpt lat="48.7950308219" lon="1.9861415986" /><trkpt lat="48.795030822" lon="1.9861415985" /><trkpt lat="48.795030822" lon="1.9861415986" /><trkpt lat="48.795030822" lon="1.9861415986" /><trkpt lat="48.795030822" lon="1.9861415987" /><trkpt lat="48.7950308219" lon="1.9861415988" /><trkpt lat="48.7950308219" lon="1.9861415988" /><trkpt lat="48.7950308219" lon="1.9861415989" /><trkpt lat="48.7950308218" lon="1.9861415986" /><trkpt lat="48.7950308218" lon="1.9861415988" /><trkpt lat="48.7950308218" lon="1.9861415987" /><trkpt lat="48.7950308217" lon="1.9861415989" /><trkpt lat="48.7950308217" lon="1.9861415989" /><trkpt lat="48.7950308217" lon="1.9861415989" /><trkpt lat="48.7950308216" lon="1.9861415987" /><trkpt lat="48.7950308216" lon="1.986141599" /><trkpt lat="48.7950308216" lon="1.9861415989" /><trkpt lat="48.7950308215" lon="1.9861415989" /><trkpt lat="48.7950308216" lon="1.986141599" /><trkpt lat="48.7950308216" lon="1.9861416" /><trkpt lat="48.7950308215" lon="1.9861416002" /><trkpt lat="48.7950308216" lon="1.9861416001" /><trkpt lat="48.7950308216" lon="1.9861416002" /><trkpt lat="48.7950308217" lon="1.9861416004" /><trkpt lat="48.7950308216" lon="1.9861416003" /><trkpt lat="48.7950308217" lon="1.9861416004" /><trkpt lat="48.7950308216" lon="1.9861416002" /><trkpt lat="48.7950308217" lon="1.9861416004" /><trkpt lat="48.7950308219" lon="1.9861416004" /><trkpt lat="48.7950308217" lon="1.9861416003" /><trkpt lat="48.7950308217" lon="1.9861416005" /><trkpt lat="48.7950308218" lon="1.9861416005" /><trkpt lat="48.7950308218" lon="1.9861416004" /><trkpt lat="48.7950308218" lon="1.9861416007" /><trkpt lat="48.7950308218" lon="1.9861416005" /><trkpt lat="48.7950308217" lon="1.9861416007" /><trkpt lat="48.7950308217" lon="1.9861416007" /><trkpt lat="48.7950308218" lon="1.9861416006" /><trkpt lat="48.7950308218" lon="1.9861416005" /><trkpt lat="48.7950308218" lon="1.9861416007" /><trkpt lat="48.7950308218" lon="1.9861416003" /><trkpt lat="48.7950308218" lon="1.9861416004" /><trkpt lat="48.7950308217" lon="1.9861416004" /><trkpt lat="48.7950308217" lon="1.9861416005" /><trkpt lat="48.7950308218" lon="1.9861416005" /><trkpt lat="48.7950308217" lon="1.9861416006" /><trkpt lat="48.7950308216" lon="1.9861416006" /><trkpt lat="48.7950308218" lon="1.9861416007" /><trkpt lat="48.7950308217" lon="1.9861416006" /><trkpt lat="48.7950308217" lon="1.9861416006" /><trkpt lat="48.7950308216" lon="1.9861416009" /><trkpt lat="48.7950308217" lon="1.9861416007" /><trkpt lat="48.7950308217" lon="1.9861416008" /><trkpt lat="48.7950308216" lon="1.9861416008" /><trkpt lat="48.7950308216" lon="1.9861416009" /><trkpt lat="48.7950308215" lon="1.9861416009" /><trkpt lat="48.7950308216" lon="1.9861416008" /><trkpt lat="48.7950308216" lon="1.9861416009" /><trkpt lat="48.7950308214" lon="1.986141601" /><trkpt lat="48.7950308216" lon="1.9861416009" /><trkpt lat="48.7950308216" lon="1.986141601" /><trkpt lat="48.7950308216" lon="1.9861416012" /><trkpt lat="48.7950308216" lon="1.9861416011" /><trkpt lat="48.7950308216" lon="1.9861416014" /><trkpt lat="48.7950308218" lon="1.9861416013" /><trkpt lat="48.7950308217" lon="1.9861416015" /><trkpt lat="48.7950308219" lon="1.9861416015" /><trkpt lat="48.795030822" lon="1.9861416016" /><trkpt lat="48.7950308221" lon="1.9861416017" /><trkpt lat="48.7950308221" lon="1.9861416018" /><trkpt lat="48.7950308221" lon="1.986141602" /><trkpt lat="48.7950308222" lon="1.9861416018" /><trkpt lat="48.7950308221" lon="1.9861416019" /><trkpt lat="48.795030822" lon="1.9861416017" /><trkpt lat="48.7950308221" lon="1.9861416018" /><trkpt lat="48.7950308219" lon="1.9861416017" /><trkpt lat="48.7950308218" lon="1.9861416016" /><trkpt lat="48.7950308217" lon="1.9861416015" /><trkpt lat="48.7950308217" lon="1.9861416015" /><trkpt lat="48.7950308215" lon="1.9861416016" /><trkpt lat="48.7950308214" lon="1.9861416014" /><trkpt lat="48.7950308212" lon="1.9861416015" /><trkpt lat="48.7950308212" lon="1.9861416016" /><trkpt lat="48.7950308211" lon="1.9861416014" /><trkpt lat="48.7950308211" lon="1.9861416014" /><trkpt lat="48.795030821" lon="1.9861416014" /><trkpt lat="48.795030821" lon="1.9861416014" /><trkpt lat="48.7950308211" lon="1.9861416014" /><trkpt lat="48.7950308212" lon="1.9861416016" /><trkpt lat="48.7950308212" lon="1.9861416016" /><trkpt lat="48.7950308212" lon="1.9861416017" /><trkpt lat="48.7950308212" lon="1.9861416018" /><trkpt lat="48.7950308213" lon="1.9861416018" /><trkpt lat="48.7950308212" lon="1.9861416018" /><trkpt lat="48.7950308212" lon="1.986141602" /><trkpt lat="48.7950308213" lon="1.986141602" /><trkpt lat="48.7950308212" lon="1.9861416021" /><trkpt lat="48.7950308212" lon="1.9861416022" /><trkpt lat="48.7950308213" lon="1.9861416021" /><trkpt lat="48.7950308211" lon="1.986141602" /><trkpt lat="48.7950308211" lon="1.986141602" /><trkpt lat="48.7950308211" lon="1.986141602" /><trkpt lat="48.795030821" lon="1.986141602" /><trkpt lat="48.7950308211" lon="1.9861416022" /><trkpt lat="48.795030821" lon="1.9861416021" /><trkpt lat="48.7950308211" lon="1.9861416021" /><trkpt lat="48.795030821" lon="1.9861416018" /><trkpt lat="48.795030821" lon="1.986141602" /><trkpt lat="48.7950308209" lon="1.9861416021" /><trkpt lat="48.795030821" lon="1.9861416022" /><trkpt lat="48.795030821" lon="1.9861416023" /><trkpt lat="48.795030821" lon="1.9861416022" /><trkpt lat="48.795030821" lon="1.9861416024" /><trkpt lat="48.795030821" lon="1.9861416023" /><trkpt lat="48.7950308209" lon="1.9861416024" /><trkpt lat="48.795030821" lon="1.9861416023" /><trkpt lat="48.795030821" lon="1.9861416024" /><trkpt lat="48.795030821" lon="1.9861416024" /><trkpt lat="48.7950308209" lon="1.9861416025" /><trkpt lat="48.7950308201" lon="1.9861416029" /><trkpt lat="48.7950308202" lon="1.986141603" /><trkpt lat="48.7950308201" lon="1.9861416031" /><trkpt lat="48.7950308202" lon="1.9861416031" /><trkpt lat="48.7950308201" lon="1.9861416032" /><trkpt lat="48.7950308201" lon="1.9861416032" /><trkpt lat="48.7950308201" lon="1.9861416033" /><trkpt lat="48.7950308202" lon="1.9861416033" /><trkpt lat="48.7950308201" lon="1.9861416034" /><trkpt lat="48.7950308202" lon="1.9861416034" /><trkpt lat="48.7950308203" lon="1.9861416037" /><trkpt lat="48.7950308204" lon="1.9861416037" /><trkpt lat="48.7950308204" lon="1.9861416039" /><trkpt lat="48.7950308205" lon="1.9861416043" /><trkpt lat="48.7950308206" lon="1.9861416043" /><trkpt lat="48.7950308205" lon="1.9861416045" /><trkpt lat="48.7950308206" lon="1.9861416046" /><trkpt lat="48.7950308206" lon="1.9861416047" /><trkpt lat="48.7950308206" lon="1.9861416046" /><trkpt lat="48.7950308205" lon="1.9861416047" /><trkpt lat="48.7950308206" lon="1.9861416046" /><trkpt lat="48.7950308205" lon="1.9861416047" /><trkpt lat="48.7950308203" lon="1.9861416046" /><trkpt lat="48.7950308203" lon="1.9861416047" /><trkpt lat="48.7950308202" lon="1.9861416045" /><trkpt lat="48.79503082" lon="1.9861416046" /><trkpt lat="48.7950308199" lon="1.9861416046" /><trkpt lat="48.7950308198" lon="1.9861416048" /><trkpt lat="48.7950308198" lon="1.9861416047" /><trkpt lat="48.7950308196" lon="1.9861416048" /><trkpt lat="48.7950308196" lon="1.9861416047" /><trkpt lat="48.7950308194" lon="1.9861416047" /><trkpt lat="48.7950308194" lon="1.9861416049" /><trkpt lat="48.7950308195" lon="1.9861416049" /><trkpt lat="48.7950308195" lon="1.986141605" /><trkpt lat="48.7950308196" lon="1.9861416052" /><trkpt lat="48.7950308195" lon="1.9861416054" /><trkpt lat="48.7950308194" lon="1.9861416055" /><trkpt lat="48.7950308197" lon="1.9861416057" /><trkpt lat="48.7950308197" lon="1.9861416059" /><trkpt lat="48.7950308199" lon="1.9861416059" /><trkpt lat="48.7950308199" lon="1.9861416063" /><trkpt lat="48.7950308199" lon="1.9861416064" /><trkpt lat="48.7950308201" lon="1.9861416064" /><trkpt lat="48.7950308203" lon="1.9861416066" /><trkpt lat="48.7950308204" lon="1.9861416068" /><trkpt lat="48.7950308205" lon="1.9861416069" /><trkpt lat="48.7950308207" lon="1.9861416068" /><trkpt lat="48.7950308208" lon="1.9861416069" /><trkpt lat="48.7950308209" lon="1.986141607" /><trkpt lat="48.795030821" lon="1.9861416068" /><trkpt lat="48.795030821" lon="1.9861416069" /><trkpt lat="48.7950308211" lon="1.986141607" /><trkpt lat="48.7950308211" lon="1.986141607" /><trkpt lat="48.7950308211" lon="1.9861416071" /><trkpt lat="48.7950308211" lon="1.9861416073" /><trkpt lat="48.7950308212" lon="1.9861416071" /><trkpt lat="48.7950308212" lon="1.9861416072" /><trkpt lat="48.7950308212" lon="1.9861416073" /><trkpt lat="48.7950308212" lon="1.9861416074" /><trkpt lat="48.7950308214" lon="1.9861416075" /><trkpt lat="48.7950308214" lon="1.9861416077" /><trkpt lat="48.7950308215" lon="1.9861416079" /><trkpt lat="48.7950308215" lon="1.986141608" /><trkpt lat="48.7950308217" lon="1.9861416081" /><trkpt lat="48.7950308217" lon="1.9861416083" /><trkpt lat="48.795030822" lon="1.9861416083" /><trkpt lat="48.7950308222" lon="1.9861416085" /><trkpt lat="48.7950308224" lon="1.9861416085" /><trkpt lat="48.7950308225" lon="1.9861416084" /><trkpt lat="48.7950308227" lon="1.9861416087" /><trkpt lat="48.795030823" lon="1.9861416087" /><trkpt lat="48.7950308233" lon="1.9861416089" /><trkpt lat="48.7950308235" lon="1.9861416088" /><trkpt lat="48.7950308235" lon="1.986141609" /><trkpt lat="48.7950308237" lon="1.9861416089" /><trkpt lat="48.7950308241" lon="1.9861416093" /><trkpt lat="48.7950308243" lon="1.9861416097" /><trkpt lat="48.7950308245" lon="1.9861416097" /><trkpt lat="48.7950308246" lon="1.98614161" /><trkpt lat="48.7950308248" lon="1.9861416101" /><trkpt lat="48.7950308252" lon="1.9861416107" /><trkpt lat="48.7950308255" lon="1.9861416108" /><trkpt lat="48.7950308258" lon="1.986141611" /><trkpt lat="48.7950308258" lon="1.9861416112" /><trkpt lat="48.7950308261" lon="1.9861416114" /><trkpt lat="48.7950308266" lon="1.986141612" /><trkpt lat="48.7950308269" lon="1.9861416122" /><trkpt lat="48.7950308273" lon="1.9861416122" /><trkpt lat="48.7950308278" lon="1.9861416123" /><trkpt lat="48.795030828" lon="1.9861416127" /><trkpt lat="48.7950308284" lon="1.9861416131" /><trkpt lat="48.7950308288" lon="1.9861416135" /><trkpt lat="48.7950308294" lon="1.9861416138" /><trkpt lat="48.7950308297" lon="1.9861416141" /><trkpt lat="48.7950308298" lon="1.9861416146" /><trkpt lat="48.7950308307" lon="1.9861416152" /><trkpt lat="48.795030831" lon="1.9861416157" /><trkpt lat="48.7950308314" lon="1.9861416161" /><trkpt lat="48.7950308318" lon="1.9861416167" /><trkpt lat="48.7950308321" lon="1.9861416174" /><trkpt lat="48.7950317933" lon="1.9861426617" /><trkpt lat="48.7950318176" lon="1.9861426874" /><trkpt lat="48.7950318422" lon="1.9861427135" /><trkpt lat="48.7950318672" lon="1.9861427395" /><trkpt lat="48.7950318926" lon="1.9861427661" /><trkpt lat="48.7950319181" lon="1.9861427929" /><trkpt lat="48.795031944" lon="1.98614282" /><trkpt lat="48.7950319703" lon="1.9861428475" /><trkpt lat="48.7950319969" lon="1.9861428753" /><trkpt lat="48.7950320236" lon="1.9861429032" /><trkpt lat="48.7950320507" lon="1.9861429318" /><trkpt lat="48.7950320781" lon="1.9861429604" /><trkpt lat="48.7950321058" lon="1.9861429894" /><trkpt lat="48.795032134" lon="1.9861430184" /><trkpt lat="48.7950321623" lon="1.9861430476" /><trkpt lat="48.795032191" lon="1.9861430771" /><trkpt lat="48.7950322201" lon="1.9861431068" /><trkpt lat="48.7950322495" lon="1.9861431367" /><trkpt lat="48.7950322796" lon="1.9861431664" /><trkpt lat="48.7950323092" lon="1.9861431971" /><trkpt lat="48.7950323395" lon="1.9861432279" /><trkpt lat="48.7950323704" lon="1.986143259" /><trkpt lat="48.7950324014" lon="1.9861432903" /><trkpt lat="48.7950324326" lon="1.9861433222" /><trkpt lat="48.795032464" lon="1.9861433543" /><trkpt lat="48.7950324959" lon="1.9861433864" /><trkpt lat="48.795032528" lon="1.9861434193" /><trkpt lat="48.7950325605" lon="1.9861434524" /><trkpt lat="48.795032593" lon="1.9861434857" /><trkpt lat="48.795032626" lon="1.9861435192" /><trkpt lat="48.7950326593" lon="1.9861435529" /><trkpt lat="48.7950326929" lon="1.9861435874" /><trkpt lat="48.7950327266" lon="1.9861436218" /><trkpt lat="48.7950327608" lon="1.9861436566" /><trkpt lat="48.7950327954" lon="1.9861436918" /><trkpt lat="48.79503283" lon="1.9861437273" /><trkpt lat="48.795032865" lon="1.9861437636" /><trkpt lat="48.7950329003" lon="1.9861437999" /><trkpt lat="48.795032936" lon="1.9861438366" /><trkpt lat="48.795032972" lon="1.9861438734" /><trkpt lat="48.7950330081" lon="1.9861439109" /><trkpt lat="48.7950330447" lon="1.9861439485" /><trkpt lat="48.7950330816" lon="1.9861439863" /><trkpt lat="48.795033119" lon="1.9861440245" /><trkpt lat="48.7950331566" lon="1.986144063" /><trkpt lat="48.7950331945" lon="1.9861441014" /><trkpt lat="48.7950332329" lon="1.9861441407" /><trkpt lat="48.7950332718" lon="1.9861441795" /><trkpt lat="48.7950333109" lon="1.9861442195" /><trkpt lat="48.7950333503" lon="1.9861442596" /><trkpt lat="48.7950333901" lon="1.9861443" /><trkpt lat="48.7950334302" lon="1.9861443405" /><trkpt lat="48.7950334707" lon="1.9861443817" /><trkpt lat="48.7950335113" lon="1.9861444235" /><trkpt lat="48.7950335526" lon="1.9861444654" /><trkpt lat="48.7950335943" lon="1.9861445077" /><trkpt lat="48.7950336361" lon="1.9861445501" /><trkpt lat="48.7950336785" lon="1.9861445924" /><trkpt lat="48.7950337214" lon="1.9861446354" /><trkpt lat="48.7950337648" lon="1.9861446787" /><trkpt lat="48.7950338084" lon="1.986144722" /><trkpt lat="48.7950338524" lon="1.9861447663" /><trkpt lat="48.7950338969" lon="1.9861448107" /><trkpt lat="48.7950339416" lon="1.9861448558" /><trkpt lat="48.7950339867" lon="1.9861449012" /><trkpt lat="48.7950340323" lon="1.9861449472" /><trkpt lat="48.7950340781" lon="1.9861449938" /><trkpt lat="48.7950341244" lon="1.9861450404" /><trkpt lat="48.7950341711" lon="1.9861450878" /><trkpt lat="48.7950342184" lon="1.9861451359" /><trkpt lat="48.795034266" lon="1.9861451841" /><trkpt lat="48.7950343138" lon="1.9861452329" /><trkpt lat="48.7950343623" lon="1.9861452827" /><trkpt lat="48.7950344113" lon="1.9861453326" /><trkpt lat="48.7950344606" lon="1.9861453829" /><trkpt lat="48.7950345104" lon="1.9861454337" /><trkpt lat="48.7950345607" lon="1.9861454852" /><trkpt lat="48.7950346115" lon="1.9861455371" /><trkpt lat="48.7950346629" lon="1.9861455892" /><trkpt lat="48.7950347147" lon="1.9861456419" /><trkpt lat="48.7950347671" lon="1.9861456949" /><trkpt lat="48.79503482" lon="1.9861457482" /><trkpt lat="48.7950348736" lon="1.9861458019" /><trkpt lat="48.7950349276" lon="1.9861458558" /><trkpt lat="48.795034982" lon="1.9861459109" /><trkpt lat="48.7950350372" lon="1.9861459658" /><trkpt lat="48.7950350929" lon="1.9861460212" /><trkpt lat="48.7950351491" lon="1.9861460768" /><trkpt lat="48.7950352055" lon="1.9861461332" /><trkpt lat="48.7950352629" lon="1.9861461902" /><trkpt lat="48.7950353206" lon="1.9861462479" /><trkpt lat="48.7950353788" lon="1.9861463057" /><trkpt lat="48.7950354374" lon="1.9861463641" /><trkpt lat="48.7950354963" lon="1.9861464235" /><trkpt lat="48.7950355558" lon="1.9861464836" /><trkpt lat="48.7950356159" lon="1.986146544" /><trkpt lat="48.7950356762" lon="1.9861466049" /><trkpt lat="48.7950357372" lon="1.9861466675" /><trkpt lat="48.7950357984" lon="1.9861467302" /><trkpt lat="48.7950358602" lon="1.9861467938" /><trkpt lat="48.795035922" lon="1.9861468576" /><trkpt lat="48.795035984" lon="1.9861469221" /><trkpt lat="48.7950360464" lon="1.9861469866" /><trkpt lat="48.7950361096" lon="1.986147051" /><trkpt lat="48.7950361737" lon="1.986147116" /><trkpt lat="48.7950362384" lon="1.9861471811" /><trkpt lat="48.7950363035" lon="1.9861472469" /><trkpt lat="48.7950363694" lon="1.9861473128" /><trkpt lat="48.7950364361" lon="1.9861473793" /><trkpt lat="48.7950365033" lon="1.9861474459" /><trkpt lat="48.7950365708" lon="1.986147513" /><trkpt lat="48.7950366391" lon="1.9861475808" /><trkpt lat="48.7950367081" lon="1.9861476492" /><trkpt lat="48.7950367773" lon="1.9861477185" /><trkpt lat="48.7950368468" lon="1.9861477881" /><trkpt lat="48.7950369168" lon="1.9861478589" /><trkpt lat="48.7950369879" lon="1.9861479301" /><trkpt lat="48.7950370591" lon="1.9861480017" /><trkpt lat="48.7950371309" lon="1.9861480743" /><trkpt lat="48.7950372033" lon="1.9861481473" /><trkpt lat="48.7950372762" lon="1.9861482205" /><trkpt lat="48.7950373499" lon="1.9861482949" /><trkpt lat="48.7950374244" lon="1.9861483697" /><trkpt lat="48.7950374992" lon="1.9861484448" /><trkpt lat="48.7950375748" lon="1.9861485201" /><trkpt lat="48.7950376516" lon="1.9861485953" /><trkpt lat="48.7950377286" lon="1.9861486714" /><trkpt lat="48.7950378062" lon="1.9861487492" /><trkpt lat="48.7950378843" lon="1.9861488269" /><trkpt lat="48.7950379633" lon="1.9861489047" /><trkpt lat="48.7950380429" lon="1.9861489836" /><trkpt lat="48.7950381226" lon="1.9861490642" /><trkpt lat="48.7950382027" lon="1.986149145" /><trkpt lat="48.795038284" lon="1.9861492262" /><trkpt lat="48.7950383658" lon="1.9861493086" /><trkpt lat="48.7950384477" lon="1.9861493914" /><trkpt lat="48.7950385301" lon="1.9861494749" /><trkpt lat="48.7950386132" lon="1.9861495591" /><trkpt lat="48.7950386973" lon="1.9861496445" /><trkpt lat="48.7950387818" lon="1.9861497299" /><trkpt lat="48.7950388665" lon="1.9861498162" /><trkpt lat="48.7950389522" lon="1.9861499022" /><trkpt lat="48.7950390389" lon="1.9861499892" /><trkpt lat="48.7950391257" lon="1.9861500765" /><trkpt lat="48.7950392133" lon="1.986150165" /><trkpt lat="48.7950393014" lon="1.986150253" /><trkpt lat="48.795039391" lon="1.9861503409" /><trkpt lat="48.7950394802" lon="1.9861504313" /><trkpt lat="48.7950395704" lon="1.9861505221" /><trkpt lat="48.7950396609" lon="1.9861506134" /><trkpt lat="48.7950397525" lon="1.9861507047" /><trkpt lat="48.7950398448" lon="1.9861507977" /><trkpt lat="48.7950399371" lon="1.9861508907" /><trkpt lat="48.7950400305" lon="1.986150985" /><trkpt lat="48.7950401242" lon="1.9861510799" /><trkpt lat="48.7950402184" lon="1.9861511762" /><trkpt lat="48.7950403135" lon="1.9861512727" /><trkpt lat="48.7950404092" lon="1.986151369" /><trkpt lat="48.795040506" lon="1.9861514651" /><trkpt lat="48.7950406035" lon="1.9861515639" /><trkpt lat="48.7950407009" lon="1.9861516627" /><trkpt lat="48.7950407992" lon="1.9861517619" /><trkpt lat="48.7950408989" lon="1.9861518616" /><trkpt lat="48.7950409995" lon="1.986151961" /><trkpt lat="48.7950410997" lon="1.9861520627" /><trkpt lat="48.7950412007" lon="1.9861521651" /><trkpt lat="48.795041303" lon="1.9861522675" /><trkpt lat="48.7950414061" lon="1.9861523697" /><trkpt lat="48.7950415094" lon="1.9861524733" /><trkpt lat="48.7950416133" lon="1.9861525778" /><trkpt lat="48.7950417179" lon="1.9861526836" /><trkpt lat="48.7950418235" lon="1.9861527891" /><trkpt lat="48.7950419297" lon="1.9861528963" /><trkpt lat="48.795042036" lon="1.9861530039" /><trkpt lat="48.795042143" lon="1.9861531124" /><trkpt lat="48.7950422513" lon="1.9861532224" /><trkpt lat="48.79504236" lon="1.9861533319" /><trkpt lat="48.7950424691" lon="1.9861534426" /><trkpt lat="48.7950425782" lon="1.986153553" /><trkpt lat="48.7950426891" lon="1.9861536657" /><trkpt lat="48.7950428006" lon="1.986153777" /><trkpt lat="48.7950429127" lon="1.9861538896" /><trkpt lat="48.7950430255" lon="1.9861540023" /><trkpt lat="48.7950431391" lon="1.9861541166" /><trkpt lat="48.7950432531" lon="1.9861542309" /><trkpt lat="48.7950433679" lon="1.9861543463" /><trkpt lat="48.7950434834" lon="1.9861544626" /><trkpt lat="48.7950435991" lon="1.9861545791" /><trkpt lat="48.7950437156" lon="1.9861546973" /><trkpt lat="48.7950438332" lon="1.986154816" /><trkpt lat="48.7950439515" lon="1.986154935" /><trkpt lat="48.7950440701" lon="1.9861550554" /><trkpt lat="48.7950441893" lon="1.9861551765" /><trkpt lat="48.7950443099" lon="1.9861552983" /><trkpt lat="48.7950444304" lon="1.9861554211" /><trkpt lat="48.7950445515" lon="1.9861555444" /><trkpt lat="48.7950446739" lon="1.986155669" /><trkpt lat="48.795044797" lon="1.9861557931" /><trkpt lat="48.7950449204" lon="1.986155918" /><trkpt lat="48.7950450446" lon="1.9861560435" /><trkpt lat="48.7950451685" lon="1.9861561706" /><trkpt lat="48.7950452929" lon="1.9861562984" /><trkpt lat="48.7950454182" lon="1.9861564261" /><trkpt lat="48.7950455444" lon="1.9861565526" /><trkpt lat="48.7950456709" lon="1.9861566818" /><trkpt lat="48.7950457979" lon="1.9861568119" /><trkpt lat="48.7950459256" lon="1.9861569423" /><trkpt lat="48.7950460539" lon="1.9861570719" /><trkpt lat="48.7950461836" lon="1.9861572039" /><trkpt lat="48.7950463133" lon="1.986157336" /><trkpt lat="48.7950464439" lon="1.9861574691" /><trkpt lat="48.7950465748" lon="1.9861576031" /><trkpt lat="48.7950467065" lon="1.9861577369" /><trkpt lat="48.7950468399" lon="1.9861578721" /><trkpt lat="48.7950469728" lon="1.9861580073" /><trkpt lat="48.7950471068" lon="1.9861581435" /><trkpt lat="48.7950472414" lon="1.9861582808" /><trkpt lat="48.7950473778" lon="1.9861584196" /><trkpt lat="48.7950475121" lon="1.9861585582" /><trkpt lat="48.7950476487" lon="1.9861586978" /><trkpt lat="48.7950477862" lon="1.9861588378" /><trkpt lat="48.7950479241" lon="1.9861589786" /><trkpt lat="48.7950480625" lon="1.9861591201" /><trkpt lat="48.7950482016" lon="1.9861592623" /><trkpt lat="48.795048342" lon="1.9861594051" /><trkpt lat="48.7950484827" lon="1.9861595489" /><trkpt lat="48.7950486238" lon="1.9861596919" /><trkpt lat="48.7950487661" lon="1.9861598371" /><trkpt lat="48.795048909" lon="1.9861599828" /><trkpt lat="48.7950490516" lon="1.9861601288" /><trkpt lat="48.7950491962" lon="1.9861602752" /><trkpt lat="48.7950493409" lon="1.9861604225" /><trkpt lat="48.7950494859" lon="1.986160572" /><trkpt lat="48.7950496318" lon="1.9861607212" /><trkpt lat="48.7950497785" lon="1.9861608703" /><trkpt lat="48.7950499265" lon="1.9861610207" /><trkpt lat="48.7950500743" lon="1.9861611731" /><trkpt lat="48.795050223" lon="1.986161325" /><trkpt lat="48.7950503726" lon="1.986161478" /><trkpt lat="48.7950505226" lon="1.9861616319" /><trkpt lat="48.7950506729" lon="1.9861617878" /><trkpt lat="48.7950508258" lon="1.9861619437" /><trkpt lat="48.7950509762" lon="1.9861620982" /><trkpt lat="48.7950511296" lon="1.9861622555" /><trkpt lat="48.7950512837" lon="1.9861624137" /><trkpt lat="48.7950514373" lon="1.9861625712" /><trkpt lat="48.7950515922" lon="1.9861627302" /><trkpt lat="48.7950517491" lon="1.9861628898" /><trkpt lat="48.7950519052" lon="1.9861630496" /><trkpt lat="48.7950520626" lon="1.9861632105" /><trkpt lat="48.7950522197" lon="1.9861633729" /><trkpt lat="48.7950523786" lon="1.9861635349" /><trkpt lat="48.7950525368" lon="1.9861637004" /><trkpt lat="48.7950526961" lon="1.9861638646" /><trkpt lat="48.7950528569" lon="1.9861640303" /><trkpt lat="48.7950530172" lon="1.9861641961" /><trkpt lat="48.7950531783" lon="1.9861643641" /><trkpt lat="48.7950533394" lon="1.9861645318" /><trkpt lat="48.7950535021" lon="1.9861646997" /><trkpt lat="48.7950536657" lon="1.9861648688" /><trkpt lat="48.7950538295" lon="1.9861650381" /><trkpt lat="48.7950539937" lon="1.9861652093" /><trkpt lat="48.7950541593" lon="1.9861653794" /><trkpt lat="48.7950543258" lon="1.9861655504" /><trkpt lat="48.795054494" lon="1.9861657216" /><trkpt lat="48.7950546599" lon="1.9861658941" /><trkpt lat="48.7950548279" lon="1.9861660674" /><trkpt lat="48.7950549976" lon="1.9861662406" /><trkpt lat="48.7950551679" lon="1.9861664145" /><trkpt lat="48.7950553378" lon="1.9861665898" /><trkpt lat="48.7950555087" lon="1.9861667659" /><trkpt lat="48.7950556804" lon="1.9861669433" /><trkpt lat="48.7950558529" lon="1.9861671206" /><trkpt lat="48.7950560261" lon="1.9861672988" /><trkpt lat="48.7950562003" lon="1.9861674772" /><trkpt lat="48.795056375" lon="1.9861676568" /><trkpt lat="48.7950565495" lon="1.9861678385" /><trkpt lat="48.7950567249" lon="1.9861680203" /><trkpt lat="48.7950569018" lon="1.9861682016" /><trkpt lat="48.7950570796" lon="1.9861683825" /><trkpt lat="48.7950572573" lon="1.986168566" /><trkpt lat="48.7950574359" lon="1.9861687512" /><trkpt lat="48.7950576146" lon="1.9861689354" /><trkpt lat="48.7950577952" lon="1.9861691226" /><trkpt lat="48.7950579757" lon="1.9861693077" /><trkpt lat="48.7950581561" lon="1.986169494" /><trkpt lat="48.795058338" lon="1.9861696817" /><trkpt lat="48.7950585203" lon="1.9861698698" /><trkpt lat="48.7950587035" lon="1.9861700599" /><trkpt lat="48.7950588868" lon="1.9861702481" /><trkpt lat="48.7950590705" lon="1.98617044" /><trkpt lat="48.7950592557" lon="1.9861706299" /><trkpt lat="48.7950594414" lon="1.9861708216" /><trkpt lat="48.7950596276" lon="1.986171014" /><trkpt lat="48.795059814" lon="1.9861712085" /><trkpt lat="48.7950600019" lon="1.9861714007" /><trkpt lat="48.7950601901" lon="1.9861715959" /><trkpt lat="48.7950603792" lon="1.9861717906" /><trkpt lat="48.7950605688" lon="1.9861719874" /><trkpt lat="48.7950607588" lon="1.9861721828" /><trkpt lat="48.7950609489" lon="1.9861723795" /><trkpt lat="48.7950611376" lon="1.9861725767" /><trkpt lat="48.7950613259" lon="1.9861727748" /><trkpt lat="48.7950615154" lon="1.9861729736" /><trkpt lat="48.7950617068" lon="1.9861731732" /><trkpt lat="48.7950618982" lon="1.9861733727" /><trkpt lat="48.7950620897" lon="1.9861735731" /><trkpt lat="48.7950622821" lon="1.9861737752" /><trkpt lat="48.7950624755" lon="1.9861739766" /><trkpt lat="48.79506267" lon="1.9861741808" /><trkpt lat="48.7950628648" lon="1.9861743831" /><trkpt lat="48.7950630593" lon="1.9861745885" /><trkpt lat="48.7950632546" lon="1.9861747937" /><trkpt lat="48.7950634518" lon="1.9861749989" /><trkpt lat="48.7950636489" lon="1.9861752068" /><trkpt lat="48.7950638473" lon="1.9861754134" /><trkpt lat="48.7950640441" lon="1.9861756212" /><trkpt lat="48.7950642431" lon="1.9861758298" /><trkpt lat="48.7950644437" lon="1.9861760407" /><trkpt lat="48.795064643" lon="1.9861762507" /><trkpt lat="48.795064843" lon="1.9861764615" /><trkpt lat="48.795065045" lon="1.9861766731" /><trkpt lat="48.7950652465" lon="1.9861768859" /><trkpt lat="48.7950654484" lon="1.9861770984" /><trkpt lat="48.7950656515" lon="1.9861773123" /><trkpt lat="48.7950658555" lon="1.9861775253" /><trkpt lat="48.7950660599" lon="1.9861777411" /><trkpt lat="48.7950662641" lon="1.9861779554" /><trkpt lat="48.7950664699" lon="1.986178172" /><trkpt lat="48.7950666767" lon="1.9861783889" /><trkpt lat="48.7950668839" lon="1.9861786054" /><trkpt lat="48.7950670907" lon="1.986178824" /><trkpt lat="48.7950673" lon="1.986179041" /><trkpt lat="48.7950675095" lon="1.986179261" /><trkpt lat="48.7950677188" lon="1.9861794814" /><trkpt lat="48.795067929" lon="1.9861797027" /><trkpt lat="48.7950681395" lon="1.9861799223" /><trkpt lat="48.7950683519" lon="1.9861801438" /><trkpt lat="48.7950685647" lon="1.9861803683" /><trkpt lat="48.7950687766" lon="1.9861805914" /><trkpt lat="48.7950689894" lon="1.9861808162" /><trkpt lat="48.7950692031" lon="1.986181042" /><trkpt lat="48.7950694193" lon="1.9861812676" /><trkpt lat="48.7950696339" lon="1.9861814949" /><trkpt lat="48.7950698489" lon="1.9861817224" /><trkpt lat="48.795070065" lon="1.9861819517" /><trkpt lat="48.7950702827" lon="1.9861821808" /><trkpt lat="48.7950704998" lon="1.9861824096" /><trkpt lat="48.7950707183" lon="1.9861826402" /><trkpt lat="48.7950709372" lon="1.9861828709" /><trkpt lat="48.7950711567" lon="1.9861831023" /><trkpt lat="48.7950713804" lon="1.9861833348" /><trkpt lat="48.7950715987" lon="1.9861835658" /><trkpt lat="48.7950718201" lon="1.9861837965" /><trkpt lat="48.7950720429" lon="1.9861840302" /><trkpt lat="48.7950722663" lon="1.986184264" /><trkpt lat="48.7950724886" lon="1.9861844988" /><trkpt lat="48.7950727127" lon="1.9861847354" /><trkpt lat="48.7950729378" lon="1.986184971" /><trkpt lat="48.7950731622" lon="1.986185209" /><trkpt lat="48.7950733875" lon="1.9861854474" /><trkpt lat="48.7950736126" lon="1.9861856871" /><trkpt lat="48.7950738386" lon="1.9861859268" /><trkpt lat="48.7950740661" lon="1.9861861664" /><trkpt lat="48.7950742933" lon="1.9861864077" /><trkpt lat="48.7950745191" lon="1.9861866504" /><trkpt lat="48.7950747486" lon="1.9861868922" /><trkpt lat="48.7950749784" lon="1.9861871347" /><trkpt lat="48.7950752068" lon="1.9861873767" /><trkpt lat="48.7950754369" lon="1.986187623" /><trkpt lat="48.7950756669" lon="1.986187866" /><trkpt lat="48.7950758998" lon="1.9861881084" /><trkpt lat="48.7950761311" lon="1.9861883543" /><trkpt lat="48.7950763628" lon="1.9861886003" /><trkpt lat="48.7950765958" lon="1.9861888454" /><trkpt lat="48.79507683" lon="1.9861890911" /><trkpt lat="48.7950770637" lon="1.9861893394" /><trkpt lat="48.7950772985" lon="1.9861895853" /><trkpt lat="48.7950775336" lon="1.9861898329" /><trkpt lat="48.7950777683" lon="1.9861900812" /><trkpt lat="48.7950780047" lon="1.986190332" /><trkpt lat="48.7950782404" lon="1.9861905812" /><trkpt lat="48.795078477" lon="1.9861908307" /><trkpt lat="48.795078715" lon="1.9861910804" /><trkpt lat="48.795078952" lon="1.9861913313" /><trkpt lat="48.7950791897" lon="1.9861915842" /><trkpt lat="48.7950794274" lon="1.986191837" /><trkpt lat="48.7950796675" lon="1.9861920881" /><trkpt lat="48.7950799065" lon="1.9861923399" /><trkpt lat="48.7950801462" lon="1.9861925945" /><trkpt lat="48.7950803858" lon="1.9861928484" /><trkpt lat="48.7950806266" lon="1.9861931035" /><trkpt lat="48.7950808671" lon="1.9861933592" /><trkpt lat="48.7950811083" lon="1.9861936135" /><trkpt lat="48.7950813504" lon="1.98619387" /><trkpt lat="48.7950815916" lon="1.9861941258" /><trkpt lat="48.795081835" lon="1.9861943837" /><trkpt lat="48.7950820776" lon="1.9861946391" /><trkpt lat="48.7950823203" lon="1.9861948969" /><trkpt lat="48.7950825646" lon="1.9861951553" /><trkpt lat="48.7950828105" lon="1.9861954164" /><trkpt lat="48.7950830599" lon="1.9861956766" /><trkpt lat="48.7950833103" lon="1.9861959377" /><trkpt lat="48.7950835607" lon="1.9861962017" /><trkpt lat="48.7950838091" lon="1.9861964662" /><trkpt lat="48.7950840606" lon="1.9861967298" /><trkpt lat="48.7950843112" lon="1.986196993" /><trkpt lat="48.7950845627" lon="1.9861972572" /><trkpt lat="48.7950848139" lon="1.9861975255" /><trkpt lat="48.7950850649" lon="1.9861977907" /><trkpt lat="48.7950853164" lon="1.9861980591" /><trkpt lat="48.7950855692" lon="1.9861983243" /><trkpt lat="48.7950858224" lon="1.9861985911" /><trkpt lat="48.7950860752" lon="1.986198859" /><trkpt lat="48.795086328" lon="1.9861991281" /><trkpt lat="48.7950865822" lon="1.986199394" /><trkpt lat="48.7950868361" lon="1.9861996649" /><trkpt lat="48.7950870911" lon="1.9861999329" /><trkpt lat="48.7950873454" lon="1.9862002016" /><trkpt lat="48.7950876011" lon="1.986200472" /><trkpt lat="48.7950878565" lon="1.9862007419" /><trkpt lat="48.7950881123" lon="1.9862010134" /><trkpt lat="48.7950883685" lon="1.9862012829" /><trkpt lat="48.7950886262" lon="1.9862015534" /><trkpt lat="48.795088883" lon="1.9862018264" /><trkpt lat="48.7950891402" lon="1.9862020983" /><trkpt lat="48.795089398" lon="1.9862023704" /><trkpt lat="48.7950896561" lon="1.9862026415" /><trkpt lat="48.7950899153" lon="1.9862029171" /><trkpt lat="48.7950901739" lon="1.9862031892" /><trkpt lat="48.7950904329" lon="1.9862034637" /><trkpt lat="48.7950906935" lon="1.9862037368" /><trkpt lat="48.7950909535" lon="1.9862040118" /><trkpt lat="48.7950912137" lon="1.9862042871" /><trkpt lat="48.7950914735" lon="1.9862045623" /><trkpt lat="48.795091734" lon="1.9862048387" /><trkpt lat="48.7950919958" lon="1.9862051151" /><trkpt lat="48.7950922567" lon="1.9862053926" /><trkpt lat="48.7950925179" lon="1.9862056682" /><trkpt lat="48.7950927795" lon="1.9862059452" /><trkpt lat="48.795093042" lon="1.986206224" /><trkpt lat="48.7950933035" lon="1.9862065013" /><trkpt lat="48.7950935658" lon="1.9862067809" /><trkpt lat="48.7950938287" lon="1.9862070589" /><trkpt lat="48.7950940914" lon="1.9862073375" /><trkpt lat="48.7950943551" lon="1.986207617" /><trkpt lat="48.7950946177" lon="1.9862078957" /><trkpt lat="48.7950948817" lon="1.9862081764" /><trkpt lat="48.795095145" lon="1.9862084591" /><trkpt lat="48.7950954089" lon="1.9862087361" /><trkpt lat="48.7950956735" lon="1.9862090215" /><trkpt lat="48.7950959384" lon="1.9862093013" /><trkpt lat="48.7950962016" lon="1.986209584" /><trkpt lat="48.7950964668" lon="1.9862098671" /><trkpt lat="48.7950967329" lon="1.9862101516" /><trkpt lat="48.7950969974" lon="1.9862104337" /><trkpt lat="48.7950972623" lon="1.9862107168" /><trkpt lat="48.7950975298" lon="1.9862110005" /><trkpt lat="48.7950977957" lon="1.9862112853" /><trkpt lat="48.7950980619" lon="1.9862115709" /><trkpt lat="48.795098329" lon="1.9862118542" /><trkpt lat="48.7950985965" lon="1.98621214" /><trkpt lat="48.7950988648" lon="1.9862124248" /><trkpt lat="48.7950991322" lon="1.9862127102" /><trkpt lat="48.7950994002" lon="1.9862129968" /><trkpt lat="48.7950996693" lon="1.9862132829" /><trkpt lat="48.795099938" lon="1.9862135711" /><trkpt lat="48.7951002065" lon="1.9862138546" /><trkpt lat="48.7951004757" lon="1.9862141415" /><trkpt lat="48.7951007456" lon="1.9862144296" /><trkpt lat="48.7951010145" lon="1.9862147155" /><trkpt lat="48.7951012847" lon="1.9862150033" /><trkpt lat="48.7951015558" lon="1.9862152905" /><trkpt lat="48.7951018247" lon="1.9862155798" /><trkpt lat="48.7951020963" lon="1.9862158671" /><trkpt lat="48.7951023664" lon="1.9862161541" /><trkpt lat="48.7951026369" lon="1.9862164442" /><trkpt lat="48.7951029077" lon="1.9862167358" /><trkpt lat="48.7951031801" lon="1.9862170228" /><trkpt lat="48.7951034496" lon="1.9862173151" /><trkpt lat="48.7951037214" lon="1.9862176079" /><trkpt lat="48.7951039926" lon="1.9862179011" /><trkpt lat="48.7951042637" lon="1.9862181925" /><trkpt lat="48.7951045358" lon="1.9862184869" /><trkpt lat="48.7951048081" lon="1.9862187807" /><trkpt lat="48.7951050794" lon="1.9862190743" /><trkpt lat="48.7951053521" lon="1.9862193687" /><trkpt lat="48.7951056257" lon="1.9862196635" /><trkpt lat="48.7951058984" lon="1.986219958" /><trkpt lat="48.7951061729" lon="1.9862202528" /><trkpt lat="48.795106447" lon="1.9862205487" /><trkpt lat="48.7951069962" lon="1.9862211373" /><trkpt lat="48.7951072719" lon="1.9862214334" /><trkpt lat="48.795107547" lon="1.986221727" /><trkpt lat="48.7951078228" lon="1.9862220243" /><trkpt lat="48.7951081" lon="1.9862223191" /><trkpt lat="48.795108375" lon="1.9862226157" /><trkpt lat="48.7951086525" lon="1.9862229094" /><trkpt lat="48.7951089291" lon="1.9862232078" /><trkpt lat="48.7951092051" lon="1.9862235046" /><trkpt lat="48.795109481" lon="1.9862238028" /><trkpt lat="48.7951097579" lon="1.9862241011" /><trkpt lat="48.7951100342" lon="1.9862243997" /><trkpt lat="48.7951103108" lon="1.9862246983" /><trkpt lat="48.7951105881" lon="1.9862249977" /><trkpt lat="48.7951108644" lon="1.9862252967" /><trkpt lat="48.7951111423" lon="1.9862255969" /><trkpt lat="48.7951114196" lon="1.9862258973" /><trkpt lat="48.7951116974" lon="1.9862261966" /><trkpt lat="48.7951119753" lon="1.9862265001" /><trkpt lat="48.7951122538" lon="1.9862267996" /><trkpt lat="48.7951125315" lon="1.9862271027" /><trkpt lat="48.7951128107" lon="1.9862274028" /><trkpt lat="48.7951130891" lon="1.9862277064" /><trkpt lat="48.795113368" lon="1.98622801" /><trkpt lat="48.7951136472" lon="1.9862283118" /><trkpt lat="48.795113927" lon="1.9862286162" /><trkpt lat="48.7951142069" lon="1.9862289195" /><trkpt lat="48.795114487" lon="1.9862292222" /><trkpt lat="48.7951147674" lon="1.9862295265" /><trkpt lat="48.7951150478" lon="1.9862298303" /><trkpt lat="48.7951153289" lon="1.9862301341" /><trkpt lat="48.7951156101" lon="1.9862304387" /><trkpt lat="48.7951158903" lon="1.9862307435" /><trkpt lat="48.7951161722" lon="1.986231048" /><trkpt lat="48.7951164538" lon="1.9862313534" /><trkpt lat="48.7951167357" lon="1.9862316586" /><trkpt lat="48.7951170175" lon="1.9862319648" /><trkpt lat="48.7951172993" lon="1.9862322712" /><trkpt lat="48.7951175821" lon="1.9862325789" /><trkpt lat="48.7951178644" lon="1.986232884" /><trkpt lat="48.7951181471" lon="1.9862331933" /><trkpt lat="48.7951184306" lon="1.9862335001" /><trkpt lat="48.7951187126" lon="1.9862338069" /><trkpt lat="48.7951189973" lon="1.986234115" /><trkpt lat="48.7951192809" lon="1.9862344243" /><trkpt lat="48.7951195648" lon="1.986234732" /><trkpt lat="48.7951198495" lon="1.9862350397" /><trkpt lat="48.7951201333" lon="1.9862353499" /><trkpt lat="48.7951204185" lon="1.9862356594" /><trkpt lat="48.7951207027" lon="1.9862359696" /><trkpt lat="48.7951209887" lon="1.9862362789" /><trkpt lat="48.7951212745" lon="1.9862365899" /><trkpt lat="48.7951215599" lon="1.9862369005" /><trkpt lat="48.7951218458" lon="1.9862372119" /><trkpt lat="48.7951221329" lon="1.9862375227" /><trkpt lat="48.7951224192" lon="1.9862378359" /><trkpt lat="48.795122706" lon="1.9862381458" /><trkpt lat="48.7951229944" lon="1.9862384577" /><trkpt lat="48.7951232817" lon="1.9862387696" /><trkpt lat="48.7951235693" lon="1.9862390815" /><trkpt lat="48.7951238575" lon="1.9862393935" /><trkpt lat="48.7951241459" lon="1.9862397069" /><trkpt lat="48.7951244337" lon="1.9862400204" /><trkpt lat="48.7951247223" lon="1.9862403328" /><trkpt lat="48.7951250113" lon="1.9862406479" /><trkpt lat="48.7951252992" lon="1.9862409611" /><trkpt lat="48.7951255902" lon="1.9862412761" /><trkpt lat="48.7951258769" lon="1.9862415892" /><trkpt lat="48.795126168" lon="1.9862419048" /><trkpt lat="48.7951264574" lon="1.9862422188" /><trkpt lat="48.7951267472" lon="1.9862425333" /><trkpt lat="48.7951270374" lon="1.9862428495" /><trkpt lat="48.7951273282" lon="1.986243163" /><trkpt lat="48.795127619" lon="1.986243479" /><trkpt lat="48.7951279104" lon="1.986243793" /><trkpt lat="48.7951282024" lon="1.9862441087" /><trkpt lat="48.7951284938" lon="1.9862444238" /><trkpt lat="48.7951287852" lon="1.9862447404" /><trkpt lat="48.7951290782" lon="1.9862450561" /><trkpt lat="48.7951293708" lon="1.9862453722" /><trkpt lat="48.7951296627" lon="1.9862456881" /><trkpt lat="48.7951299555" lon="1.9862460068" /><trkpt lat="48.7951302471" lon="1.9862463251" /><trkpt lat="48.795130541" lon="1.9862466412" /><trkpt lat="48.7951308347" lon="1.9862469607" /><trkpt lat="48.7951311265" lon="1.9862472812" /><trkpt lat="48.79513142" lon="1.9862475992" /><trkpt lat="48.7951317134" lon="1.9862479185" /><trkpt lat="48.7951320069" lon="1.9862482365" /><trkpt lat="48.7951323026" lon="1.9862485582" /><trkpt lat="48.7951325957" lon="1.9862488776" /><trkpt lat="48.7951328909" lon="1.986249197" /><trkpt lat="48.7951331866" lon="1.986249519" /><trkpt lat="48.7951334818" lon="1.9862498383" /><trkpt lat="48.7951337772" lon="1.9862501573" /><trkpt lat="48.7951340726" lon="1.9862504777" /><trkpt lat="48.7951343698" lon="1.9862507995" /><trkpt lat="48.7951346656" lon="1.9862511196" /><trkpt lat="48.7951349626" lon="1.9862514401" /><trkpt lat="48.7951352592" lon="1.98625176" /><trkpt lat="48.7951355562" lon="1.9862520796" /><trkpt lat="48.795135855" lon="1.9862524025" /><trkpt lat="48.7951361517" lon="1.9862527227" /><trkpt lat="48.795136449" lon="1.9862530444" /><trkpt lat="48.7951367474" lon="1.9862533675" /><trkpt lat="48.795137046" lon="1.9862536912" /><trkpt lat="48.7951373427" lon="1.9862540134" /><trkpt lat="48.7951376413" lon="1.9862543373" /><trkpt lat="48.795137941" lon="1.9862546582" /><trkpt lat="48.7951382401" lon="1.986254982" /><trkpt lat="48.7951385406" lon="1.9862553051" /><trkpt lat="48.7951388381" lon="1.9862556274" /><trkpt lat="48.7951391393" lon="1.9862559528" /><trkpt lat="48.7951394407" lon="1.9862562739" /><trkpt lat="48.7951397398" lon="1.9862565964" /><trkpt lat="48.7951400412" lon="1.9862569205" /><trkpt lat="48.7951403429" lon="1.9862572454" /><trkpt lat="48.7951406437" lon="1.9862575699" /><trkpt lat="48.7951409456" lon="1.9862578927" /><trkpt lat="48.7951412474" lon="1.9862582199" /><trkpt lat="48.7951415488" lon="1.9862585434" /><trkpt lat="48.7951418517" lon="1.9862588689" /><trkpt lat="48.7951421531" lon="1.9862591952" /><trkpt lat="48.7951424558" lon="1.9862595212" /><trkpt lat="48.7951427582" lon="1.9862598499" /><trkpt lat="48.7951430612" lon="1.9862601764" /><trkpt lat="48.7951433642" lon="1.9862605004" /><trkpt lat="48.795143668" lon="1.986260827" /><trkpt lat="48.7951439707" lon="1.986261156" /><trkpt lat="48.7951442746" lon="1.9862614802" /><trkpt lat="48.7951445799" lon="1.9862618066" /><trkpt lat="48.7951448838" lon="1.9862621332" /><trkpt lat="48.7951451885" lon="1.9862624606" /><trkpt lat="48.7951454943" lon="1.9862627872" /><trkpt lat="48.7951457989" lon="1.9862631146" /><trkpt lat="48.795146104" lon="1.9862634432" /><trkpt lat="48.7951464095" lon="1.9862637721" /><trkpt lat="48.7951467154" lon="1.9862641" /><trkpt lat="48.7951470205" lon="1.9862644275" /><trkpt lat="48.7951473282" lon="1.9862647586" /><trkpt lat="48.7951476337" lon="1.9862650879" /><trkpt lat="48.7951479406" lon="1.9862654158" /><trkpt lat="48.7951482477" lon="1.9862657457" /><trkpt lat="48.7951485545" lon="1.9862660776" /><trkpt lat="48.7951488622" lon="1.9862664082" /><trkpt lat="48.7951491686" lon="1.9862667373" /><trkpt lat="48.7951494774" lon="1.9862670677" /><trkpt lat="48.7951497862" lon="1.9862673998" /><trkpt lat="48.7951500931" lon="1.9862677313" /><trkpt lat="48.7951504028" lon="1.9862680601" /><trkpt lat="48.7951507121" lon="1.9862683934" /><trkpt lat="48.795151021" lon="1.9862687237" /><trkpt lat="48.7951513307" lon="1.9862690553" /><trkpt lat="48.7951516395" lon="1.9862693873" /><trkpt lat="48.7951519499" lon="1.9862697191" /><trkpt lat="48.7951522598" lon="1.9862700547" /><trkpt lat="48.7951525692" lon="1.9862703852" /><trkpt lat="48.7951528787" lon="1.9862707195" /><trkpt lat="48.7951531904" lon="1.9862710546" /><trkpt lat="48.7951535002" lon="1.9862713878" /><trkpt lat="48.7951538113" lon="1.9862717203" /><trkpt lat="48.7951541225" lon="1.986272055" /><trkpt lat="48.7951544342" lon="1.9862723893" /><trkpt lat="48.7951547458" lon="1.9862727217" /><trkpt lat="48.7951550577" lon="1.9862730568" /><trkpt lat="48.79515537" lon="1.9862733912" /><trkpt lat="48.7951556828" lon="1.9862737241" /><trkpt lat="48.7951559949" lon="1.9862740578" /><trkpt lat="48.7951563076" lon="1.9862743924" /><trkpt lat="48.7951566206" lon="1.9862747302" /><trkpt lat="48.7951569331" lon="1.986275065" /><trkpt lat="48.7951572468" lon="1.9862753999" /><trkpt lat="48.79515756" lon="1.9862757381" /><trkpt lat="48.7951578724" lon="1.9862760778" /><trkpt lat="48.7951581851" lon="1.9862764145" /><trkpt lat="48.7951584999" lon="1.986276753" /><trkpt lat="48.7951588135" lon="1.9862770926" /><trkpt lat="48.7951591272" lon="1.9862774311" /><trkpt lat="48.7951594415" lon="1.98627777" /><trkpt lat="48.7951597562" lon="1.9862781079" /><trkpt lat="48.7951600722" lon="1.9862784455" /><trkpt lat="48.7951603861" lon="1.9862787861" /><trkpt lat="48.7951607031" lon="1.9862791223" /><trkpt lat="48.7951610185" lon="1.986279463" /><trkpt lat="48.7951613336" lon="1.9862798012" /><trkpt lat="48.7951616512" lon="1.9862801397" /><trkpt lat="48.795161968" lon="1.9862804796" /><trkpt lat="48.7951622837" lon="1.986280818" /><trkpt lat="48.7951626023" lon="1.9862811572" /><trkpt lat="48.7951629191" lon="1.9862814969" /><trkpt lat="48.7951632366" lon="1.9862818369" /><trkpt lat="48.7951635534" lon="1.9862821792" /><trkpt lat="48.7951638719" lon="1.9862825202" /><trkpt lat="48.7951641904" lon="1.9862828603" /><trkpt lat="48.7951645087" lon="1.9862832012" /><trkpt lat="48.7951648262" lon="1.986283544" /><trkpt lat="48.7951651452" lon="1.9862838854" /><trkpt lat="48.7951654647" lon="1.9862842282" /><trkpt lat="48.7951657844" lon="1.9862845699" /><trkpt lat="48.7951661025" lon="1.9862849109" /><trkpt lat="48.7951664232" lon="1.986285257" /><trkpt lat="48.7951667425" lon="1.9862855977" /><trkpt lat="48.7951670627" lon="1.9862859424" /><trkpt lat="48.7951673823" lon="1.9862862886" /><trkpt lat="48.795167703" lon="1.986286631" /><trkpt lat="48.7951680231" lon="1.9862869761" /><trkpt lat="48.7951683441" lon="1.9862873205" /><trkpt lat="48.795168666" lon="1.9862876682" /><trkpt lat="48.7951689861" lon="1.9862880116" /><trkpt lat="48.7951693074" lon="1.9862883577" /><trkpt lat="48.7951696282" lon="1.9862887048" /><trkpt lat="48.7951699505" lon="1.9862890523" /><trkpt lat="48.7951702711" lon="1.9862893977" /><trkpt lat="48.7951705927" lon="1.9862897435" /><trkpt lat="48.7951709146" lon="1.9862900925" /><trkpt lat="48.7951712372" lon="1.98629044" /><trkpt lat="48.79517156" lon="1.9862907885" /><trkpt lat="48.7951718813" lon="1.9862911326" /><trkpt lat="48.7951722048" lon="1.9862914825" /><trkpt lat="48.7951725277" lon="1.98629183" /><trkpt lat="48.7951728492" lon="1.9862921801" /><trkpt lat="48.795173173" lon="1.9862925289" /><trkpt lat="48.7951734974" lon="1.9862928788" /><trkpt lat="48.7951738196" lon="1.9862932285" /><trkpt lat="48.7951741424" lon="1.9862935793" /><trkpt lat="48.7951744669" lon="1.9862939303" /><trkpt lat="48.7951747911" lon="1.9862942814" /><trkpt lat="48.7951751142" lon="1.9862946323" /><trkpt lat="48.7951754392" lon="1.9862949856" /><trkpt lat="48.795175763" lon="1.9862953383" /><trkpt lat="48.7951760873" lon="1.98629569" /><trkpt lat="48.7951764127" lon="1.9862960403" /><trkpt lat="48.795176737" lon="1.9862963943" /><trkpt lat="48.7951770628" lon="1.986296749" /><trkpt lat="48.7951773874" lon="1.9862970989" /><trkpt lat="48.7951777133" lon="1.9862974521" /><trkpt lat="48.7951780388" lon="1.9862978074" /><trkpt lat="48.7951783646" lon="1.9862981606" /><trkpt lat="48.795178691" lon="1.9862985144" /><trkpt lat="48.7951790171" lon="1.9862988704" /><trkpt lat="48.7951793431" lon="1.9862992246" /><trkpt lat="48.7951796693" lon="1.9862995774" /><trkpt lat="48.7951799967" lon="1.986299934" /><trkpt lat="48.7951803239" lon="1.9863002887" /><trkpt lat="48.7951806511" lon="1.9863006409" /><trkpt lat="48.7951809791" lon="1.986300996" /><trkpt lat="48.7951813067" lon="1.9863013507" /><trkpt lat="48.7951816353" lon="1.9863017048" /><trkpt lat="48.7951819633" lon="1.9863020592" /><trkpt lat="48.7951822925" lon="1.9863024142" /><trkpt lat="48.7951826199" lon="1.9863027694" /><trkpt lat="48.7951829488" lon="1.9863031244" /><trkpt lat="48.7951832783" lon="1.9863034821" /><trkpt lat="48.7951836058" lon="1.9863038382" /><trkpt lat="48.7951839355" lon="1.9863041943" /><trkpt lat="48.7951842651" lon="1.9863045503" /><trkpt lat="48.7951845933" lon="1.9863049081" /><trkpt lat="48.7951849223" lon="1.9863052641" /><trkpt lat="48.7951852522" lon="1.9863056201" /><trkpt lat="48.7951855815" lon="1.9863059769" /><trkpt lat="48.7951859112" lon="1.9863063338" /><trkpt lat="48.7951862402" lon="1.9863066893" /><trkpt lat="48.7951865692" lon="1.9863070473" /><trkpt lat="48.7951868989" lon="1.9863074028" /><trkpt lat="48.7951872284" lon="1.9863077612" /><trkpt lat="48.7951875577" lon="1.9863081174" /><trkpt lat="48.7951878875" lon="1.9863084753" /><trkpt lat="48.795188218" lon="1.9863088314" /><trkpt lat="48.7951885467" lon="1.9863091884" /><trkpt lat="48.7951888769" lon="1.9863095459" /><trkpt lat="48.7951892067" lon="1.9863099034" /><trkpt lat="48.7951895361" lon="1.9863102614" /><trkpt lat="48.7951898666" lon="1.9863106173" /><trkpt lat="48.7951901965" lon="1.9863109759" /><trkpt lat="48.7951905261" lon="1.9863113316" /><trkpt lat="48.7951908558" lon="1.9863116892" /><trkpt lat="48.7951911861" lon="1.9863120475" /><trkpt lat="48.7951915164" lon="1.9863124049" /><trkpt lat="48.7951918455" lon="1.9863127607" /><trkpt lat="48.7951921752" lon="1.9863131184" /><trkpt lat="48.7951925067" lon="1.9863134766" /><trkpt lat="48.7951928366" lon="1.9863138343" /><trkpt lat="48.7951931665" lon="1.9863141912" /><trkpt lat="48.795193496" lon="1.9863145495" /><trkpt lat="48.7951938268" lon="1.9863149077" /><trkpt lat="48.7951941552" lon="1.9863152649" /><trkpt lat="48.7951944851" lon="1.986315625" /><trkpt lat="48.7951948151" lon="1.9863159807" /><trkpt lat="48.7951951453" lon="1.9863163399" /><trkpt lat="48.7951954741" lon="1.9863166964" /><trkpt lat="48.7951958038" lon="1.9863170546" /><trkpt lat="48.7951961347" lon="1.9863174122" /><trkpt lat="48.7951964638" lon="1.9863177683" /><trkpt lat="48.7951967939" lon="1.9863181254" /><trkpt lat="48.7951971242" lon="1.9863184829" /><trkpt lat="48.7951974547" lon="1.9863188387" /><trkpt lat="48.7951977838" lon="1.9863191967" /><trkpt lat="48.7951981138" lon="1.9863195536" /><trkpt lat="48.795198443" lon="1.9863199123" /><trkpt lat="48.7951987721" lon="1.9863202683" /><trkpt lat="48.7951991014" lon="1.9863206281" /><trkpt lat="48.7951994313" lon="1.9863209854" /><trkpt lat="48.7951997589" lon="1.9863213437" /><trkpt lat="48.7952000886" lon="1.9863217019" /><trkpt lat="48.7952004186" lon="1.9863220601" /><trkpt lat="48.795200747" lon="1.9863224159" /><trkpt lat="48.7952010754" lon="1.9863227725" /><trkpt lat="48.7952014051" lon="1.9863231296" /><trkpt lat="48.7952017346" lon="1.986323485" /><trkpt lat="48.7952020636" lon="1.9863238388" /><trkpt lat="48.7952023921" lon="1.9863241957" /><trkpt lat="48.7952027219" lon="1.986324551" /><trkpt lat="48.7952030516" lon="1.986324904" /><trkpt lat="48.7952033795" lon="1.9863252605" /><trkpt lat="48.7952037094" lon="1.9863256162" /><trkpt lat="48.7952040357" lon="1.9863259717" /><trkpt lat="48.795204365" lon="1.9863263285" /><trkpt lat="48.795204692" lon="1.9863266854" /><trkpt lat="48.7952050211" lon="1.9863270407" /><trkpt lat="48.7952053472" lon="1.9863273986" /><trkpt lat="48.7952056753" lon="1.9863277535" /><trkpt lat="48.7952060025" lon="1.9863281105" /><trkpt lat="48.7952063306" lon="1.9863284651" /><trkpt lat="48.7952066584" lon="1.9863288222" /><trkpt lat="48.7952069854" lon="1.9863291736" /><trkpt lat="48.795207313" lon="1.9863295313" /><trkpt lat="48.7952076406" lon="1.9863298831" /><trkpt lat="48.7952079688" lon="1.9863302398" /><trkpt lat="48.7952082957" lon="1.986330594" /><trkpt lat="48.7952086234" lon="1.9863309471" /><trkpt lat="48.7952089506" lon="1.9863313019" /><trkpt lat="48.7952092774" lon="1.9863316569" /><trkpt lat="48.795209605" lon="1.9863320137" /><trkpt lat="48.7952099321" lon="1.9863323658" /><trkpt lat="48.7952102583" lon="1.9863327221" /><trkpt lat="48.7952105851" lon="1.9863330738" /><trkpt lat="48.7952109121" lon="1.9863334278" /><trkpt lat="48.795211238" lon="1.9863337794" /><trkpt lat="48.7952115634" lon="1.9863341348" /><trkpt lat="48.795211891" lon="1.9863344858" /><trkpt lat="48.7952122169" lon="1.9863348375" /><trkpt lat="48.7952125436" lon="1.9863351888" /><trkpt lat="48.7952128705" lon="1.986335542" /><trkpt lat="48.7952131958" lon="1.9863358931" /><trkpt lat="48.7952135209" lon="1.986336244" /><trkpt lat="48.7952138471" lon="1.9863365983" /><trkpt lat="48.7952141723" lon="1.9863369492" /><trkpt lat="48.7952144986" lon="1.9863373024" /><trkpt lat="48.7952148225" lon="1.9863376541" /><trkpt lat="48.7952151474" lon="1.9863380066" /><trkpt lat="48.7952154734" lon="1.9863383593" /><trkpt lat="48.7952157977" lon="1.9863387094" /><trkpt lat="48.7952161234" lon="1.9863390614" /><trkpt lat="48.7952164481" lon="1.9863394119" /><trkpt lat="48.7952167727" lon="1.9863397633" /><trkpt lat="48.795217097" lon="1.9863401119" /><trkpt lat="48.7952174234" lon="1.9863404607" /><trkpt lat="48.7952177468" lon="1.9863408137" /><trkpt lat="48.7952180708" lon="1.9863411614" /><trkpt lat="48.7952183946" lon="1.9863415113" /><trkpt lat="48.7952187178" lon="1.9863418609" /><trkpt lat="48.7952190416" lon="1.986342212" /><trkpt lat="48.795219365" lon="1.986342561" /><trkpt lat="48.7952196867" lon="1.9863429127" /><trkpt lat="48.7952200095" lon="1.9863432626" /><trkpt lat="48.7952203326" lon="1.9863436124" /><trkpt lat="48.7952206555" lon="1.9863439623" /><trkpt lat="48.7952209792" lon="1.9863443099" /><trkpt lat="48.7952213017" lon="1.9863446594" /><trkpt lat="48.7952216251" lon="1.9863450061" /><trkpt lat="48.7952219472" lon="1.9863453539" /><trkpt lat="48.7952222706" lon="1.9863457022" /><trkpt lat="48.7952225934" lon="1.9863460484" /><trkpt lat="48.7952229174" lon="1.9863463974" /><trkpt lat="48.795223239" lon="1.9863467416" /><trkpt lat="48.7952235614" lon="1.9863470906" /><trkpt lat="48.7952238833" lon="1.9863474395" /><trkpt lat="48.7952242046" lon="1.9863477869" /><trkpt lat="48.7952245263" lon="1.9863481372" /><trkpt lat="48.7952248443" lon="1.9863484883" /><trkpt lat="48.7952251657" lon="1.9863488354" /><trkpt lat="48.7952254862" lon="1.9863491858" /><trkpt lat="48.795225806" lon="1.9863495353" /><trkpt lat="48.7952261266" lon="1.9863498832" /><trkpt lat="48.7952264473" lon="1.986350232" /><trkpt lat="48.795226767" lon="1.9863505791" /><trkpt lat="48.7952270874" lon="1.986350927" /><trkpt lat="48.7952274094" lon="1.9863512719" /><trkpt lat="48.7952277297" lon="1.9863516183" /><trkpt lat="48.7952280499" lon="1.9863519646" /><trkpt lat="48.7952283693" lon="1.9863523108" /><trkpt lat="48.7952286905" lon="1.986352656" /><trkpt lat="48.7952290105" lon="1.9863530002" /><trkpt lat="48.7952293305" lon="1.9863533461" /><trkpt lat="48.7952296507" lon="1.9863536909" /><trkpt lat="48.7952299696" lon="1.986354038" /><trkpt lat="48.7952302894" lon="1.9863543808" /><trkpt lat="48.7952306085" lon="1.9863547275" /><trkpt lat="48.7952309278" lon="1.9863550705" /><trkpt lat="48.795231247" lon="1.9863554186" /><trkpt lat="48.7952315668" lon="1.98635576" /><trkpt lat="48.7952318848" lon="1.9863561055" /><trkpt lat="48.795232203" lon="1.9863564504" /><trkpt lat="48.795232521" lon="1.9863567924" /><trkpt lat="48.7952328392" lon="1.9863571379" /><trkpt lat="48.7952331575" lon="1.9863574802" /><trkpt lat="48.7952334752" lon="1.9863578235" /><trkpt lat="48.7952337912" lon="1.9863581661" /><trkpt lat="48.7952341089" lon="1.9863585079" /><trkpt lat="48.7952344237" lon="1.9863588531" /><trkpt lat="48.7952347402" lon="1.9863591955" /><trkpt lat="48.7952350551" lon="1.9863595374" /><trkpt lat="48.7952353715" lon="1.9863598789" /><trkpt lat="48.7952356865" lon="1.9863602221" /><trkpt lat="48.7952360028" lon="1.9863605643" /><trkpt lat="48.7952363171" lon="1.9863609048" /><trkpt lat="48.7952366325" lon="1.9863612475" /><trkpt lat="48.795236948" lon="1.9863615902" /><trkpt lat="48.7952372633" lon="1.9863619289" /><trkpt lat="48.7952375772" lon="1.9863622736" /><trkpt lat="48.7952378924" lon="1.9863626145" /><trkpt lat="48.7952382069" lon="1.9863629545" /><trkpt lat="48.7952385204" lon="1.9863632961" /><trkpt lat="48.7952388348" lon="1.9863636379" /><trkpt lat="48.7952391491" lon="1.9863639806" /><trkpt lat="48.7952394618" lon="1.9863643193" /><trkpt lat="48.7952397755" lon="1.986364662" /><trkpt lat="48.7952400891" lon="1.9863650026" /><trkpt lat="48.7952404014" lon="1.9863653416" /><trkpt lat="48.795240716" lon="1.9863656833" /><trkpt lat="48.7952410286" lon="1.9863660227" /><trkpt lat="48.7952413422" lon="1.9863663623" /><trkpt lat="48.7952416552" lon="1.9863667011" /><trkpt lat="48.7952419691" lon="1.9863670395" /><trkpt lat="48.7952422829" lon="1.9863673793" /><trkpt lat="48.7952425946" lon="1.9863677174" /><trkpt lat="48.7952429081" lon="1.986368056" /><trkpt lat="48.7952432208" lon="1.9863683934" /><trkpt lat="48.7952435326" lon="1.9863687315" /><trkpt lat="48.7952438449" lon="1.9863690709" /><trkpt lat="48.7952441574" lon="1.9863694108" /><trkpt lat="48.7952444689" lon="1.9863697493" /><trkpt lat="48.7952447787" lon="1.9863700882" /><trkpt lat="48.7952450906" lon="1.9863704296" /><trkpt lat="48.795245401" lon="1.986370769" /><trkpt lat="48.7952457109" lon="1.9863711087" /><trkpt lat="48.7952460213" lon="1.9863714481" /><trkpt lat="48.7952463312" lon="1.9863717871" /><trkpt lat="48.7952466421" lon="1.986372126" /><trkpt lat="48.7952469517" lon="1.9863724617" /><trkpt lat="48.7952472627" lon="1.9863727998" /><trkpt lat="48.7952475727" lon="1.9863731331" /><trkpt lat="48.795247884" lon="1.9863734701" /><trkpt lat="48.7952481943" lon="1.9863738033" /><trkpt lat="48.7952485049" lon="1.9863741387" /><trkpt lat="48.7952488153" lon="1.9863744718" /><trkpt lat="48.7952491247" lon="1.9863748062" /><trkpt lat="48.7952494352" lon="1.9863751412" /><trkpt lat="48.7952497438" lon="1.9863754748" /><trkpt lat="48.7952500531" lon="1.9863758099" /><trkpt lat="48.7952503618" lon="1.9863761445" /><trkpt lat="48.7952506713" lon="1.9863764786" /><trkpt lat="48.7952509786" lon="1.9863768146" /><trkpt lat="48.7952512873" lon="1.9863771482" /><trkpt lat="48.7952515955" lon="1.9863774836" /><trkpt lat="48.795251903" lon="1.9863778171" /><trkpt lat="48.7952522118" lon="1.9863781512" /><trkpt lat="48.7952525179" lon="1.9863784855" /><trkpt lat="48.7952528261" lon="1.986378818" /><trkpt lat="48.7952531344" lon="1.9863791534" /><trkpt lat="48.7952534403" lon="1.9863794848" /><trkpt lat="48.7952537483" lon="1.9863798189" /><trkpt lat="48.7952540566" lon="1.9863801516" /><trkpt lat="48.7952543613" lon="1.9863804849" /><trkpt lat="48.7952546687" lon="1.9863808163" /><trkpt lat="48.7952549753" lon="1.9863811513" /><trkpt lat="48.7952552822" lon="1.9863814837" /><trkpt lat="48.7952555868" lon="1.9863818155" /><trkpt lat="48.7952558933" lon="1.9863821474" /><trkpt lat="48.7952562002" lon="1.9863824796" /><trkpt lat="48.7952565047" lon="1.9863828098" /><trkpt lat="48.7952568103" lon="1.9863831426" /><trkpt lat="48.7952571151" lon="1.9863834743" /><trkpt lat="48.7952574203" lon="1.9863838057" /><trkpt lat="48.7952577246" lon="1.9863841383" /><trkpt lat="48.7952580285" lon="1.9863844698" /><trkpt lat="48.7952583327" lon="1.9863848017" /><trkpt lat="48.7952586356" lon="1.9863851325" /><trkpt lat="48.7952589397" lon="1.9863854663" /><trkpt lat="48.7952592434" lon="1.9863857986" /><trkpt lat="48.7952595469" lon="1.9863861271" /><trkpt lat="48.79525985" lon="1.9863864589" /><trkpt lat="48.7952601535" lon="1.9863867878" /><trkpt lat="48.7952604564" lon="1.9863871205" /><trkpt lat="48.7952607594" lon="1.9863874487" /><trkpt lat="48.7952610626" lon="1.9863877771" /><trkpt lat="48.7952613664" lon="1.9863881054" /><trkpt lat="48.7952616684" lon="1.9863884329" /><trkpt lat="48.7952619704" lon="1.9863887632" /><trkpt lat="48.7952622736" lon="1.9863890893" /><trkpt lat="48.7952625764" lon="1.986389418" /><trkpt lat="48.795262878" lon="1.9863897447" /><trkpt lat="48.7952631796" lon="1.9863900743" /><trkpt lat="48.7952634813" lon="1.9863904029" /><trkpt lat="48.7952637833" lon="1.9863907246" /><trkpt lat="48.7952640849" lon="1.9863910542" /><trkpt lat="48.7952643858" lon="1.9863913806" /><trkpt lat="48.7952646869" lon="1.9863917061" /><trkpt lat="48.7952649895" lon="1.9863920337" /><trkpt lat="48.7952652912" lon="1.9863923622" /><trkpt lat="48.795265592" lon="1.9863926928" /><trkpt lat="48.7952658931" lon="1.9863930235" /><trkpt lat="48.7952661938" lon="1.9863933501" /><trkpt lat="48.7952664941" lon="1.9863936819" /><trkpt lat="48.7952667943" lon="1.9863940123" /><trkpt lat="48.7952670944" lon="1.986394341" /><trkpt lat="48.7952673948" lon="1.9863946695" /><trkpt lat="48.7952676961" lon="1.9863949979" /><trkpt lat="48.7952679961" lon="1.9863953256" /><trkpt lat="48.7952682957" lon="1.9863956529" /><trkpt lat="48.7952685977" lon="1.98639598" /><trkpt lat="48.7952688971" lon="1.9863963078" /><trkpt lat="48.7952691973" lon="1.9863966325" /><trkpt lat="48.7952694974" lon="1.9863969614" /><trkpt lat="48.7952697975" lon="1.9863972858" /><trkpt lat="48.7952700967" lon="1.9863976128" /><trkpt lat="48.7952703958" lon="1.9863979397" /><trkpt lat="48.7952706948" lon="1.9863982669" /><trkpt lat="48.7952709946" lon="1.986398593" /><trkpt lat="48.7952712917" lon="1.9863989193" /><trkpt lat="48.7952715923" lon="1.9863992452" /><trkpt lat="48.7952718896" lon="1.9863995715" /><trkpt lat="48.7952721886" lon="1.9863998975" /><trkpt lat="48.7952724863" lon="1.986400224" /><trkpt lat="48.7952727843" lon="1.9864005494" /><trkpt lat="48.7952730818" lon="1.9864008786" /><trkpt lat="48.7952733783" lon="1.9864012043" /><trkpt lat="48.7952736755" lon="1.9864015314" /><trkpt lat="48.7952739721" lon="1.9864018558" /><trkpt lat="48.7952742687" lon="1.9864021826" /><trkpt lat="48.7952745676" lon="1.9864025042" /><trkpt lat="48.7952748641" lon="1.9864028298" /><trkpt lat="48.795275161" lon="1.9864031526" /><trkpt lat="48.7952754582" lon="1.9864034798" /><trkpt lat="48.7952757547" lon="1.9864037995" /><trkpt lat="48.7952760508" lon="1.9864041205" /><trkpt lat="48.7952763467" lon="1.9864044451" /><trkpt lat="48.7952766427" lon="1.9864047664" /><trkpt lat="48.795276938" lon="1.9864050904" /><trkpt lat="48.7952772324" lon="1.9864054117" /><trkpt lat="48.7952775287" lon="1.9864057359" /><trkpt lat="48.7952778224" lon="1.9864060605" /><trkpt lat="48.795278116" lon="1.9864063855" /><trkpt lat="48.7952784098" lon="1.9864067095" /><trkpt lat="48.7952787043" lon="1.9864070333" /><trkpt lat="48.7952789973" lon="1.9864073577" /><trkpt lat="48.7952792903" lon="1.9864076817" /><trkpt lat="48.7952795832" lon="1.9864080063" /><trkpt lat="48.7952798776" lon="1.9864083284" /><trkpt lat="48.7952801708" lon="1.9864086511" /><trkpt lat="48.7952804644" lon="1.9864089723" /><trkpt lat="48.7952807581" lon="1.9864092949" /><trkpt lat="48.7952810514" lon="1.9864096157" /><trkpt lat="48.7952813457" lon="1.9864099368" /><trkpt lat="48.7952816388" lon="1.9864102569" /><trkpt lat="48.7952819321" lon="1.9864105783" /><trkpt lat="48.7952822251" lon="1.9864108973" /><trkpt lat="48.7952825178" lon="1.9864112176" /><trkpt lat="48.7952828112" lon="1.9864115398" /><trkpt lat="48.7952831028" lon="1.9864118581" /><trkpt lat="48.7952833951" lon="1.9864121796" /><trkpt lat="48.7952836871" lon="1.9864125003" /><trkpt lat="48.7952839782" lon="1.9864128207" /><trkpt lat="48.7952842712" lon="1.9864131421" /><trkpt lat="48.7952845608" lon="1.9864134606" /><trkpt lat="48.7952848535" lon="1.9864137819" /><trkpt lat="48.7952851447" lon="1.9864141012" /><trkpt lat="48.7952854358" lon="1.9864144181" /><trkpt lat="48.7952857273" lon="1.9864147372" /><trkpt lat="48.7952860195" lon="1.9864150557" /><trkpt lat="48.79528631" lon="1.9864153726" /><trkpt lat="48.795286602" lon="1.9864156898" /><trkpt lat="48.7952868928" lon="1.9864160072" /><trkpt lat="48.7952871847" lon="1.9864163227" /><trkpt lat="48.795287475" lon="1.9864166402" /><trkpt lat="48.7952877656" lon="1.9864169577" /><trkpt lat="48.7952880568" lon="1.9864172739" /><trkpt lat="48.7952883465" lon="1.9864175892" /><trkpt lat="48.7952886377" lon="1.9864179073" /><trkpt lat="48.7952889266" lon="1.9864182236" /><trkpt lat="48.7952892163" lon="1.9864185404" /><trkpt lat="48.7952895066" lon="1.9864188556" /><trkpt lat="48.7952897964" lon="1.9864191716" /><trkpt lat="48.7952900855" lon="1.986419491" /><trkpt lat="48.7952903744" lon="1.9864198057" /><trkpt lat="48.7952906642" lon="1.98642012" /><trkpt lat="48.7952909541" lon="1.9864204368" /><trkpt lat="48.7952912422" lon="1.9864207516" /><trkpt lat="48.7952915306" lon="1.9864210678" /><trkpt lat="48.795291819" lon="1.9864213815" /><trkpt lat="48.7952921082" lon="1.9864216986" /><trkpt lat="48.7952923966" lon="1.9864220145" /><trkpt lat="48.7952926829" lon="1.9864223271" /><trkpt lat="48.795292971" lon="1.9864226461" /><trkpt lat="48.7952932583" lon="1.9864229608" /><trkpt lat="48.7952935446" lon="1.9864232775" /><trkpt lat="48.7952938312" lon="1.9864235939" /><trkpt lat="48.7952941181" lon="1.9864239102" /><trkpt lat="48.7952944053" lon="1.9864242246" /><trkpt lat="48.7952946927" lon="1.9864245371" /><trkpt lat="48.7952949802" lon="1.986424849" /><trkpt lat="48.7952952663" lon="1.9864251583" /><trkpt lat="48.7952955539" lon="1.9864254691" /><trkpt lat="48.7952958413" lon="1.986425777" /><trkpt lat="48.795296128" lon="1.9864260868" /><trkpt lat="48.7952964139" lon="1.9864263961" /><trkpt lat="48.7952967015" lon="1.9864267031" /><trkpt lat="48.7952969877" lon="1.9864270144" /><trkpt lat="48.7952972726" lon="1.986427321" /><trkpt lat="48.7952975586" lon="1.9864276318" /><trkpt lat="48.7952978436" lon="1.9864279383" /><trkpt lat="48.7952981293" lon="1.9864282495" /><trkpt lat="48.7952984133" lon="1.9864285581" /><trkpt lat="48.7952986971" lon="1.9864288687" /><trkpt lat="48.7952989813" lon="1.9864291786" /><trkpt lat="48.7952992644" lon="1.9864294875" /><trkpt lat="48.7952995489" lon="1.9864297967" /><trkpt lat="48.7952998312" lon="1.986430105" /><trkpt lat="48.7953001151" lon="1.986430417" /><trkpt lat="48.7953003978" lon="1.9864307238" /><trkpt lat="48.7953006813" lon="1.9864310331" /><trkpt lat="48.7953009649" lon="1.9864313394" /><trkpt lat="48.7953012475" lon="1.9864316486" /><trkpt lat="48.7953015305" lon="1.986431956" /><trkpt lat="48.7953018131" lon="1.9864322635" /><trkpt lat="48.7953020963" lon="1.9864325722" /><trkpt lat="48.7953023791" lon="1.9864328784" /><trkpt lat="48.7953026612" lon="1.9864331865" /><trkpt lat="48.7953029438" lon="1.9864334944" /><trkpt lat="48.7953032257" lon="1.9864337995" /><trkpt lat="48.7953035077" lon="1.9864341069" /><trkpt lat="48.7953037905" lon="1.9864344141" /><trkpt lat="48.7953040711" lon="1.9864347198" /><trkpt lat="48.7953043535" lon="1.9864350263" /><trkpt lat="48.7953046345" lon="1.9864353315" /><trkpt lat="48.7953049159" lon="1.986435636" /><trkpt lat="48.7953051979" lon="1.9864359418" /><trkpt lat="48.7953054788" lon="1.9864362462" /><trkpt lat="48.7953057599" lon="1.9864365493" /><trkpt lat="48.7953060417" lon="1.9864368535" /><trkpt lat="48.7953063218" lon="1.9864371568" /><trkpt lat="48.7953066024" lon="1.9864374596" /><trkpt lat="48.7953068835" lon="1.9864377624" /><trkpt lat="48.7953071637" lon="1.9864380644" /><trkpt lat="48.7953074444" lon="1.9864383678" /><trkpt lat="48.7953077239" lon="1.9864386706" /><trkpt lat="48.7953080039" lon="1.9864389736" /><trkpt lat="48.7953082835" lon="1.9864392746" /><trkpt lat="48.795308563" lon="1.9864395782" /><trkpt lat="48.7953088428" lon="1.986439879" /><trkpt lat="48.7953091217" lon="1.9864401817" /><trkpt lat="48.7953094013" lon="1.9864404801" /><trkpt lat="48.795309679" lon="1.9864407828" /><trkpt lat="48.7953099588" lon="1.9864410864" /><trkpt lat="48.7953102373" lon="1.9864413857" /><trkpt lat="48.7953105158" lon="1.9864416846" /><trkpt lat="48.7953107937" lon="1.9864419869" /><trkpt lat="48.795311073" lon="1.9864422863" /><trkpt lat="48.7953113508" lon="1.9864425864" /><trkpt lat="48.7953116288" lon="1.9864428848" /><trkpt lat="48.7953119065" lon="1.9864431861" /><trkpt lat="48.7953121839" lon="1.9864434848" /><trkpt lat="48.7953124608" lon="1.9864437856" /><trkpt lat="48.7953127373" lon="1.9864440843" /><trkpt lat="48.7953130134" lon="1.9864443851" /><trkpt lat="48.7953132901" lon="1.9864446858" /><trkpt lat="48.7953135662" lon="1.9864449865" /><trkpt lat="48.7953138414" lon="1.9864452872" /><trkpt lat="48.7953141171" lon="1.9864455859" /><trkpt lat="48.7953143923" lon="1.9864458869" /><trkpt lat="48.7953146682" lon="1.9864461862" /><trkpt lat="48.7953149434" lon="1.986446487" /><trkpt lat="48.7953152178" lon="1.9864467846" /><trkpt lat="48.7953154923" lon="1.9864470843" /><trkpt lat="48.7953157669" lon="1.986447384" /><trkpt lat="48.7953160415" lon="1.9864476826" /><trkpt lat="48.7953163152" lon="1.9864479815" /><trkpt lat="48.7953165888" lon="1.9864482799" /><trkpt lat="48.7953168632" lon="1.9864485785" /><trkpt lat="48.7953171369" lon="1.9864488774" /><trkpt lat="48.7953174102" lon="1.9864491744" /><trkpt lat="48.7953176843" lon="1.986449473" /><trkpt lat="48.7953179574" lon="1.9864497694" /><trkpt lat="48.7953182304" lon="1.986450067" /><trkpt lat="48.7953185032" lon="1.9864503635" /><trkpt lat="48.7953187761" lon="1.986450661" /><trkpt lat="48.7953190497" lon="1.9864509569" /><trkpt lat="48.7953193215" lon="1.9864512516" /><trkpt lat="48.7953195947" lon="1.9864515473" /><trkpt lat="48.7953198675" lon="1.9864518428" /><trkpt lat="48.79532014" lon="1.9864521373" /><trkpt lat="48.7953204118" lon="1.9864524317" /><trkpt lat="48.795320684" lon="1.9864527252" /><trkpt lat="48.7953209568" lon="1.9864530201" /><trkpt lat="48.7953212283" lon="1.9864533142" /><trkpt lat="48.7953215003" lon="1.9864536065" /><trkpt lat="48.7953217717" lon="1.9864539021" /><trkpt lat="48.7953220428" lon="1.9864541938" /><trkpt lat="48.7953223112" lon="1.986454494" /><trkpt lat="48.7953225789" lon="1.9864547917" /><trkpt lat="48.7953228455" lon="1.9864550902" /><trkpt lat="48.7953231139" lon="1.9864553881" /><trkpt lat="48.7953233818" lon="1.9864556829" /><trkpt lat="48.7953236488" lon="1.9864559825" /><trkpt lat="48.7953239165" lon="1.9864562787" /><trkpt lat="48.7953241833" lon="1.9864565752" /><trkpt lat="48.7953244505" lon="1.9864568716" /><trkpt lat="48.7953247177" lon="1.986457168" /><trkpt lat="48.7953249847" lon="1.9864574619" /><trkpt lat="48.7953252501" lon="1.9864577595" /><trkpt lat="48.7953255167" lon="1.9864580551" /><trkpt lat="48.7953257828" lon="1.9864583503" /><trkpt lat="48.7953260479" lon="1.9864586455" /><trkpt lat="48.7953263142" lon="1.9864589405" /><trkpt lat="48.7953265794" lon="1.9864592355" /><trkpt lat="48.7953268447" lon="1.9864595298" /><trkpt lat="48.795327109" lon="1.9864598245" /><trkpt lat="48.7953273737" lon="1.986460119" /><trkpt lat="48.7953276389" lon="1.9864604141" /><trkpt lat="48.7953279033" lon="1.9864607068" /><trkpt lat="48.7953281678" lon="1.9864610012" /><trkpt lat="48.7953284323" lon="1.9864612937" /><trkpt lat="48.7953286974" lon="1.9864615878" /><trkpt lat="48.795328962" lon="1.9864618797" /><trkpt lat="48.795329227" lon="1.9864621717" /><trkpt lat="48.7953294914" lon="1.9864624645" /><trkpt lat="48.7953297558" lon="1.9864627559" /><trkpt lat="48.7953300213" lon="1.9864630485" /><trkpt lat="48.7953302845" lon="1.9864633401" /><trkpt lat="48.7953305488" lon="1.9864636318" /><trkpt lat="48.7953308128" lon="1.9864639238" /><trkpt lat="48.7953310765" lon="1.9864642154" /><trkpt lat="48.7953313396" lon="1.9864645098" /><trkpt lat="48.7953316043" lon="1.986464801" /><trkpt lat="48.795331867" lon="1.9864650925" /><trkpt lat="48.7953321308" lon="1.9864653848" /><trkpt lat="48.7953323947" lon="1.9864656789" /><trkpt lat="48.7953326579" lon="1.9864659685" /><trkpt lat="48.795332921" lon="1.9864662602" /><trkpt lat="48.7953331852" lon="1.9864665515" /><trkpt lat="48.7953334473" lon="1.9864668438" /><trkpt lat="48.7953337109" lon="1.9864671355" /><trkpt lat="48.7953339738" lon="1.9864674285" /><trkpt lat="48.795334237" lon="1.9864677186" /><trkpt lat="48.7953345002" lon="1.9864680105" /><trkpt lat="48.7953347626" lon="1.9864683017" /><trkpt lat="48.7953350257" lon="1.9864685932" /><trkpt lat="48.7953352891" lon="1.9864688841" /><trkpt lat="48.7953355515" lon="1.9864691755" /><trkpt lat="48.7953358147" lon="1.9864694651" /><trkpt lat="48.7953360771" lon="1.9864697563" /><trkpt lat="48.7953363396" lon="1.9864700484" /><trkpt lat="48.7953366006" lon="1.9864703382" /><trkpt lat="48.7953368634" lon="1.9864706287" /><trkpt lat="48.7953371244" lon="1.9864709213" /><trkpt lat="48.7953373849" lon="1.9864712103" /><trkpt lat="48.795337647" lon="1.986471502" /><trkpt lat="48.7953379083" lon="1.986471792" /><trkpt lat="48.7953381692" lon="1.9864720809" /><trkpt lat="48.7953384307" lon="1.9864723717" /><trkpt lat="48.7953386923" lon="1.9864726615" /><trkpt lat="48.795338954" lon="1.9864729504" /><trkpt lat="48.7953392156" lon="1.9864732401" /><trkpt lat="48.795339477" lon="1.9864735266" /><trkpt lat="48.7953397395" lon="1.9864738159" /><trkpt lat="48.7953400017" lon="1.9864741034" /><trkpt lat="48.7953402633" lon="1.986474391" /><trkpt lat="48.795340526" lon="1.9864746789" /><trkpt lat="48.7953407876" lon="1.9864749668" /><trkpt lat="48.7953410498" lon="1.9864752527" /><trkpt lat="48.7953413112" lon="1.9864755425" /><trkpt lat="48.7953415729" lon="1.9864758316" /><trkpt lat="48.7953418338" lon="1.9864761207" /><trkpt lat="48.7953420953" lon="1.9864764094" /><trkpt lat="48.7953423556" lon="1.9864766994" /><trkpt lat="48.7953426171" lon="1.9864769896" /><trkpt lat="48.7953428781" lon="1.9864772793" /><trkpt lat="48.7953431392" lon="1.9864775691" /><trkpt lat="48.7953433992" lon="1.9864778603" /><trkpt lat="48.7953436607" lon="1.9864781513" /><trkpt lat="48.7953439214" lon="1.9864784411" /><trkpt lat="48.7953441831" lon="1.9864787309" /><trkpt lat="48.7953444439" lon="1.9864790216" /><trkpt lat="48.7953447052" lon="1.9864793112" /><trkpt lat="48.7953449669" lon="1.9864796021" /><trkpt lat="48.7953452289" lon="1.9864798895" /><trkpt lat="48.7953454905" lon="1.9864801807" /><trkpt lat="48.7953457524" lon="1.9864804713" /><trkpt lat="48.7953460136" lon="1.9864807606" /><trkpt lat="48.7953462759" lon="1.9864810484" /><trkpt lat="48.7953465385" lon="1.9864813389" /><trkpt lat="48.7953468005" lon="1.9864816268" /><trkpt lat="48.7953470628" lon="1.9864819172" /><trkpt lat="48.7953473249" lon="1.9864822061" /><trkpt lat="48.7953475878" lon="1.9864824944" /><trkpt lat="48.7953478505" lon="1.986482785" /><trkpt lat="48.7953481135" lon="1.9864830725" /><trkpt lat="48.7953483744" lon="1.9864833644" /><trkpt lat="48.7953486386" lon="1.986483651" /><trkpt lat="48.7953489038" lon="1.9864839398" /><trkpt lat="48.7953491682" lon="1.9864842258" /><trkpt lat="48.7953494332" lon="1.986484514" /><trkpt lat="48.7953496981" lon="1.9864847996" /><trkpt lat="48.7953499628" lon="1.9864850877" /><trkpt lat="48.7953502281" lon="1.9864853761" /><trkpt lat="48.7953504932" lon="1.9864856627" /><trkpt lat="48.7953507577" lon="1.9864859505" /><trkpt lat="48.7953510232" lon="1.9864862377" /><trkpt lat="48.7953512879" lon="1.9864865253" /><trkpt lat="48.7953515531" lon="1.986486812" /><trkpt lat="48.7953518193" lon="1.986487099" /><trkpt lat="48.7953520834" lon="1.9864873871" /><trkpt lat="48.795352349" lon="1.9864876727" /><trkpt lat="48.7953526148" lon="1.9864879614" /><trkpt lat="48.7953528797" lon="1.9864882465" /><trkpt lat="48.7953531455" lon="1.986488535" /><trkpt lat="48.7953534118" lon="1.98648882" /><trkpt lat="48.7953536777" lon="1.9864891071" /><trkpt lat="48.7953539441" lon="1.9864893922" /><trkpt lat="48.7953542096" lon="1.9864896785" /><trkpt lat="48.7953544763" lon="1.986489967" /><trkpt lat="48.7953547421" lon="1.9864902528" /><trkpt lat="48.7953550088" lon="1.9864905403" /><trkpt lat="48.7953552755" lon="1.9864908278" /><trkpt lat="48.7953555415" lon="1.9864911137" /><trkpt lat="48.7953558082" lon="1.9864914019" /><trkpt lat="48.7953560741" lon="1.9864916891" /><trkpt lat="48.7953563408" lon="1.9864919768" /><trkpt lat="48.7953566064" lon="1.9864922662" /><trkpt lat="48.7953568724" lon="1.9864925513" /><trkpt lat="48.7953571391" lon="1.9864928435" /><trkpt lat="48.795357405" lon="1.9864931311" /><trkpt lat="48.7953576705" lon="1.9864934213" /><trkpt lat="48.7953579365" lon="1.9864937105" /><trkpt lat="48.7953582027" lon="1.9864939995" /><trkpt lat="48.7953584687" lon="1.9864942899" /><trkpt lat="48.7953587348" lon="1.9864945792" /><trkpt lat="48.7953590011" lon="1.9864948691" /><trkpt lat="48.7953592663" lon="1.9864951614" /><trkpt lat="48.795359534" lon="1.986495451" /><trkpt lat="48.7953598005" lon="1.986495739" /><trkpt lat="48.7953600671" lon="1.9864960303" /><trkpt lat="48.7953603341" lon="1.9864963191" /><trkpt lat="48.7953606007" lon="1.9864966093" /><trkpt lat="48.7953608684" lon="1.9864968996" /><trkpt lat="48.7953611362" lon="1.9864971862" /><trkpt lat="48.7953614043" lon="1.9864974753" /><trkpt lat="48.7953616714" lon="1.9864977643" /><trkpt lat="48.795361939" lon="1.9864980524" /><trkpt lat="48.7953622081" lon="1.9864983406" /><trkpt lat="48.7953624747" lon="1.9864986303" /><trkpt lat="48.7953627416" lon="1.9864989198" /><trkpt lat="48.7953630102" lon="1.9864992079" /><trkpt lat="48.7953632782" lon="1.9864994985" /><trkpt lat="48.7953635454" lon="1.9864997874" /><trkpt lat="48.7953638122" lon="1.9865000774" /><trkpt lat="48.7953640808" lon="1.9865003676" /><trkpt lat="48.7953643479" lon="1.9865006564" /><trkpt lat="48.7953646152" lon="1.9865009481" /><trkpt lat="48.7953648829" lon="1.9865012374" /><trkpt lat="48.7953651523" lon="1.9865015266" /><trkpt lat="48.7953654199" lon="1.9865018169" /><trkpt lat="48.7953656868" lon="1.9865021094" /><trkpt lat="48.7953659551" lon="1.9865023995" /><trkpt lat="48.7953662234" lon="1.9865026893" /><trkpt lat="48.7953664923" lon="1.9865029803" /><trkpt lat="48.7953667604" lon="1.9865032705" /><trkpt lat="48.795367028" lon="1.986503562" /><trkpt lat="48.7953672961" lon="1.986503852" /><trkpt lat="48.7953675651" lon="1.9865041439" /><trkpt lat="48.7953678325" lon="1.986504434" /><trkpt lat="48.7953681007" lon="1.9865047256" /><trkpt lat="48.7953683692" lon="1.9865050177" /><trkpt lat="48.7953686378" lon="1.9865053079" /><trkpt lat="48.7953689054" lon="1.9865056002" /><trkpt lat="48.7953691733" lon="1.9865058912" /><trkpt lat="48.7953694437" lon="1.9865061822" /><trkpt lat="48.7953697116" lon="1.9865064729" /><trkpt lat="48.7953699805" lon="1.9865067648" /><trkpt lat="48.795370249" lon="1.9865070564" /><trkpt lat="48.7953705184" lon="1.9865073467" /><trkpt lat="48.7953707881" lon="1.986507638" /><trkpt lat="48.7953710577" lon="1.9865079303" /><trkpt lat="48.7953713261" lon="1.9865082214" /><trkpt lat="48.795371596" lon="1.9865085133" /><trkpt lat="48.7953718655" lon="1.9865088069" /><trkpt lat="48.7953721348" lon="1.9865090975" /><trkpt lat="48.7953724048" lon="1.9865093883" /><trkpt lat="48.7953726751" lon="1.9865096809" /><trkpt lat="48.7953729441" lon="1.9865099731" /><trkpt lat="48.7953732144" lon="1.9865102659" /><trkpt lat="48.7953734851" lon="1.9865105579" /><trkpt lat="48.7953737547" lon="1.9865108483" /><trkpt lat="48.795374026" lon="1.9865111412" /><trkpt lat="48.7953742954" lon="1.9865114333" /><trkpt lat="48.7953745659" lon="1.9865117246" /><trkpt lat="48.7953748366" lon="1.986512018" /><trkpt lat="48.7953751075" lon="1.9865123097" /><trkpt lat="48.7953753751" lon="1.9865126054" /><trkpt lat="48.7953756423" lon="1.9865128997" /><trkpt lat="48.7953759107" lon="1.9865131962" /><trkpt lat="48.7953761784" lon="1.9865134916" /><trkpt lat="48.7953764465" lon="1.9865137866" /><trkpt lat="48.7953767147" lon="1.9865140821" /><trkpt lat="48.7953769835" lon="1.9865143779" /><trkpt lat="48.7953772507" lon="1.9865146733" /><trkpt lat="48.7953775201" lon="1.9865149685" /><trkpt lat="48.7953777886" lon="1.9865152657" /><trkpt lat="48.795378057" lon="1.9865155595" /><trkpt lat="48.7953783259" lon="1.9865158562" /><trkpt lat="48.7953785947" lon="1.9865161507" /><trkpt lat="48.7953788636" lon="1.9865164484" /><trkpt lat="48.7953791315" lon="1.9865167448" /><trkpt lat="48.7953794002" lon="1.9865170408" /><trkpt lat="48.7953796697" lon="1.9865173365" /><trkpt lat="48.7953799383" lon="1.9865176336" /><trkpt lat="48.7953802067" lon="1.9865179305" /><trkpt lat="48.7953804756" lon="1.9865182282" /><trkpt lat="48.7953807454" lon="1.9865185261" /><trkpt lat="48.7953810146" lon="1.9865188199" /><trkpt lat="48.7953812822" lon="1.9865191172" /><trkpt lat="48.7953815537" lon="1.9865194147" /><trkpt lat="48.7953818232" lon="1.9865197113" /><trkpt lat="48.7953820918" lon="1.9865200056" /><trkpt lat="48.7953823616" lon="1.9865203034" /><trkpt lat="48.7953826321" lon="1.9865205996" /><trkpt lat="48.7953829011" lon="1.9865208963" /><trkpt lat="48.7953831717" lon="1.9865211915" /><trkpt lat="48.7953834404" lon="1.9865214881" /><trkpt lat="48.7953837107" lon="1.9865217843" /><trkpt lat="48.7953839807" lon="1.9865220837" /><trkpt lat="48.7953842507" lon="1.9865223782" /><trkpt lat="48.7953845197" lon="1.9865226754" /><trkpt lat="48.7953847907" lon="1.9865229728" /><trkpt lat="48.7953850597" lon="1.9865232694" /><trkpt lat="48.7953853297" lon="1.9865235658" /><trkpt lat="48.7953856003" lon="1.9865238648" /><trkpt lat="48.7953858708" lon="1.9865241612" /><trkpt lat="48.7953861397" lon="1.9865244603" /><trkpt lat="48.7953864101" lon="1.9865247569" /><trkpt lat="48.7953866809" lon="1.9865250565" /><trkpt lat="48.7953869502" lon="1.9865253549" /><trkpt lat="48.7953872205" lon="1.9865256511" /><trkpt lat="48.7953874911" lon="1.9865259494" /><trkpt lat="48.7953877613" lon="1.9865262474" /><trkpt lat="48.7953880323" lon="1.9865265475" /><trkpt lat="48.7953883014" lon="1.986526843" /><trkpt lat="48.7953885725" lon="1.9865271437" /><trkpt lat="48.7953888426" lon="1.9865274438" /><trkpt lat="48.7953891139" lon="1.9865277398" /><trkpt lat="48.7953893845" lon="1.98652804" /><trkpt lat="48.7953896546" lon="1.9865283391" /><trkpt lat="48.7953899263" lon="1.9865286394" /><trkpt lat="48.7953901969" lon="1.9865289358" /><trkpt lat="48.7953904686" lon="1.9865292342" /><trkpt lat="48.7953907391" lon="1.9865295329" /><trkpt lat="48.7953910112" lon="1.986529831" /><trkpt lat="48.7953912819" lon="1.9865301309" /><trkpt lat="48.7953915546" lon="1.9865304266" /><trkpt lat="48.7953918253" lon="1.9865307273" /><trkpt lat="48.7953920961" lon="1.9865310239" /><trkpt lat="48.795392369" lon="1.9865313248" /><trkpt lat="48.7953926405" lon="1.9865316213" /><trkpt lat="48.7953929116" lon="1.9865319221" /><trkpt lat="48.7953931835" lon="1.9865322189" /><trkpt lat="48.795393455" lon="1.9865325169" /><trkpt lat="48.7953937274" lon="1.9865328158" /><trkpt lat="48.7953939993" lon="1.9865331149" /><trkpt lat="48.7953942709" lon="1.9865334145" /><trkpt lat="48.7953945424" lon="1.9865337125" /><trkpt lat="48.795394816" lon="1.9865340103" /><trkpt lat="48.7953950875" lon="1.9865343091" /><trkpt lat="48.7953953592" lon="1.986534607" /><trkpt lat="48.7953956324" lon="1.986534906" /><trkpt lat="48.7953959041" lon="1.9865352042" /><trkpt lat="48.795396177" lon="1.9865355024" /><trkpt lat="48.7953964496" lon="1.9865358009" /><trkpt lat="48.7953967216" lon="1.9865361009" /><trkpt lat="48.7953969935" lon="1.9865363974" /><trkpt lat="48.7953972664" lon="1.9865366996" /><trkpt lat="48.7953975387" lon="1.9865369984" /><trkpt lat="48.7953978108" lon="1.9865372989" /><trkpt lat="48.7953980828" lon="1.9865375973" /><trkpt lat="48.795398354" lon="1.9865378985" /><trkpt lat="48.7953986277" lon="1.9865381992" /><trkpt lat="48.7953988989" lon="1.9865384982" /><trkpt lat="48.7953991711" lon="1.9865387993" /><trkpt lat="48.7953994438" lon="1.9865390986" /><trkpt lat="48.7953997166" lon="1.9865393979" /><trkpt lat="48.7953999874" lon="1.9865396989" /><trkpt lat="48.7954002611" lon="1.9865399997" /><trkpt lat="48.7954005325" lon="1.9865402976" /><trkpt lat="48.795400805" lon="1.9865405985" /><trkpt lat="48.795401078" lon="1.9865408985" /><trkpt lat="48.7954013505" lon="1.9865411969" /><trkpt lat="48.7954016221" lon="1.9865414975" /><trkpt lat="48.795401895" lon="1.9865417956" /><trkpt lat="48.7954021685" lon="1.9865420957" /><trkpt lat="48.795402442" lon="1.9865423917" /><trkpt lat="48.7954027172" lon="1.9865426926" /><trkpt lat="48.7954029925" lon="1.9865429933" /><trkpt lat="48.7954032665" lon="1.9865432895" /><trkpt lat="48.7954035412" lon="1.9865435895" /><trkpt lat="48.7954038171" lon="1.9865438885" /><trkpt lat="48.7954040919" lon="1.9865441865" /><trkpt lat="48.7954043662" lon="1.9865444838" /><trkpt lat="48.795404642" lon="1.9865447849" /><trkpt lat="48.7954049168" lon="1.9865450841" /><trkpt lat="48.7954051907" lon="1.9865453856" /><trkpt lat="48.7954054659" lon="1.9865456815" /><trkpt lat="48.7954057411" lon="1.9865459828" /><trkpt lat="48.795406016" lon="1.9865462859" /><trkpt lat="48.7954062899" lon="1.9865465821" /><trkpt lat="48.7954065646" lon="1.9865468829" /><trkpt lat="48.7954068403" lon="1.9865471814" /><trkpt lat="48.7954071149" lon="1.9865474838" /><trkpt lat="48.7954073891" lon="1.9865477825" /><trkpt lat="48.7954076639" lon="1.9865480814" /><trkpt lat="48.7954079399" lon="1.9865483815" /><trkpt lat="48.7954082148" lon="1.9865486795" /><trkpt lat="48.7954084883" lon="1.9865489782" /><trkpt lat="48.7954087643" lon="1.9865492785" /><trkpt lat="48.7954090392" lon="1.9865495775" /><trkpt lat="48.7954093138" lon="1.9865498776" /><trkpt lat="48.7954095884" lon="1.986550176" /><trkpt lat="48.795409863" lon="1.9865504752" /><trkpt lat="48.7954101381" lon="1.9865507746" /><trkpt lat="48.7954104137" lon="1.9865510739" /><trkpt lat="48.7954106876" lon="1.986551373" /><trkpt lat="48.7954109617" lon="1.9865516716" /><trkpt lat="48.7954112376" lon="1.9865519716" /><trkpt lat="48.7954115125" lon="1.9865522695" /><trkpt lat="48.7954117871" lon="1.9865525669" /><trkpt lat="48.7954120619" lon="1.9865528679" /><trkpt lat="48.7954123371" lon="1.9865531661" /><trkpt lat="48.7954126123" lon="1.9865534642" /><trkpt lat="48.7954128875" lon="1.9865537613" /><trkpt lat="48.795413163" lon="1.9865540606" /><trkpt lat="48.7954134383" lon="1.9865543581" /><trkpt lat="48.7954137136" lon="1.9865546557" /><trkpt lat="48.7954139889" lon="1.9865549545" /><trkpt lat="48.7954142642" lon="1.9865552525" /><trkpt lat="48.7954145399" lon="1.9865555501" /><trkpt lat="48.7954148151" lon="1.986555847" /><trkpt lat="48.7954150898" lon="1.9865561473" /><trkpt lat="48.7954153648" lon="1.9865564461" /><trkpt lat="48.7954156388" lon="1.9865567455" /><trkpt lat="48.795415914" lon="1.9865570441" /><trkpt lat="48.7954161885" lon="1.9865573442" /><trkpt lat="48.7954164627" lon="1.9865576419" /><trkpt lat="48.7954167372" lon="1.9865579424" /><trkpt lat="48.795417012" lon="1.9865582419" /><trkpt lat="48.7954172858" lon="1.9865585403" /><trkpt lat="48.7954175599" lon="1.9865588395" /><trkpt lat="48.795417835" lon="1.9865591385" /><trkpt lat="48.7954181089" lon="1.9865594382" /><trkpt lat="48.7954183827" lon="1.9865597367" /><trkpt lat="48.795418658" lon="1.9865600342" /><trkpt lat="48.7954189314" lon="1.9865603337" /><trkpt lat="48.7954192062" lon="1.9865606324" /><trkpt lat="48.7954194797" lon="1.9865609308" /><trkpt lat="48.7954197539" lon="1.9865612296" /><trkpt lat="48.7954200279" lon="1.986561528" /><trkpt lat="48.7954203022" lon="1.9865618261" /><trkpt lat="48.7954205758" lon="1.986562126" /><trkpt lat="48.7954208496" lon="1.9865624244" /><trkpt lat="48.7954211234" lon="1.986562725" /><trkpt lat="48.7954213975" lon="1.9865630221" /><trkpt lat="48.7954216713" lon="1.9865633211" /><trkpt lat="48.7954219461" lon="1.98656362" /><trkpt lat="48.7954222199" lon="1.9865639155" /><trkpt lat="48.795422494" lon="1.9865642145" /><trkpt lat="48.7954227694" lon="1.9865645125" /><trkpt lat="48.7954230424" lon="1.9865648083" /><trkpt lat="48.7954233177" lon="1.9865651056" /><trkpt lat="48.7954235921" lon="1.9865654025" /><trkpt lat="48.7954238665" lon="1.9865656991" /><trkpt lat="48.7954241404" lon="1.9865659956" /><trkpt lat="48.7954244147" lon="1.9865662929" /><trkpt lat="48.7954246887" lon="1.9865665887" /><trkpt lat="48.7954249619" lon="1.9865668867" /><trkpt lat="48.7954252366" lon="1.9865671827" /><trkpt lat="48.7954255094" lon="1.9865674806" /><trkpt lat="48.7954257835" lon="1.9865677765" /><trkpt lat="48.7954260572" lon="1.9865680751" /><trkpt lat="48.7954263298" lon="1.9865683694" /><trkpt lat="48.7954266033" lon="1.9865686676" /><trkpt lat="48.795426877" lon="1.9865689627" /><trkpt lat="48.79542715" lon="1.9865692587" /><trkpt lat="48.7954274227" lon="1.9865695554" /><trkpt lat="48.795427696" lon="1.9865698509" /><trkpt lat="48.7954279698" lon="1.9865701477" /><trkpt lat="48.7954282423" lon="1.9865704424" /><trkpt lat="48.795428516" lon="1.9865707391" /><trkpt lat="48.7954287883" lon="1.9865710336" /><trkpt lat="48.7954290614" lon="1.9865713286" /><trkpt lat="48.7954293347" lon="1.986571625" /><trkpt lat="48.7954296076" lon="1.98657192" /><trkpt lat="48.7954298786" lon="1.9865722148" /><trkpt lat="48.7954301509" lon="1.9865725098" /><trkpt lat="48.7954304233" lon="1.9865728022" /><trkpt lat="48.7954306921" lon="1.9865730971" /><trkpt lat="48.7954309599" lon="1.9865733888" /><trkpt lat="48.7954312257" lon="1.9865736762" /><trkpt lat="48.7954314886" lon="1.9865739623" /><trkpt lat="48.7954317549" lon="1.9865742505" /><trkpt lat="48.7954320203" lon="1.9865745385" /><trkpt lat="48.7954322905" lon="1.9865748323" /><trkpt lat="48.7954325571" lon="1.9865751221" /><trkpt lat="48.7954328229" lon="1.9865754129" /><trkpt lat="48.7954330888" lon="1.9865757045" /><trkpt lat="48.7954333547" lon="1.9865759937" /><trkpt lat="48.7954336225" lon="1.9865762839" /><trkpt lat="48.7954338931" lon="1.9865765765" /><trkpt lat="48.7954341616" lon="1.9865768676" /><trkpt lat="48.7954344302" lon="1.9865771568" /><trkpt lat="48.7954347003" lon="1.9865774482" /><trkpt lat="48.7954349658" lon="1.9865777326" /><trkpt lat="48.7954352336" lon="1.9865780176" /><trkpt lat="48.7954355018" lon="1.9865783075" /><trkpt lat="48.795435771" lon="1.9865785944" /><trkpt lat="48.7954360416" lon="1.9865788818" /><trkpt lat="48.795436309" lon="1.9865791729" /><trkpt lat="48.7954365748" lon="1.9865794598" /><trkpt lat="48.7954368402" lon="1.9865797492" /><trkpt lat="48.7954371066" lon="1.9865800381" /><trkpt lat="48.7954373737" lon="1.9865803255" /><trkpt lat="48.7954376408" lon="1.9865806162" /><trkpt lat="48.7954379069" lon="1.9865809055" /><trkpt lat="48.7954381719" lon="1.986581196" /><trkpt lat="48.7954384371" lon="1.9865814876" /><trkpt lat="48.7954387038" lon="1.9865817784" /><trkpt lat="48.7954389686" lon="1.9865820687" /><trkpt lat="48.7954392335" lon="1.986582359" /><trkpt lat="48.7954395003" lon="1.986582649" /><trkpt lat="48.795439765" lon="1.9865829363" /><trkpt lat="48.7954400303" lon="1.9865832264" /><trkpt lat="48.7954402969" lon="1.9865835149" /><trkpt lat="48.7954405615" lon="1.9865838024" /><trkpt lat="48.7954408276" lon="1.9865840907" /><trkpt lat="48.795441094" lon="1.986584376" /><trkpt lat="48.79544136" lon="1.9865846628" /><trkpt lat="48.7954416249" lon="1.9865849496" /><trkpt lat="48.7954418914" lon="1.986585236" /><trkpt lat="48.7954421581" lon="1.9865855227" /><trkpt lat="48.7954424239" lon="1.9865858087" /><trkpt lat="48.7954426895" lon="1.9865860965" /><trkpt lat="48.795442956" lon="1.9865863808" /><trkpt lat="48.7954432208" lon="1.9865866673" /><trkpt lat="48.7954434859" lon="1.9865869525" /><trkpt lat="48.7954437506" lon="1.9865872406" /><trkpt lat="48.7954440152" lon="1.9865875249" /><trkpt lat="48.7954442806" lon="1.9865878117" /><trkpt lat="48.7954445456" lon="1.9865880958" /><trkpt lat="48.7954448111" lon="1.9865883817" /><trkpt lat="48.7954450757" lon="1.9865886672" /><trkpt lat="48.7954453399" lon="1.9865889539" /><trkpt lat="48.7954456054" lon="1.986589241" /><trkpt lat="48.7954458702" lon="1.9865895263" /><trkpt lat="48.7954461348" lon="1.9865898124" /><trkpt lat="48.7954463988" lon="1.9865900991" /><trkpt lat="48.795446663" lon="1.9865903847" /><trkpt lat="48.7954469272" lon="1.986590671" /><trkpt lat="48.7954471918" lon="1.9865909557" /><trkpt lat="48.7954474562" lon="1.986591241" /><trkpt lat="48.795447721" lon="1.9865915257" /><trkpt lat="48.7954479845" lon="1.9865918124" /><trkpt lat="48.7954482499" lon="1.9865920959" /><trkpt lat="48.7954485131" lon="1.9865923813" /><trkpt lat="48.7954487781" lon="1.9865926646" /><trkpt lat="48.7954490417" lon="1.9865929491" /><trkpt lat="48.7954493058" lon="1.9865932332" /><trkpt lat="48.7954495696" lon="1.9865935171" /><trkpt lat="48.7954498332" lon="1.986593801" /><trkpt lat="48.7954500969" lon="1.9865940847" /><trkpt lat="48.7954503602" lon="1.9865943685" /><trkpt lat="48.7954506236" lon="1.9865946518" /><trkpt lat="48.7954508875" lon="1.9865949359" /><trkpt lat="48.795451151" lon="1.9865952195" /><trkpt lat="48.7954514163" lon="1.986595505" /><trkpt lat="48.7954516771" lon="1.9865957837" /><trkpt lat="48.7954519333" lon="1.9865960621" /><trkpt lat="48.7954521837" lon="1.9865963404" /><trkpt lat="48.7954524382" lon="1.9865966131" /><trkpt lat="48.795452699" lon="1.9865968832" /><trkpt lat="48.7954529456" lon="1.9865971563" /><trkpt lat="48.7954532026" lon="1.9865974287" /><trkpt lat="48.7954534598" lon="1.9865977038" /><trkpt lat="48.7954537132" lon="1.9865979782" /><trkpt lat="48.7954539705" lon="1.9865982487" /><trkpt lat="48.7954542202" lon="1.9865985245" /><trkpt lat="48.7954544767" lon="1.9865987968" /><trkpt lat="48.7954547308" lon="1.9865990703" /><trkpt lat="48.7954549857" lon="1.9865993439" /><trkpt lat="48.7954552408" lon="1.9865996126" /><trkpt lat="48.7954554966" lon="1.9865998836" /><trkpt lat="48.7954557616" lon="1.9866001661" /><trkpt lat="48.7954560279" lon="1.9866004471" /><trkpt lat="48.7954562914" lon="1.9866007247" /><trkpt lat="48.7954565424" lon="1.9866009915" /><trkpt lat="48.7954568001" lon="1.9866012718" /><trkpt lat="48.7954570577" lon="1.986601541" /><trkpt lat="48.7954573159" lon="1.9866018178" /><trkpt lat="48.7954575768" lon="1.9866020991" /><trkpt lat="48.7954578369" lon="1.9866023729" /><trkpt lat="48.7954580929" lon="1.9866026486" /><trkpt lat="48.7954583499" lon="1.9866029244" /><trkpt lat="48.7954586095" lon="1.9866032009" /><trkpt lat="48.7954588693" lon="1.9866034776" /><trkpt lat="48.7954591267" lon="1.9866037534" /><trkpt lat="48.7954593828" lon="1.9866040302" /><trkpt lat="48.7954596393" lon="1.986604304" /><trkpt lat="48.7954598971" lon="1.9866045799" /><trkpt lat="48.7954601552" lon="1.9866048543" /><trkpt lat="48.7954604123" lon="1.9866051284" /><trkpt lat="48.7954606692" lon="1.9866054007" /><trkpt lat="48.7954609278" lon="1.9866056743" /><trkpt lat="48.7954611871" lon="1.9866059453" /><trkpt lat="48.7954614434" lon="1.9866062177" /><trkpt lat="48.7954617004" lon="1.9866064891" /><trkpt lat="48.7954619576" lon="1.9866067612" /><trkpt lat="48.7954622143" lon="1.9866070329" /><trkpt lat="48.7954624703" lon="1.9866073045" /><trkpt lat="48.7954627269" lon="1.9866075766" /><trkpt lat="48.7954629829" lon="1.986607849" /><trkpt lat="48.7954632384" lon="1.9866081204" /><trkpt lat="48.7954634939" lon="1.9866083932" /><trkpt lat="48.7954637484" lon="1.9866086633" /><trkpt lat="48.7954640024" lon="1.9866089341" /><trkpt lat="48.795464257" lon="1.9866092056" /><trkpt lat="48.7954645114" lon="1.9866094753" /><trkpt lat="48.7954647649" lon="1.9866097453" /><trkpt lat="48.7954650193" lon="1.9866100144" /><trkpt lat="48.7954652739" lon="1.9866102845" /><trkpt lat="48.7954655272" lon="1.9866105513" /><trkpt lat="48.7954657811" lon="1.9866108209" /><trkpt lat="48.7954660344" lon="1.9866110886" /><trkpt lat="48.7954662883" lon="1.9866113559" /><trkpt lat="48.7954665413" lon="1.9866116245" /><trkpt lat="48.7954667934" lon="1.9866118906" /><trkpt lat="48.795467046" lon="1.9866121606" /><trkpt lat="48.7954672993" lon="1.9866124261" /><trkpt lat="48.7954675513" lon="1.986612694" /><trkpt lat="48.7954678047" lon="1.9866129621" /><trkpt lat="48.7954680563" lon="1.9866132296" /><trkpt lat="48.7954683089" lon="1.9866134948" /><trkpt lat="48.7954685611" lon="1.9866137634" /><trkpt lat="48.7954688124" lon="1.98661403" /><trkpt lat="48.7954690643" lon="1.9866142973" /><trkpt lat="48.7954693154" lon="1.9866145629" /><trkpt lat="48.7954695674" lon="1.9866148318" /><trkpt lat="48.7954698183" lon="1.9866150964" /><trkpt lat="48.7954700683" lon="1.9866153612" /><trkpt lat="48.7954703207" lon="1.9866156272" /><trkpt lat="48.7954705717" lon="1.9866158939" /><trkpt lat="48.7954708214" lon="1.9866161584" /><trkpt lat="48.7954710731" lon="1.9866164244" /><trkpt lat="48.795471324" lon="1.986616689" /><trkpt lat="48.7954715747" lon="1.9866169531" /><trkpt lat="48.7954718255" lon="1.9866172184" /><trkpt lat="48.7954720754" lon="1.9866174819" /><trkpt lat="48.7954723262" lon="1.986617746" /><trkpt lat="48.7954725771" lon="1.9866180083" /><trkpt lat="48.7954728276" lon="1.9866182734" /><trkpt lat="48.7954730774" lon="1.9866185368" /><trkpt lat="48.7954733278" lon="1.9866187983" /><trkpt lat="48.7954735779" lon="1.9866190634" /><trkpt lat="48.7954738283" lon="1.9866193251" /><trkpt lat="48.7954740782" lon="1.9866195889" /><trkpt lat="48.7954743271" lon="1.986619852" /><trkpt lat="48.7954745775" lon="1.9866201137" /><trkpt lat="48.7954748271" lon="1.9866203784" /><trkpt lat="48.7954750762" lon="1.9866206416" /><trkpt lat="48.7954753246" lon="1.9866209041" /><trkpt lat="48.7954755738" lon="1.9866211682" /><trkpt lat="48.7954758229" lon="1.9866214318" /><trkpt lat="48.7954760705" lon="1.9866216933" /><trkpt lat="48.7954763193" lon="1.9866219564" /><trkpt lat="48.7954765669" lon="1.9866222179" /><trkpt lat="48.795476816" lon="1.9866224789" /><trkpt lat="48.7954770639" lon="1.9866227407" /><trkpt lat="48.7954773122" lon="1.9866230003" /><trkpt lat="48.7954775601" lon="1.9866232598" /><trkpt lat="48.7954778084" lon="1.9866235198" /><trkpt lat="48.7954780563" lon="1.9866237799" /><trkpt lat="48.7954783035" lon="1.986624037" /><trkpt lat="48.7954785516" lon="1.986624298" /><trkpt lat="48.7954787994" lon="1.9866245574" /><trkpt lat="48.7954790459" lon="1.986624816" /><trkpt lat="48.7954792929" lon="1.9866250751" /><trkpt lat="48.7954795404" lon="1.9866253353" /><trkpt lat="48.7954797868" lon="1.9866255945" /><trkpt lat="48.7954800333" lon="1.9866258539" /><trkpt lat="48.7954802795" lon="1.9866261136" /><trkpt lat="48.7954805257" lon="1.9866263732" /><trkpt lat="48.7954807723" lon="1.9866266311" /><trkpt lat="48.795481018" lon="1.9866268895" /><trkpt lat="48.795481264" lon="1.9866271465" /><trkpt lat="48.7954815092" lon="1.9866274055" /><trkpt lat="48.7954817548" lon="1.9866276634" /><trkpt lat="48.7954819987" lon="1.9866279187" /><trkpt lat="48.7954822438" lon="1.9866281745" /><trkpt lat="48.7954824882" lon="1.9866284289" /><trkpt lat="48.7954827321" lon="1.9866286852" /><trkpt lat="48.7954829764" lon="1.9866289436" /><trkpt lat="48.7954832199" lon="1.9866292024" /><trkpt lat="48.7954834632" lon="1.9866294627" /><trkpt lat="48.7954837073" lon="1.9866297203" /><trkpt lat="48.7954839477" lon="1.9866299791" /><trkpt lat="48.7954841909" lon="1.9866302374" /><trkpt lat="48.7954844321" lon="1.9866304958" /><trkpt lat="48.7954846755" lon="1.9866307522" /><trkpt lat="48.7954849197" lon="1.9866310101" /><trkpt lat="48.7954851628" lon="1.9866312638" /><trkpt lat="48.7954854061" lon="1.9866315167" /><trkpt lat="48.7954856501" lon="1.986631769" /><trkpt lat="48.7954858944" lon="1.9866320206" /><trkpt lat="48.7954861377" lon="1.9866322733" /><trkpt lat="48.7954863819" lon="1.9866325242" /><trkpt lat="48.7954866256" lon="1.9866327767" /><trkpt lat="48.7954868685" lon="1.9866330282" /><trkpt lat="48.7954871116" lon="1.98663328" /><trkpt lat="48.7954873553" lon="1.9866335326" /><trkpt lat="48.7954875969" lon="1.9866337856" /><trkpt lat="48.795487839" lon="1.9866340389" /><trkpt lat="48.7954880807" lon="1.9866342935" /><trkpt lat="48.7954883228" lon="1.9866345468" /><trkpt lat="48.7954885644" lon="1.9866348" /><trkpt lat="48.7954888055" lon="1.9866350543" /><trkpt lat="48.7954890472" lon="1.9866353088" /><trkpt lat="48.795489289" lon="1.9866355615" /><trkpt lat="48.7954895306" lon="1.9866358154" /><trkpt lat="48.7954897724" lon="1.9866360673" /><trkpt lat="48.7954900145" lon="1.9866363189" /><trkpt lat="48.7954902562" lon="1.986636571" /><trkpt lat="48.7954904985" lon="1.986636822" /><trkpt lat="48.7954907407" lon="1.9866370742" /><trkpt lat="48.7954909836" lon="1.9866373241" /><trkpt lat="48.7954912249" lon="1.9866375764" /><trkpt lat="48.7954914669" lon="1.9866378273" /><trkpt lat="48.7954917096" lon="1.9866380787" /><trkpt lat="48.7954919511" lon="1.9866383287" /><trkpt lat="48.7954921935" lon="1.9866385826" /><trkpt lat="48.7954924354" lon="1.9866388342" /><trkpt lat="48.7954926777" lon="1.9866390837" /><trkpt lat="48.7954929202" lon="1.9866393371" /><trkpt lat="48.795493162" lon="1.9866395854" /><trkpt lat="48.7954934043" lon="1.9866398394" /><trkpt lat="48.795493647" lon="1.9866400901" /><trkpt lat="48.7954938884" lon="1.9866403409" /><trkpt lat="48.7954941311" lon="1.9866405922" /><trkpt lat="48.7954943726" lon="1.9866408428" /><trkpt lat="48.7954946147" lon="1.986641097" /><trkpt lat="48.7954948549" lon="1.9866413481" /><trkpt lat="48.7954950966" lon="1.9866416028" /><trkpt lat="48.7954953382" lon="1.9866418576" /><trkpt lat="48.7954955778" lon="1.9866421117" /><trkpt lat="48.7954958179" lon="1.9866423669" /><trkpt lat="48.7954960593" lon="1.9866426222" /><trkpt lat="48.7954962982" lon="1.9866428807" /><trkpt lat="48.7954965388" lon="1.9866431365" /><trkpt lat="48.7954967788" lon="1.9866433939" /><trkpt lat="48.7954970194" lon="1.9866436504" /><trkpt lat="48.7954972605" lon="1.9866439062" /><trkpt lat="48.7954975015" lon="1.9866441598" /><trkpt lat="48.795497744" lon="1.9866444139" /><trkpt lat="48.7954979854" lon="1.9866446694" /><trkpt lat="48.7954982268" lon="1.986644922" /><trkpt lat="48.7954984705" lon="1.9866451761" /><trkpt lat="48.7954987136" lon="1.986645428" /><trkpt lat="48.7954989561" lon="1.986645679" /><trkpt lat="48.7954991996" lon="1.9866459309" /><trkpt lat="48.7954994431" lon="1.9866461826" /><trkpt lat="48.795499687" lon="1.9866464348" /><trkpt lat="48.7954999297" lon="1.9866466847" /><trkpt lat="48.7955001742" lon="1.986646938" /><trkpt lat="48.795500418" lon="1.9866471905" /><trkpt lat="48.7955006618" lon="1.9866474426" /><trkpt lat="48.7955009066" lon="1.9866476967" /><trkpt lat="48.7955011506" lon="1.9866479485" /><trkpt lat="48.7955013954" lon="1.9866482037" /><trkpt lat="48.7955016397" lon="1.9866484575" /><trkpt lat="48.7955018845" lon="1.986648711" /><trkpt lat="48.7955021293" lon="1.986648968" /><trkpt lat="48.795502375" lon="1.9866492232" /><trkpt lat="48.7955026217" lon="1.9866494769" /><trkpt lat="48.7955028691" lon="1.9866497337" /><trkpt lat="48.7955031164" lon="1.9866499884" /><trkpt lat="48.7955033638" lon="1.9866502452" /><trkpt lat="48.7955036094" lon="1.9866505036" /><trkpt lat="48.7955038562" lon="1.98665076" /><trkpt lat="48.7955041033" lon="1.9866510173" /><trkpt lat="48.7955043504" lon="1.9866512751" /><trkpt lat="48.7955046" lon="1.986651534" /><trkpt lat="48.7955048493" lon="1.9866517918" /><trkpt lat="48.7955050993" lon="1.9866520492" /><trkpt lat="48.7955053501" lon="1.9866523072" /><trkpt lat="48.7955056022" lon="1.9866525648" /><trkpt lat="48.7955058553" lon="1.9866528207" /><trkpt lat="48.7955061092" lon="1.9866530779" /><trkpt lat="48.7955063637" lon="1.986653333" /><trkpt lat="48.7955066189" lon="1.9866535907" /><trkpt lat="48.795506874" lon="1.9866538464" /><trkpt lat="48.7955071291" lon="1.9866541036" /><trkpt lat="48.7955073851" lon="1.9866543621" /><trkpt lat="48.7955076403" lon="1.9866546198" /><trkpt lat="48.795507895" lon="1.986654879" /><trkpt lat="48.7955081496" lon="1.9866551379" /><trkpt lat="48.7955084045" lon="1.9866553977" /><trkpt lat="48.7955086592" lon="1.9866556589" /><trkpt lat="48.7955089137" lon="1.9866559197" /><trkpt lat="48.7955091697" lon="1.9866561825" /><trkpt lat="48.7955094245" lon="1.9866564439" /><trkpt lat="48.7955096795" lon="1.9866567047" /><trkpt lat="48.7955099352" lon="1.9866569674" /><trkpt lat="48.7955101915" lon="1.98665723" /><trkpt lat="48.7955104477" lon="1.9866574923" /><trkpt lat="48.7955107043" lon="1.9866577541" /><trkpt lat="48.7955109615" lon="1.9866580165" /><trkpt lat="48.7955112183" lon="1.9866582786" /><trkpt lat="48.795511476" lon="1.9866585406" /><trkpt lat="48.7955117342" lon="1.9866588034" /><trkpt lat="48.7955119917" lon="1.9866590649" /><trkpt lat="48.7955122508" lon="1.986659327" /><trkpt lat="48.7955125098" lon="1.9866595888" /><trkpt lat="48.7955127683" lon="1.9866598482" /><trkpt lat="48.7955130275" lon="1.9866601098" /><trkpt lat="48.795513286" lon="1.9866603686" /><trkpt lat="48.7955135458" lon="1.9866606313" /><trkpt lat="48.7955138051" lon="1.9866608921" /><trkpt lat="48.7955140635" lon="1.9866611519" /><trkpt lat="48.7955143237" lon="1.9866614149" /><trkpt lat="48.795514583" lon="1.9866616757" /><trkpt lat="48.795514843" lon="1.9866619397" /><trkpt lat="48.7955151019" lon="1.9866622028" /><trkpt lat="48.7955153613" lon="1.9866624666" /><trkpt lat="48.7955156212" lon="1.986662733" /><trkpt lat="48.7955158797" lon="1.9866629993" /><trkpt lat="48.7955161398" lon="1.9866632658" /><trkpt lat="48.7955163993" lon="1.9866635347" /><trkpt lat="48.7955166581" lon="1.9866638042" /><trkpt lat="48.7955169176" lon="1.9866640745" /><trkpt lat="48.7955171776" lon="1.9866643435" /><trkpt lat="48.7955174378" lon="1.9866646154" /><trkpt lat="48.7955176979" lon="1.9866648864" /><trkpt lat="48.7955179583" lon="1.9866651587" /><trkpt lat="48.7955182198" lon="1.9866654305" /><trkpt lat="48.7955184814" lon="1.9866657011" /><trkpt lat="48.7955187443" lon="1.9866659721" /><trkpt lat="48.795519006" lon="1.9866662444" /><trkpt lat="48.7955192697" lon="1.9866665153" /><trkpt lat="48.7955195331" lon="1.9866667876" /><trkpt lat="48.7955197967" lon="1.9866670602" /><trkpt lat="48.7955200618" lon="1.986667332" /><trkpt lat="48.7955203269" lon="1.9866676042" /><trkpt lat="48.7955205925" lon="1.9866678768" /><trkpt lat="48.7955208588" lon="1.986668149" /><trkpt lat="48.795521125" lon="1.9866684208" /><trkpt lat="48.7955213922" lon="1.9866686932" /><trkpt lat="48.7955216603" lon="1.9866689657" /><trkpt lat="48.7955219286" lon="1.9866692384" /><trkpt lat="48.7955221979" lon="1.9866695118" /><trkpt lat="48.7955224676" lon="1.9866697855" /><trkpt lat="48.7955227353" lon="1.9866700589" /><trkpt lat="48.7955230044" lon="1.9866703343" /><trkpt lat="48.795523274" lon="1.9866706065" /><trkpt lat="48.7955235412" lon="1.9866708808" /><trkpt lat="48.7955238108" lon="1.9866711587" /><trkpt lat="48.7955240803" lon="1.9866714371" /><trkpt lat="48.7955243491" lon="1.9866717158" /><trkpt lat="48.795524617" lon="1.9866719934" /><trkpt lat="48.7955248865" lon="1.9866722725" /><trkpt lat="48.7955251547" lon="1.9866725485" /><trkpt lat="48.7955254257" lon="1.9866728232" /><trkpt lat="48.795525697" lon="1.986673098" /><trkpt lat="48.7955259708" lon="1.9866733724" /><trkpt lat="48.7955262431" lon="1.9866736446" /><trkpt lat="48.7955265168" lon="1.9866739167" /><trkpt lat="48.795526791" lon="1.9866741915" /><trkpt lat="48.7955270647" lon="1.9866744625" /><trkpt lat="48.7955273395" lon="1.9866747375" /><trkpt lat="48.7955276147" lon="1.9866750109" /><trkpt lat="48.7955278894" lon="1.9866752854" /><trkpt lat="48.7955281652" lon="1.9866755602" /><trkpt lat="48.7955284396" lon="1.9866758386" /><trkpt lat="48.795528715" lon="1.9866761134" /><trkpt lat="48.7955289915" lon="1.9866763896" /><trkpt lat="48.7955292663" lon="1.9866766698" /><trkpt lat="48.795529542" lon="1.9866769475" /><trkpt lat="48.7955298186" lon="1.9866772285" /><trkpt lat="48.7955300942" lon="1.9866775071" /><trkpt lat="48.7955303713" lon="1.9866777864" /><trkpt lat="48.7955306477" lon="1.9866780666" /><trkpt lat="48.795530924" lon="1.9866783465" /><trkpt lat="48.7955312011" lon="1.9866786279" /><trkpt lat="48.7955314776" lon="1.986678908" /><trkpt lat="48.7955317562" lon="1.9866791896" /><trkpt lat="48.795532033" lon="1.98667947" /><trkpt lat="48.7955323086" lon="1.9866797481" /><trkpt lat="48.7955325846" lon="1.986680031" /><trkpt lat="48.79553286" lon="1.9866803097" /><trkpt lat="48.7955331357" lon="1.9866805921" /><trkpt lat="48.7955334127" lon="1.9866808724" /><trkpt lat="48.7955336893" lon="1.9866811551" /><trkpt lat="48.795533966" lon="1.9866814362" /><trkpt lat="48.7955342429" lon="1.9866817185" /><trkpt lat="48.7955345208" lon="1.9866820021" /><trkpt lat="48.7955347976" lon="1.9866822837" /><trkpt lat="48.7955350764" lon="1.9866825679" /><trkpt lat="48.7955353541" lon="1.9866828505" /><trkpt lat="48.7955356334" lon="1.9866831339" /><trkpt lat="48.7955359127" lon="1.9866834174" /><trkpt lat="48.7955361918" lon="1.9866836998" /><trkpt lat="48.7955364726" lon="1.9866839833" /><trkpt lat="48.7955367528" lon="1.9866842663" /><trkpt lat="48.7955370349" lon="1.98668455" /><trkpt lat="48.7955373154" lon="1.9866848329" /><trkpt lat="48.7955375974" lon="1.9866851167" /><trkpt lat="48.79553788" lon="1.9866854001" /><trkpt lat="48.7955381633" lon="1.9866856838" /><trkpt lat="48.7955384465" lon="1.9866859685" /><trkpt lat="48.7955387298" lon="1.9866862517" /><trkpt lat="48.795539014" lon="1.9866865376" /><trkpt lat="48.7955392984" lon="1.9866868208" /><trkpt lat="48.7955395833" lon="1.9866871079" /><trkpt lat="48.7955398681" lon="1.9866873933" /><trkpt lat="48.7955401536" lon="1.9866876807" /><trkpt lat="48.7955404393" lon="1.9866879688" /><trkpt lat="48.7955407247" lon="1.9866882565" /><trkpt lat="48.7955410106" lon="1.9866885468" /><trkpt lat="48.7955412964" lon="1.9866888359" /><trkpt lat="48.7955415831" lon="1.9866891265" /><trkpt lat="48.7955418689" lon="1.9866894174" /><trkpt lat="48.7955421558" lon="1.9866897092" /><trkpt lat="48.7955424423" lon="1.9866900018" /><trkpt lat="48.7955427295" lon="1.9866902948" /><trkpt lat="48.7955430173" lon="1.9866905885" /><trkpt lat="48.7955433043" lon="1.9866908832" /><trkpt lat="48.7955435932" lon="1.9866911781" /><trkpt lat="48.7955438844" lon="1.9866914693" /><trkpt lat="48.7955441719" lon="1.9866917685" /><trkpt lat="48.7955444611" lon="1.9866920622" /><trkpt lat="48.7955447503" lon="1.9866923544" /><trkpt lat="48.7955450378" lon="1.9866926486" /><trkpt lat="48.7955453264" lon="1.9866929438" /><trkpt lat="48.7955456183" lon="1.9866932334" /><trkpt lat="48.7955459079" lon="1.9866935255" /><trkpt lat="48.7955461991" lon="1.9866938138" /><trkpt lat="48.7955464901" lon="1.9866941045" /><trkpt lat="48.7955467822" lon="1.9866943968" /><trkpt lat="48.7955470715" lon="1.9866946853" /><trkpt lat="48.7955473622" lon="1.9866949734" /><trkpt lat="48.7955476528" lon="1.9866952625" /><trkpt lat="48.7955479442" lon="1.9866955521" /><trkpt lat="48.7955482368" lon="1.9866958426" /><trkpt lat="48.795548531" lon="1.9866961323" /><trkpt lat="48.795548821" lon="1.9866964216" /><trkpt lat="48.7955491139" lon="1.9866967112" /><trkpt lat="48.7955494047" lon="1.9866970018" /><trkpt lat="48.795549699" lon="1.9866972968" /><trkpt lat="48.7955499892" lon="1.986697591" /><trkpt lat="48.7955502839" lon="1.9866978882" /><trkpt lat="48.7955505795" lon="1.9866981846" /><trkpt lat="48.7955508721" lon="1.986698474" /><trkpt lat="48.7955511649" lon="1.986698768" /><trkpt lat="48.7955514562" lon="1.9866990604" /><trkpt lat="48.7955517497" lon="1.9866993592" /><trkpt lat="48.7955520449" lon="1.9866996585" /><trkpt lat="48.7955523402" lon="1.9866999575" /><trkpt lat="48.7955526371" lon="1.9867002602" /><trkpt lat="48.7955529313" lon="1.9867005515" /><trkpt lat="48.7955532271" lon="1.9867008439" /><trkpt lat="48.7955535208" lon="1.9867011405" /><trkpt lat="48.7955538136" lon="1.9867014329" /><trkpt lat="48.7955541105" lon="1.9867017322" /><trkpt lat="48.7955544072" lon="1.9867020312" /><trkpt lat="48.795554704" lon="1.9867023293" /><trkpt lat="48.795554998" lon="1.986702627" /><trkpt lat="48.7955552941" lon="1.9867029236" /><trkpt lat="48.7955555901" lon="1.9867032239" /><trkpt lat="48.7955558839" lon="1.9867035241" /><trkpt lat="48.7955561787" lon="1.9867038271" /><trkpt lat="48.7955564734" lon="1.9867041273" /><trkpt lat="48.7955567693" lon="1.9867044329" /><trkpt lat="48.7955570656" lon="1.9867047374" /><trkpt lat="48.7955573601" lon="1.9867050413" /><trkpt lat="48.7955576551" lon="1.9867053466" /><trkpt lat="48.7955579516" lon="1.9867056532" /><trkpt lat="48.7955582475" lon="1.9867059585" /><trkpt lat="48.7955585416" lon="1.9867062624" /><trkpt lat="48.7955588378" lon="1.9867065684" /><trkpt lat="48.795559134" lon="1.986706875" /><trkpt lat="48.7955594308" lon="1.9867071822" /><trkpt lat="48.7955597275" lon="1.9867074869" /><trkpt lat="48.7955600249" lon="1.9867077948" /><trkpt lat="48.7955603215" lon="1.9867081008" /><trkpt lat="48.7955606195" lon="1.9867084059" /><trkpt lat="48.7955609164" lon="1.9867087136" /><trkpt lat="48.7955612138" lon="1.9867090211" /><trkpt lat="48.7955615104" lon="1.9867093314" /><trkpt lat="48.7955618079" lon="1.9867096407" /><trkpt lat="48.795562105" lon="1.9867099504" /><trkpt lat="48.7955624029" lon="1.9867102611" /><trkpt lat="48.7955627012" lon="1.9867105707" /><trkpt lat="48.7955629977" lon="1.9867108814" /><trkpt lat="48.7955632965" lon="1.9867111903" /><trkpt lat="48.7955635943" lon="1.9867115" /><trkpt lat="48.7955638918" lon="1.9867118091" /><trkpt lat="48.7955641903" lon="1.9867121196" /><trkpt lat="48.7955644886" lon="1.9867124276" /><trkpt lat="48.7955647875" lon="1.9867127376" /><trkpt lat="48.7955650871" lon="1.9867130436" /><trkpt lat="48.7955653862" lon="1.9867133519" /><trkpt lat="48.795565686" lon="1.9867136584" /><trkpt lat="48.7955659858" lon="1.9867139666" /><trkpt lat="48.7955662865" lon="1.9867142718" /><trkpt lat="48.7955665862" lon="1.9867145783" /><trkpt lat="48.7955668861" lon="1.9867148862" /><trkpt lat="48.7955671863" lon="1.986715192" /><trkpt lat="48.7955674869" lon="1.9867154983" /><trkpt lat="48.7955677879" lon="1.9867158046" /><trkpt lat="48.7955680877" lon="1.9867161115" /><trkpt lat="48.7955683891" lon="1.9867164186" /><trkpt lat="48.7955686895" lon="1.9867167263" /><trkpt lat="48.7955689906" lon="1.9867170328" /><trkpt lat="48.7955692925" lon="1.986717339" /><trkpt lat="48.7955695943" lon="1.9867176447" /><trkpt lat="48.7955698949" lon="1.9867179543" /><trkpt lat="48.7955701984" lon="1.9867182613" /><trkpt lat="48.795570499" lon="1.9867185669" /><trkpt lat="48.7955707988" lon="1.986718868" /><trkpt lat="48.7955711013" lon="1.9867191758" /><trkpt lat="48.7955714042" lon="1.9867194842" /><trkpt lat="48.7955717084" lon="1.9867197832" /><trkpt lat="48.7955720128" lon="1.9867200929" /><trkpt lat="48.7955723163" lon="1.986720405" /><trkpt lat="48.7955726199" lon="1.9867207133" /><trkpt lat="48.7955729221" lon="1.986721019" /><trkpt lat="48.7955732198" lon="1.9867213206" /><trkpt lat="48.7955735207" lon="1.9867216284" /><trkpt lat="48.7955738239" lon="1.9867219367" /><trkpt lat="48.7955741271" lon="1.9867222389" /><trkpt lat="48.795574429" lon="1.986722553" /><trkpt lat="48.7955747306" lon="1.9867228637" /><trkpt lat="48.7955750308" lon="1.986723172" /><trkpt lat="48.7955753277" lon="1.9867234766" /><trkpt lat="48.7955756236" lon="1.986723784" /><trkpt lat="48.7955759227" lon="1.986724093" /><trkpt lat="48.7955762188" lon="1.9867243997" /><trkpt lat="48.7955765145" lon="1.9867247049" /><trkpt lat="48.7955768125" lon="1.9867250159" /><trkpt lat="48.7955771117" lon="1.9867253278" /><trkpt lat="48.7955774063" lon="1.9867256346" /><trkpt lat="48.7955776988" lon="1.9867259423" /><trkpt lat="48.7955779963" lon="1.9867262535" /><trkpt lat="48.7955782914" lon="1.9867265619" /><trkpt lat="48.7955785855" lon="1.9867268696" /><trkpt lat="48.7955788809" lon="1.9867271791" /><trkpt lat="48.7955791761" lon="1.9867274868" /><trkpt lat="48.7955794717" lon="1.9867277943" /><trkpt lat="48.7955797682" lon="1.9867281017" /><trkpt lat="48.7955800635" lon="1.9867284108" /><trkpt lat="48.795580358" lon="1.9867287183" /><trkpt lat="48.7955806537" lon="1.9867290278" /><trkpt lat="48.7955809485" lon="1.9867293372" /><trkpt lat="48.795581243" lon="1.9867296459" /><trkpt lat="48.7955815377" lon="1.9867299558" /><trkpt lat="48.7955818323" lon="1.9867302654" /><trkpt lat="48.7955821274" lon="1.9867305764" /><trkpt lat="48.7955824226" lon="1.9867308877" /><trkpt lat="48.7955827175" lon="1.9867311994" /><trkpt lat="48.7955830118" lon="1.9867315108" /><trkpt lat="48.7955833067" lon="1.9867318223" /><trkpt lat="48.7955836015" lon="1.9867321336" /><trkpt lat="48.795583896" lon="1.9867324453" /><trkpt lat="48.7955841911" lon="1.9867327571" /><trkpt lat="48.7955844864" lon="1.9867330707" /><trkpt lat="48.7955847812" lon="1.9867333826" /><trkpt lat="48.795585076" lon="1.9867336945" /><trkpt lat="48.7955853712" lon="1.9867340062" /><trkpt lat="48.7955856662" lon="1.9867343174" /><trkpt lat="48.7955859617" lon="1.9867346293" /><trkpt lat="48.7955862566" lon="1.9867349399" /><trkpt lat="48.7955865521" lon="1.9867352508" /><trkpt lat="48.7955868472" lon="1.9867355608" /><trkpt lat="48.7955871429" lon="1.9867358706" /><trkpt lat="48.7955874381" lon="1.9867361794" /><trkpt lat="48.7955877335" lon="1.9867364881" /><trkpt lat="48.7955880289" lon="1.9867367964" /><trkpt lat="48.7955886203" lon="1.9867374118" /><trkpt lat="48.7955889153" lon="1.9867377176" /><trkpt lat="48.7955892109" lon="1.9867380237" /><trkpt lat="48.7955895068" lon="1.9867383295" /><trkpt lat="48.7955898021" lon="1.9867386348" /><trkpt lat="48.795590098" lon="1.9867389396" /><trkpt lat="48.7955903928" lon="1.9867392447" /><trkpt lat="48.7955906886" lon="1.9867395499" /><trkpt lat="48.7955909837" lon="1.9867398554" /><trkpt lat="48.795591279" lon="1.9867401603" /><trkpt lat="48.7955915742" lon="1.986740466" /><trkpt lat="48.7955918688" lon="1.9867407711" /><trkpt lat="48.7955921638" lon="1.9867410779" /><trkpt lat="48.7955924578" lon="1.9867413841" /><trkpt lat="48.7955927519" lon="1.9867416902" /><trkpt lat="48.7955930457" lon="1.9867419986" /><trkpt lat="48.7955933391" lon="1.9867423044" /><trkpt lat="48.7955936326" lon="1.9867426117" /><trkpt lat="48.7955939253" lon="1.9867429189" /><trkpt lat="48.7955942183" lon="1.9867432256" /><trkpt lat="48.7955945112" lon="1.9867435335" /><trkpt lat="48.7955948039" lon="1.9867438402" /><trkpt lat="48.7955950969" lon="1.9867441479" /><trkpt lat="48.7955953895" lon="1.9867444541" /><trkpt lat="48.795595682" lon="1.9867447604" /><trkpt lat="48.7955959746" lon="1.986745067" /><trkpt lat="48.7955962665" lon="1.9867453745" /><trkpt lat="48.7955965582" lon="1.9867456832" /><trkpt lat="48.7955968499" lon="1.9867459906" /><trkpt lat="48.7955971415" lon="1.9867462992" /><trkpt lat="48.7955974325" lon="1.986746608" /><trkpt lat="48.7955977239" lon="1.9867469173" /><trkpt lat="48.7955980149" lon="1.9867472264" /><trkpt lat="48.7955983062" lon="1.9867475359" /><trkpt lat="48.7955985975" lon="1.9867478456" /><trkpt lat="48.795598889" lon="1.9867481542" /><trkpt lat="48.7955991804" lon="1.986748463" /><trkpt lat="48.7955994724" lon="1.9867487722" /><trkpt lat="48.795599764" lon="1.9867490807" /><trkpt lat="48.7956000553" lon="1.9867493891" /><trkpt lat="48.7956003465" lon="1.9867496969" /><trkpt lat="48.7956006377" lon="1.9867500053" /><trkpt lat="48.7956009287" lon="1.9867503137" /><trkpt lat="48.7956012196" lon="1.9867506223" /><trkpt lat="48.7956015101" lon="1.9867509305" /><trkpt lat="48.7956018009" lon="1.9867512389" /><trkpt lat="48.7956020911" lon="1.9867515492" /><trkpt lat="48.795602381" lon="1.9867518578" /><trkpt lat="48.7956026707" lon="1.9867521674" /><trkpt lat="48.7956029603" lon="1.9867524775" /><trkpt lat="48.7956032498" lon="1.9867527863" /><trkpt lat="48.7956035393" lon="1.9867530976" /><trkpt lat="48.7956038281" lon="1.986753408" /><trkpt lat="48.7956041181" lon="1.9867537169" /><trkpt lat="48.7956044065" lon="1.986754027" /><trkpt lat="48.7956046959" lon="1.9867543349" /><trkpt lat="48.795604984" lon="1.9867546451" /><trkpt lat="48.795605273" lon="1.9867549536" /><trkpt lat="48.7956055617" lon="1.9867552613" /><trkpt lat="48.7956058511" lon="1.9867555688" /><trkpt lat="48.7956061397" lon="1.9867558757" /><trkpt lat="48.7956064285" lon="1.9867561817" /><trkpt lat="48.7956067179" lon="1.9867564877" /><trkpt lat="48.7956070069" lon="1.9867567921" /><trkpt lat="48.7956072949" lon="1.9867570974" /><trkpt lat="48.7956075841" lon="1.9867574013" /><trkpt lat="48.7956078715" lon="1.9867577051" /><trkpt lat="48.79560816" lon="1.9867580095" /><trkpt lat="48.7956084472" lon="1.9867583123" /><trkpt lat="48.7956087348" lon="1.9867586157" /><trkpt lat="48.7956090221" lon="1.9867589186" /><trkpt lat="48.7956093094" lon="1.986759221" /><trkpt lat="48.7956095961" lon="1.9867595244" /><trkpt lat="48.7956098828" lon="1.9867598259" /><trkpt lat="48.7956101697" lon="1.9867601281" /><trkpt lat="48.7956104566" lon="1.9867604289" /><trkpt lat="48.7956107423" lon="1.9867607316" /><trkpt lat="48.7956110292" lon="1.9867610322" /><trkpt lat="48.7956113141" lon="1.986761335" /><trkpt lat="48.7956115996" lon="1.9867616374" /><trkpt lat="48.7956118856" lon="1.9867619395" /><trkpt lat="48.7956121703" lon="1.9867622417" /><trkpt lat="48.7956124552" lon="1.9867625442" /><trkpt lat="48.7956127407" lon="1.9867628472" /><trkpt lat="48.7956130276" lon="1.986763152" /><trkpt lat="48.7956133094" lon="1.9867634518" /><trkpt lat="48.7956135947" lon="1.9867637537" /><trkpt lat="48.7956138787" lon="1.9867640571" /><trkpt lat="48.7956141607" lon="1.9867643586" /><trkpt lat="48.7956144457" lon="1.9867646636" /><trkpt lat="48.7956147297" lon="1.9867649675" /><trkpt lat="48.795615015" lon="1.986765273" /><trkpt lat="48.7956152964" lon="1.9867655761" /><trkpt lat="48.7956155791" lon="1.9867658801" /><trkpt lat="48.7956158635" lon="1.9867661865" /><trkpt lat="48.795616147" lon="1.9867664896" /><trkpt lat="48.7956164298" lon="1.9867667936" /><trkpt lat="48.7956167125" lon="1.9867670964" /><trkpt lat="48.7956169937" lon="1.9867674017" /><trkpt lat="48.7956172772" lon="1.9867677049" /><trkpt lat="48.7956175606" lon="1.9867680106" /><trkpt lat="48.7956178431" lon="1.9867683139" /><trkpt lat="48.7956181248" lon="1.9867686171" /><trkpt lat="48.7956184064" lon="1.9867689204" /><trkpt lat="48.7956186887" lon="1.9867692247" /><trkpt lat="48.7956189706" lon="1.9867695287" /><trkpt lat="48.7956192519" lon="1.9867698326" /><trkpt lat="48.795619534" lon="1.9867701351" /><trkpt lat="48.7956198154" lon="1.9867704386" /><trkpt lat="48.7956200962" lon="1.9867707404" /><trkpt lat="48.7956203773" lon="1.9867710425" /><trkpt lat="48.7956206583" lon="1.9867713445" /><trkpt lat="48.7956209394" lon="1.9867716452" /><trkpt lat="48.7956212202" lon="1.9867719475" /><trkpt lat="48.7956215017" lon="1.9867722481" /><trkpt lat="48.795621782" lon="1.9867725481" /><trkpt lat="48.7956220635" lon="1.9867728477" /><trkpt lat="48.7956223452" lon="1.9867731493" /><trkpt lat="48.7956226251" lon="1.9867734485" /><trkpt lat="48.795622906" lon="1.9867737485" /><trkpt lat="48.7956231875" lon="1.986774049" /><trkpt lat="48.7956234673" lon="1.9867743486" /><trkpt lat="48.795623748" lon="1.9867746485" /><trkpt lat="48.795624029" lon="1.9867749487" /><trkpt lat="48.7956243093" lon="1.9867752491" /><trkpt lat="48.79562459" lon="1.9867755499" /><trkpt lat="48.7956248702" lon="1.9867758489" /><trkpt lat="48.7956251505" lon="1.9867761499" /><trkpt lat="48.7956254307" lon="1.9867764505" /><trkpt lat="48.7956257105" lon="1.9867767498" /><trkpt lat="48.7956259896" lon="1.9867770515" /><trkpt lat="48.7956262692" lon="1.986777351" /><trkpt lat="48.7956265491" lon="1.9867776525" /><trkpt lat="48.7956268276" lon="1.9867779527" /><trkpt lat="48.7956271062" lon="1.9867782539" /><trkpt lat="48.7956273852" lon="1.9867785546" /><trkpt lat="48.7956276634" lon="1.9867788559" /><trkpt lat="48.7956279424" lon="1.9867791568" /><trkpt lat="48.7956282205" lon="1.9867794561" /><trkpt lat="48.7956284993" lon="1.9867797575" /><trkpt lat="48.7956287767" lon="1.9867800575" /><trkpt lat="48.7956290548" lon="1.9867803577" /><trkpt lat="48.795629333" lon="1.9867806588" /><trkpt lat="48.7956296107" lon="1.9867809587" /><trkpt lat="48.7956298882" lon="1.9867812596" /><trkpt lat="48.7956301661" lon="1.9867815586" /><trkpt lat="48.7956304434" lon="1.9867818593" /><trkpt lat="48.795630721" lon="1.9867821596" /><trkpt lat="48.7956309974" lon="1.9867824593" /><trkpt lat="48.7956312749" lon="1.9867827592" /><trkpt lat="48.7956315515" lon="1.9867830592" /><trkpt lat="48.7956318279" lon="1.9867833595" /><trkpt lat="48.7956321041" lon="1.9867836589" /><trkpt lat="48.79563238" lon="1.9867839589" /><trkpt lat="48.7956326557" lon="1.9867842594" /><trkpt lat="48.7956329311" lon="1.9867845588" /><trkpt lat="48.7956332065" lon="1.9867848593" /><trkpt lat="48.795633481" lon="1.9867851578" /><trkpt lat="48.7956337564" lon="1.98678546" /><trkpt lat="48.7956340332" lon="1.9867857607" /><trkpt lat="48.795634307" lon="1.9867860604" /><trkpt lat="48.7956345809" lon="1.9867863587" /><trkpt lat="48.795634855" lon="1.9867866574" /><trkpt lat="48.7956351264" lon="1.986786959" /><trkpt lat="48.7956353982" lon="1.9867872576" /><trkpt lat="48.7956356706" lon="1.9867875554" /><trkpt lat="48.7956359439" lon="1.9867878559" /><trkpt lat="48.7956362179" lon="1.9867881571" /><trkpt lat="48.7956364916" lon="1.986788457" /><trkpt lat="48.7956367655" lon="1.986788755" /><trkpt lat="48.7956370401" lon="1.9867890577" /><trkpt lat="48.7956373141" lon="1.9867893551" /><trkpt lat="48.7956375879" lon="1.9867896541" /><trkpt lat="48.795637862" lon="1.9867899546" /><trkpt lat="48.7956381354" lon="1.9867902534" /><trkpt lat="48.7956384082" lon="1.9867905474" /><trkpt lat="48.7956386835" lon="1.9867908465" /><trkpt lat="48.7956389599" lon="1.9867911439" /><trkpt lat="48.7956392339" lon="1.9867914415" /><trkpt lat="48.7956395065" lon="1.9867917383" /><trkpt lat="48.7956397817" lon="1.9867920358" /><trkpt lat="48.7956400564" lon="1.9867923333" /><trkpt lat="48.7956403287" lon="1.9867926285" /><trkpt lat="48.795640602" lon="1.9867929268" /><trkpt lat="48.7956408755" lon="1.986793224" /><trkpt lat="48.7956411486" lon="1.9867935198" /><trkpt lat="48.7956414222" lon="1.9867938165" /><trkpt lat="48.7956416951" lon="1.9867941148" /><trkpt lat="48.7956419678" lon="1.9867944111" /><trkpt lat="48.7956422407" lon="1.9867947084" /><trkpt lat="48.7956425134" lon="1.9867950052" /><trkpt lat="48.7956427851" lon="1.9867953028" /><trkpt lat="48.7956430571" lon="1.9867955998" /><trkpt lat="48.7956433293" lon="1.9867958976" /><trkpt lat="48.7956436011" lon="1.9867961927" /><trkpt lat="48.7956438728" lon="1.9867964913" /><trkpt lat="48.7956441444" lon="1.9867967872" /><trkpt lat="48.7956444154" lon="1.9867970836" /><trkpt lat="48.7956446878" lon="1.9867973803" /><trkpt lat="48.795644959" lon="1.9867976767" /><trkpt lat="48.7956452302" lon="1.9867979729" /><trkpt lat="48.7956455015" lon="1.9867982684" /><trkpt lat="48.7956457732" lon="1.9867985655" /><trkpt lat="48.7956460435" lon="1.9867988618" /><trkpt lat="48.7956463138" lon="1.9867991585" /><trkpt lat="48.7956465851" lon="1.986799454" /><trkpt lat="48.7956468559" lon="1.9867997502" /><trkpt lat="48.7956471259" lon="1.9868000456" /><trkpt lat="48.7956473967" lon="1.9868003421" /><trkpt lat="48.7956476682" lon="1.986800639" /><trkpt lat="48.7956479396" lon="1.9868009347" /><trkpt lat="48.7956482115" lon="1.9868012327" /><trkpt lat="48.7956484828" lon="1.9868015287" /><trkpt lat="48.7956487548" lon="1.986801826" /><trkpt lat="48.7956490253" lon="1.9868021217" /><trkpt lat="48.7956492963" lon="1.9868024195" /><trkpt lat="48.7956495675" lon="1.9868027147" /><trkpt lat="48.7956498386" lon="1.9868030104" /><trkpt lat="48.7956501101" lon="1.9868033059" /><trkpt lat="48.7956503809" lon="1.9868036022" /><trkpt lat="48.7956506513" lon="1.9868038976" /><trkpt lat="48.7956509228" lon="1.986804193" /><trkpt lat="48.795651194" lon="1.9868044883" /><trkpt lat="48.7956514647" lon="1.9868047825" /><trkpt lat="48.7956517359" lon="1.986805079" /><trkpt lat="48.795652007" lon="1.9868053726" /><trkpt lat="48.7956522776" lon="1.986805668" /><trkpt lat="48.7956525479" lon="1.9868059629" /><trkpt lat="48.7956528182" lon="1.9868062581" /><trkpt lat="48.7956530883" lon="1.9868065526" /><trkpt lat="48.7956533584" lon="1.986806848" /><trkpt lat="48.7956536289" lon="1.9868071428" /><trkpt lat="48.7956538982" lon="1.986807438" /><trkpt lat="48.7956541683" lon="1.9868077321" /><trkpt lat="48.7956544383" lon="1.9868080272" /><trkpt lat="48.7956547078" lon="1.9868083224" /><trkpt lat="48.7956549779" lon="1.9868086165" /><trkpt lat="48.7956552471" lon="1.9868089097" /><trkpt lat="48.7956555175" lon="1.9868092036" /><trkpt lat="48.7956557875" lon="1.9868094984" /><trkpt lat="48.7956560568" lon="1.9868097911" /><trkpt lat="48.7956563268" lon="1.9868100845" /><trkpt lat="48.7956565968" lon="1.9868103787" /><trkpt lat="48.7956568662" lon="1.9868106715" /><trkpt lat="48.7956571357" lon="1.9868109656" /><trkpt lat="48.7956574052" lon="1.9868112586" /><trkpt lat="48.7956576744" lon="1.9868115529" /><trkpt lat="48.7956579438" lon="1.9868118467" /><trkpt lat="48.7956582126" lon="1.9868121404" /><trkpt lat="48.7956584829" lon="1.9868124336" /><trkpt lat="48.7956587517" lon="1.986812728" /><trkpt lat="48.7956590212" lon="1.9868130205" /><trkpt lat="48.7956592906" lon="1.9868133152" /><trkpt lat="48.7956595596" lon="1.9868136088" /><trkpt lat="48.7956598297" lon="1.986813903" /><trkpt lat="48.7956600987" lon="1.9868141968" /><trkpt lat="48.7956603682" lon="1.9868144916" /><trkpt lat="48.7956606373" lon="1.9868147856" /><trkpt lat="48.7956609064" lon="1.9868150813" /><trkpt lat="48.795661176" lon="1.9868153761" /><trkpt lat="48.7956614451" lon="1.9868156705" /><trkpt lat="48.7956617148" lon="1.9868159664" /><trkpt lat="48.7956619842" lon="1.9868162616" /><trkpt lat="48.7956622532" lon="1.9868165565" /><trkpt lat="48.7956625222" lon="1.9868168522" /><trkpt lat="48.7956627925" lon="1.9868171474" /><trkpt lat="48.7956630619" lon="1.9868174423" /><trkpt lat="48.7956633311" lon="1.9868177385" /><trkpt lat="48.7956636009" lon="1.9868180329" /><trkpt lat="48.7956638702" lon="1.986818328" /><trkpt lat="48.7956641406" lon="1.9868186242" /><trkpt lat="48.7956644103" lon="1.9868189196" /><trkpt lat="48.7956646804" lon="1.9868192129" /><trkpt lat="48.7956649512" lon="1.9868195077" /><trkpt lat="48.7956652221" lon="1.9868198045" /><trkpt lat="48.7956654922" lon="1.9868200964" /><trkpt lat="48.7956657633" lon="1.986820391" /><trkpt lat="48.7956660345" lon="1.9868206865" /><trkpt lat="48.7956663051" lon="1.9868209804" /><trkpt lat="48.7956665764" lon="1.9868212732" /><trkpt lat="48.7956668469" lon="1.9868215678" /><trkpt lat="48.7956671183" lon="1.9868218639" /><trkpt lat="48.7956673892" lon="1.98682216" /><trkpt lat="48.79566766" lon="1.9868224553" /><trkpt lat="48.7956679308" lon="1.9868227506" /><trkpt lat="48.7956682021" lon="1.9868230469" /><trkpt lat="48.795668473" lon="1.9868233433" /><trkpt lat="48.7956687439" lon="1.9868236394" /><trkpt lat="48.7956690152" lon="1.9868239356" /><trkpt lat="48.7956692864" lon="1.9868242318" /><trkpt lat="48.7956695587" lon="1.9868245287" /><trkpt lat="48.7956698304" lon="1.9868248249" /><trkpt lat="48.7956701016" lon="1.9868251191" /><trkpt lat="48.7956703748" lon="1.9868254152" /><trkpt lat="48.7956706466" lon="1.9868257105" /><trkpt lat="48.7956709188" lon="1.9868260061" /><trkpt lat="48.7956711914" lon="1.9868263016" /><trkpt lat="48.7956714644" lon="1.9868265973" /><trkpt lat="48.7956717369" lon="1.9868268935" /><trkpt lat="48.7956720089" lon="1.9868271903" /><trkpt lat="48.7956722815" lon="1.9868274866" /><trkpt lat="48.7956725543" lon="1.9868277821" /><trkpt lat="48.7956728279" lon="1.9868280783" /><trkpt lat="48.7956731005" lon="1.986828375" /><trkpt lat="48.7956733734" lon="1.9868286716" /><trkpt lat="48.7956736473" lon="1.9868289689" /><trkpt lat="48.7956739203" lon="1.9868292662" /><trkpt lat="48.7956741936" lon="1.9868295618" /><trkpt lat="48.7956744666" lon="1.9868298582" /><trkpt lat="48.7956747401" lon="1.9868301533" /><trkpt lat="48.795675013" lon="1.9868304516" /><trkpt lat="48.795675286" lon="1.9868307478" /><trkpt lat="48.795675559" lon="1.9868310445" /><trkpt lat="48.7956758327" lon="1.9868313425" /><trkpt lat="48.7956761057" lon="1.9868316404" /><trkpt lat="48.7956763794" lon="1.9868319385" /><trkpt lat="48.7956766524" lon="1.9868322359" /><trkpt lat="48.7956769267" lon="1.986832534" /><trkpt lat="48.7956772005" lon="1.9868328325" /><trkpt lat="48.7956774741" lon="1.9868331315" /><trkpt lat="48.7956777483" lon="1.9868334294" /><trkpt lat="48.7956780224" lon="1.9868337284" /><trkpt lat="48.7956782963" lon="1.9868340261" /><trkpt lat="48.7956785707" lon="1.9868343246" /><trkpt lat="48.7956788451" lon="1.986834624" /><trkpt lat="48.7956791193" lon="1.9868349229" /><trkpt lat="48.7956793939" lon="1.9868352226" /><trkpt lat="48.795679668" lon="1.9868355207" /><trkpt lat="48.795679943" lon="1.9868358202" /><trkpt lat="48.7956802181" lon="1.9868361194" /><trkpt lat="48.7956804927" lon="1.9868364179" /><trkpt lat="48.7956807681" lon="1.9868367164" /><trkpt lat="48.7956810438" lon="1.986837015" /><trkpt lat="48.7956813197" lon="1.9868373157" /><trkpt lat="48.7956815949" lon="1.986837614" /><trkpt lat="48.7956818699" lon="1.9868379135" /><trkpt lat="48.7956821467" lon="1.9868382126" /><trkpt lat="48.7956824227" lon="1.9868385122" /><trkpt lat="48.7956826988" lon="1.9868388126" /><trkpt lat="48.7956829742" lon="1.9868391129" /><trkpt lat="48.7956832503" lon="1.9868394131" /><trkpt lat="48.7956835267" lon="1.9868397144" /><trkpt lat="48.7956838032" lon="1.986840015" /><trkpt lat="48.7956840799" lon="1.9868403146" /><trkpt lat="48.7956843571" lon="1.9868406166" /><trkpt lat="48.7956846341" lon="1.9868409159" /><trkpt lat="48.7956849117" lon="1.9868412159" /><trkpt lat="48.7956851894" lon="1.9868415169" /><trkpt lat="48.7956854676" lon="1.9868418153" /><trkpt lat="48.7956857455" lon="1.9868421162" /><trkpt lat="48.7956860237" lon="1.9868424154" /><trkpt lat="48.7956863023" lon="1.9868427158" /><trkpt lat="48.7956865808" lon="1.9868430159" /><trkpt lat="48.7956868586" lon="1.9868433174" /><trkpt lat="48.7956871368" lon="1.9868436172" /><trkpt lat="48.7956874151" lon="1.9868439197" /><trkpt lat="48.7956876934" lon="1.9868442206" /><trkpt lat="48.7956879717" lon="1.9868445242" /><trkpt lat="48.7956882493" lon="1.9868448243" /><trkpt lat="48.7956885278" lon="1.9868451277" /><trkpt lat="48.7956888063" lon="1.9868454313" /><trkpt lat="48.7956890842" lon="1.9868457316" /><trkpt lat="48.7956893634" lon="1.9868460341" /><trkpt lat="48.7956896417" lon="1.9868463361" /><trkpt lat="48.7956899215" lon="1.9868466386" /><trkpt lat="48.7956902002" lon="1.9868469408" /><trkpt lat="48.79569048" lon="1.9868472408" /><trkpt lat="48.79569076" lon="1.9868475438" /><trkpt lat="48.7956910398" lon="1.9868478444" /><trkpt lat="48.7956913195" lon="1.9868481452" /><trkpt lat="48.7956915995" lon="1.9868484455" /><trkpt lat="48.7956918799" lon="1.9868487481" /><trkpt lat="48.7956921607" lon="1.9868490503" /><trkpt lat="48.7956924405" lon="1.9868493515" /><trkpt lat="48.7956927208" lon="1.9868496551" /><trkpt lat="48.7956930011" lon="1.9868499568" /><trkpt lat="48.795693282" lon="1.986850261" /><trkpt lat="48.7956935619" lon="1.9868505641" /><trkpt lat="48.7956938426" lon="1.9868508685" /><trkpt lat="48.7956941232" lon="1.9868511723" /><trkpt lat="48.7956944041" lon="1.9868514764" /><trkpt lat="48.7956946849" lon="1.9868517817" /><trkpt lat="48.7956949659" lon="1.9868520851" /><trkpt lat="48.7956952471" lon="1.9868523894" /><trkpt lat="48.7956955295" lon="1.9868526923" /><trkpt lat="48.7956958109" lon="1.9868529961" /><trkpt lat="48.7956960919" lon="1.9868533005" /><trkpt lat="48.795696374" lon="1.9868536043" /><trkpt lat="48.7956966567" lon="1.9868539083" /><trkpt lat="48.7956969388" lon="1.9868542125" /><trkpt lat="48.7956972207" lon="1.9868545168" /><trkpt lat="48.7956975026" lon="1.986854822" /><trkpt lat="48.7956977852" lon="1.9868551265" /><trkpt lat="48.7956980675" lon="1.9868554328" /><trkpt lat="48.7956983495" lon="1.9868557371" /><trkpt lat="48.7956986321" lon="1.986856043" /><trkpt lat="48.7956989142" lon="1.9868563495" /><trkpt lat="48.7956991965" lon="1.9868566561" /><trkpt lat="48.7956994795" lon="1.9868569615" /><trkpt lat="48.7956997622" lon="1.9868572675" /><trkpt lat="48.7957000448" lon="1.9868575728" /><trkpt lat="48.7957003282" lon="1.986857879" /><trkpt lat="48.7957006108" lon="1.9868581856" /><trkpt lat="48.7957008946" lon="1.9868584897" /><trkpt lat="48.7957011779" lon="1.9868587959" /><trkpt lat="48.7957014619" lon="1.9868591009" /><trkpt lat="48.7957017457" lon="1.9868594067" /><trkpt lat="48.7957020283" lon="1.986859712" /><trkpt lat="48.7957023109" lon="1.9868600194" /><trkpt lat="48.7957025939" lon="1.9868603246" /><trkpt lat="48.7957028757" lon="1.9868606309" /><trkpt lat="48.7957031579" lon="1.9868609378" /><trkpt lat="48.7957034403" lon="1.9868612442" /><trkpt lat="48.7957037227" lon="1.9868615511" /><trkpt lat="48.7957040065" lon="1.9868618578" /><trkpt lat="48.7957042887" lon="1.9868621657" /><trkpt lat="48.7957045713" lon="1.9868624714" /><trkpt lat="48.7957048551" lon="1.9868627792" /><trkpt lat="48.7957051381" lon="1.986863085" /><trkpt lat="48.7957054217" lon="1.9868633916" /><trkpt lat="48.7957057054" lon="1.9868636989" /><trkpt lat="48.7957059891" lon="1.9868640047" /><trkpt lat="48.795706273" lon="1.986864311" /><trkpt lat="48.7957065572" lon="1.9868646177" /><trkpt lat="48.7957068413" lon="1.986864925" /><trkpt lat="48.7957071245" lon="1.9868652322" /><trkpt lat="48.7957074095" lon="1.9868655392" /><trkpt lat="48.7957076926" lon="1.9868658473" /><trkpt lat="48.7957079768" lon="1.9868661548" /><trkpt lat="48.7957082608" lon="1.9868664628" /><trkpt lat="48.7957085447" lon="1.9868667712" /><trkpt lat="48.7957088286" lon="1.9868670791" /><trkpt lat="48.7957091136" lon="1.9868673879" /><trkpt lat="48.795709397" lon="1.9868676959" /><trkpt lat="48.7957096817" lon="1.9868680041" /><trkpt lat="48.7957099663" lon="1.9868683128" /><trkpt lat="48.7957102513" lon="1.986868621" /><trkpt lat="48.7957105363" lon="1.9868689291" /><trkpt lat="48.7957108212" lon="1.9868692362" /><trkpt lat="48.7957111061" lon="1.9868695453" /><trkpt lat="48.7957113923" lon="1.9868698529" /><trkpt lat="48.7957116775" lon="1.9868701612" /><trkpt lat="48.7957119634" lon="1.9868704688" /><trkpt lat="48.7957122492" lon="1.9868707773" /><trkpt lat="48.7957125351" lon="1.9868710848" /><trkpt lat="48.7957128211" lon="1.9868713932" /><trkpt lat="48.7957131076" lon="1.9868717022" /><trkpt lat="48.7957133929" lon="1.9868720104" /><trkpt lat="48.7957136792" lon="1.98687232" /><trkpt lat="48.7957139663" lon="1.9868726296" /><trkpt lat="48.7957142518" lon="1.9868729392" /><trkpt lat="48.7957145382" lon="1.9868732485" /><trkpt lat="48.7957148252" lon="1.9868735578" /><trkpt lat="48.795715112" lon="1.9868738681" /><trkpt lat="48.7957153982" lon="1.9868741765" /><trkpt lat="48.7957156861" lon="1.9868744871" /><trkpt lat="48.7957159726" lon="1.9868747954" /><trkpt lat="48.7957162602" lon="1.9868751037" /><trkpt lat="48.7957165481" lon="1.9868754124" /><trkpt lat="48.795716835" lon="1.9868757212" /><trkpt lat="48.7957171229" lon="1.9868760295" /><trkpt lat="48.7957174103" lon="1.9868763381" /><trkpt lat="48.7957176982" lon="1.9868766463" /><trkpt lat="48.7957179863" lon="1.9868769557" /><trkpt lat="48.7957182731" lon="1.9868772647" /><trkpt lat="48.7957185615" lon="1.9868775732" /><trkpt lat="48.7957188494" lon="1.9868778842" /><trkpt lat="48.795719137" lon="1.986878193" /><trkpt lat="48.7957194249" lon="1.986878503" /><trkpt lat="48.7957197128" lon="1.9868788132" /><trkpt lat="48.7957200016" lon="1.986879125" /><trkpt lat="48.7957202888" lon="1.9868794355" /><trkpt lat="48.7957205769" lon="1.9868797466" /><trkpt lat="48.7957208656" lon="1.9868800573" /><trkpt lat="48.7957211542" lon="1.9868803673" /><trkpt lat="48.7957214427" lon="1.9868806772" /><trkpt lat="48.795721731" lon="1.9868809891" /><trkpt lat="48.7957220204" lon="1.9868812993" /><trkpt lat="48.7957223089" lon="1.9868816091" /><trkpt lat="48.7957225984" lon="1.9868819211" /><trkpt lat="48.7957228881" lon="1.9868822315" /><trkpt lat="48.7957231764" lon="1.9868825418" /><trkpt lat="48.795723466" lon="1.9868828538" /><trkpt lat="48.7957237569" lon="1.9868831646" /><trkpt lat="48.7957240464" lon="1.9868834752" /><trkpt lat="48.7957243355" lon="1.9868837868" /><trkpt lat="48.7957246261" lon="1.9868840983" /><trkpt lat="48.7957249165" lon="1.9868844096" /><trkpt lat="48.7957252065" lon="1.9868847217" /><trkpt lat="48.7957254967" lon="1.9868850337" /><trkpt lat="48.795725788" lon="1.9868853457" /><trkpt lat="48.795726078" lon="1.9868856561" /><trkpt lat="48.7957263693" lon="1.9868859683" /><trkpt lat="48.7957266602" lon="1.9868862799" /><trkpt lat="48.7957269508" lon="1.9868865913" /><trkpt lat="48.7957272426" lon="1.9868869036" /><trkpt lat="48.7957275332" lon="1.9868872151" /><trkpt lat="48.7957278246" lon="1.9868875272" /><trkpt lat="48.7957281166" lon="1.9868878403" /><trkpt lat="48.7957284074" lon="1.986888154" /><trkpt lat="48.7957286987" lon="1.986888468" /><trkpt lat="48.7957289902" lon="1.9868887809" /><trkpt lat="48.7957292817" lon="1.9868890939" /><trkpt lat="48.7957295744" lon="1.9868894072" /><trkpt lat="48.7957298658" lon="1.9868897209" /><trkpt lat="48.7957301586" lon="1.9868900327" /><trkpt lat="48.7957304509" lon="1.9868903458" /><trkpt lat="48.7957307435" lon="1.9868906582" /><trkpt lat="48.7957310378" lon="1.9868909718" /><trkpt lat="48.7957313313" lon="1.986891284" /><trkpt lat="48.7957316262" lon="1.9868915976" /><trkpt lat="48.7957319203" lon="1.9868919121" /><trkpt lat="48.7957322149" lon="1.9868922247" /><trkpt lat="48.7957325089" lon="1.9868925383" /><trkpt lat="48.7957328036" lon="1.9868928508" /><trkpt lat="48.7957330988" lon="1.9868931656" /><trkpt lat="48.7957333927" lon="1.98689348" /><trkpt lat="48.7957336872" lon="1.9868937943" /><trkpt lat="48.7957339821" lon="1.9868941081" /><trkpt lat="48.7957342779" lon="1.9868944243" /><trkpt lat="48.7957345716" lon="1.9868947378" /><trkpt lat="48.7957348661" lon="1.986895053" /><trkpt lat="48.7957351621" lon="1.9868953694" /><trkpt lat="48.7957354571" lon="1.9868956841" /><trkpt lat="48.7957357515" lon="1.9868960001" /><trkpt lat="48.7957360471" lon="1.9868963153" /><trkpt lat="48.7957363419" lon="1.9868966316" /><trkpt lat="48.7957366383" lon="1.9868969476" /><trkpt lat="48.7957369343" lon="1.9868972638" /><trkpt lat="48.795737229" lon="1.9868975791" /><trkpt lat="48.7957375249" lon="1.9868978958" /><trkpt lat="48.795737821" lon="1.9868982125" /><trkpt lat="48.7957381167" lon="1.9868985282" /><trkpt lat="48.7957384136" lon="1.9868988429" /><trkpt lat="48.7957387101" lon="1.986899159" /><trkpt lat="48.795739007" lon="1.9868994741" /><trkpt lat="48.7957393044" lon="1.9868997906" /><trkpt lat="48.7957396017" lon="1.9869001046" /><trkpt lat="48.7957398987" lon="1.986900421" /><trkpt lat="48.7957401967" lon="1.9869007362" /><trkpt lat="48.7957404945" lon="1.9869010529" /><trkpt lat="48.7957407915" lon="1.9869013689" /><trkpt lat="48.7957410897" lon="1.986901685" /><trkpt lat="48.7957413887" lon="1.9869020017" /><trkpt lat="48.7957416861" lon="1.9869023174" /><trkpt lat="48.795741984" lon="1.9869026355" /><trkpt lat="48.7957422822" lon="1.9869029528" /><trkpt lat="48.7957425805" lon="1.9869032693" /><trkpt lat="48.7957428783" lon="1.9869035873" /><trkpt lat="48.7957431768" lon="1.9869039057" /><trkpt lat="48.7957434752" lon="1.9869042243" /><trkpt lat="48.7957437727" lon="1.9869045439" /><trkpt lat="48.7957440713" lon="1.9869048615" /><trkpt lat="48.7957443699" lon="1.9869051804" /><trkpt lat="48.7957446694" lon="1.9869054995" /><trkpt lat="48.7957449686" lon="1.986905818" /><trkpt lat="48.7957452678" lon="1.9869061364" /><trkpt lat="48.7957455678" lon="1.9869064551" /><trkpt lat="48.7957458683" lon="1.9869067721" /><trkpt lat="48.7957461688" lon="1.9869070909" /><trkpt lat="48.7957464691" lon="1.9869074079" /><trkpt lat="48.7957467693" lon="1.9869077266" /><trkpt lat="48.7957470704" lon="1.9869080426" /><trkpt lat="48.7957473713" lon="1.9869083622" /><trkpt lat="48.7957476721" lon="1.98690868" /><trkpt lat="48.7957479726" lon="1.9869089967" /><trkpt lat="48.7957482737" lon="1.9869093165" /><trkpt lat="48.795748575" lon="1.9869096348" /><trkpt lat="48.7957488756" lon="1.986909954" /><trkpt lat="48.7957491765" lon="1.9869102728" /><trkpt lat="48.7957494787" lon="1.9869105923" /><trkpt lat="48.7957497799" lon="1.9869109107" /><trkpt lat="48.7957500815" lon="1.9869112309" /><trkpt lat="48.795750383" lon="1.9869115495" /><trkpt lat="48.7957506858" lon="1.9869118685" /><trkpt lat="48.7957509876" lon="1.9869121875" /><trkpt lat="48.7957512909" lon="1.9869125058" /><trkpt lat="48.795751593" lon="1.9869128243" /><trkpt lat="48.7957518954" lon="1.9869131425" /><trkpt lat="48.7957521988" lon="1.9869134622" /><trkpt lat="48.7957525015" lon="1.9869137816" /><trkpt lat="48.7957528046" lon="1.9869141011" /><trkpt lat="48.7957531083" lon="1.9869144194" /><trkpt lat="48.7957534108" lon="1.9869147403" /><trkpt lat="48.7957537138" lon="1.9869150617" /><trkpt lat="48.795754017" lon="1.9869153831" /><trkpt lat="48.7957543197" lon="1.9869157039" /><trkpt lat="48.7957546235" lon="1.9869160275" /><trkpt lat="48.7957549263" lon="1.9869163499" /><trkpt lat="48.7957552302" lon="1.9869166728" /><trkpt lat="48.7957555328" lon="1.9869169966" /><trkpt lat="48.7957558372" lon="1.9869173195" /><trkpt lat="48.7957561407" lon="1.9869176425" /><trkpt lat="48.7957564444" lon="1.9869179654" /><trkpt lat="48.7957567489" lon="1.986918288" /><trkpt lat="48.7957570528" lon="1.9869186094" /><trkpt lat="48.7957573575" lon="1.9869189326" /><trkpt lat="48.795757662" lon="1.9869192546" /><trkpt lat="48.7957579673" lon="1.9869195763" /><trkpt lat="48.7957582712" lon="1.9869198996" /><trkpt lat="48.795758576" lon="1.9869202206" /><trkpt lat="48.7957588813" lon="1.9869205445" /><trkpt lat="48.7957591857" lon="1.9869208675" /><trkpt lat="48.7957594911" lon="1.9869211916" /><trkpt lat="48.7957597958" lon="1.9869215128" /><trkpt lat="48.7957601018" lon="1.9869218366" /><trkpt lat="48.7957604068" lon="1.9869221608" /><trkpt lat="48.795760712" lon="1.9869224841" /><trkpt lat="48.7957610161" lon="1.9869228087" /><trkpt lat="48.7957613211" lon="1.9869231324" /><trkpt lat="48.7957616257" lon="1.9869234569" /><trkpt lat="48.7957619309" lon="1.9869237803" /><trkpt lat="48.7957622364" lon="1.9869241052" /><trkpt lat="48.7957625419" lon="1.9869244295" /><trkpt lat="48.7957628476" lon="1.9869247527" /><trkpt lat="48.7957631534" lon="1.9869250769" /><trkpt lat="48.7957634594" lon="1.9869254012" /><trkpt lat="48.7957637652" lon="1.9869257261" /><trkpt lat="48.7957640714" lon="1.9869260512" /><trkpt lat="48.7957643778" lon="1.9869263762" /><trkpt lat="48.795764684" lon="1.9869267011" /><trkpt lat="48.79576499" lon="1.9869270274" /><trkpt lat="48.7957652961" lon="1.9869273528" /><trkpt lat="48.7957656028" lon="1.9869276782" /><trkpt lat="48.7957659088" lon="1.9869280042" /><trkpt lat="48.7957662151" lon="1.9869283312" /><trkpt lat="48.7957665217" lon="1.9869286577" /><trkpt lat="48.7957668286" lon="1.9869289853" /><trkpt lat="48.7957671353" lon="1.9869293105" /><trkpt lat="48.7957674418" lon="1.9869296381" /><trkpt lat="48.7957677487" lon="1.9869299653" /><trkpt lat="48.7957680563" lon="1.9869302918" /><trkpt lat="48.7957683636" lon="1.9869306191" /><trkpt lat="48.7957686715" lon="1.9869309457" /><trkpt lat="48.7957689794" lon="1.9869312725" /><trkpt lat="48.795769288" lon="1.9869315992" /><trkpt lat="48.7957695968" lon="1.9869319252" /><trkpt lat="48.7957699063" lon="1.9869322526" /><trkpt lat="48.7957702156" lon="1.9869325784" /><trkpt lat="48.7957705253" lon="1.9869329061" /><trkpt lat="48.7957708347" lon="1.9869332314" /><trkpt lat="48.7957711457" lon="1.9869335585" /><trkpt lat="48.7957714556" lon="1.9869338857" /><trkpt lat="48.7957717668" lon="1.986934212" /><trkpt lat="48.7957720772" lon="1.9869345389" /><trkpt lat="48.7957723886" lon="1.9869348652" /><trkpt lat="48.795772699" lon="1.9869351938" /><trkpt lat="48.7957730101" lon="1.9869355214" /><trkpt lat="48.7957733209" lon="1.9869358506" /><trkpt lat="48.7957736327" lon="1.9869361792" /><trkpt lat="48.7957739431" lon="1.9869365089" /><trkpt lat="48.7957742541" lon="1.9869368388" /><trkpt lat="48.7957745647" lon="1.9869371722" /><trkpt lat="48.7957748754" lon="1.9869375021" /><trkpt lat="48.7957751867" lon="1.9869378354" /><trkpt lat="48.7957754979" lon="1.9869381662" /><trkpt lat="48.795775809" lon="1.9869384988" /><trkpt lat="48.7957761199" lon="1.9869388314" /><trkpt lat="48.7957764316" lon="1.9869391636" /><trkpt lat="48.7957767432" lon="1.9869394957" /><trkpt lat="48.7957770554" lon="1.986939826" /><trkpt lat="48.7957773671" lon="1.9869401574" /><trkpt lat="48.7957776805" lon="1.9869404898" /><trkpt lat="48.7957779922" lon="1.9869408196" /><trkpt lat="48.7957783049" lon="1.9869411509" /><trkpt lat="48.7957786181" lon="1.9869414817" /><trkpt lat="48.7957789303" lon="1.9869418123" /><trkpt lat="48.7957792436" lon="1.9869421438" /><trkpt lat="48.7957795566" lon="1.9869424753" /><trkpt lat="48.7957798694" lon="1.9869428067" /><trkpt lat="48.7957801821" lon="1.9869431383" /><trkpt lat="48.7957804953" lon="1.9869434703" /><trkpt lat="48.7957808079" lon="1.9869438014" /><trkpt lat="48.7957811217" lon="1.9869441338" /><trkpt lat="48.7957814346" lon="1.986944466" /><trkpt lat="48.7957817481" lon="1.9869447976" /><trkpt lat="48.7957820617" lon="1.986945128" /><trkpt lat="48.795782376" lon="1.9869454613" /><trkpt lat="48.7957826896" lon="1.9869457922" /><trkpt lat="48.7957830036" lon="1.9869461246" /><trkpt lat="48.7957833184" lon="1.9869464557" /><trkpt lat="48.7957836331" lon="1.9869467878" /><trkpt lat="48.7957839476" lon="1.9869471208" /><trkpt lat="48.7957842623" lon="1.986947452" /><trkpt lat="48.7957845788" lon="1.9869477857" /><trkpt lat="48.7957848937" lon="1.9869481181" /><trkpt lat="48.7957852093" lon="1.9869484524" /><trkpt lat="48.7957855252" lon="1.9869487858" /><trkpt lat="48.7957858416" lon="1.9869491197" /><trkpt lat="48.7957861581" lon="1.9869494546" /><trkpt lat="48.7957864753" lon="1.9869497875" /><trkpt lat="48.7957867916" lon="1.9869501217" /><trkpt lat="48.7957871095" lon="1.9869504551" /><trkpt lat="48.7957874265" lon="1.9869507888" /><trkpt lat="48.7957877447" lon="1.986951125" /><trkpt lat="48.7957880618" lon="1.98695146" /><trkpt lat="48.7957883798" lon="1.9869517935" /><trkpt lat="48.795788698" lon="1.9869521303" /><trkpt lat="48.7957890152" lon="1.986952467" /><trkpt lat="48.7957893323" lon="1.9869528036" /><trkpt lat="48.7957896502" lon="1.9869531404" /><trkpt lat="48.7957899688" lon="1.9869534773" /><trkpt lat="48.7957902874" lon="1.9869538142" /><trkpt lat="48.7957906054" lon="1.9869541497" /><trkpt lat="48.7957909251" lon="1.9869544865" /><trkpt lat="48.7957912446" lon="1.9869548222" /><trkpt lat="48.795791564" lon="1.9869551576" /><trkpt lat="48.7957918843" lon="1.9869554928" /><trkpt lat="48.7957922079" lon="1.9869558282" /><trkpt lat="48.7957925315" lon="1.9869561641" /><trkpt lat="48.7957928549" lon="1.9869565003" /><trkpt lat="48.7957931782" lon="1.9869568366" /><trkpt lat="48.7957935017" lon="1.9869571731" /><trkpt lat="48.7957938253" lon="1.9869575099" /><trkpt lat="48.7957941485" lon="1.9869578485" /><trkpt lat="48.7957944715" lon="1.9869581876" /><trkpt lat="48.7957947947" lon="1.9869585266" /><trkpt lat="48.7957951186" lon="1.9869588654" /><trkpt lat="48.7957954417" lon="1.9869592063" /><trkpt lat="48.795795765" lon="1.9869595459" /><trkpt lat="48.7957960881" lon="1.9869598884" /><trkpt lat="48.7957964118" lon="1.9869602291" /><trkpt lat="48.7957967348" lon="1.98696057" /><trkpt lat="48.7957970583" lon="1.9869609117" /><trkpt lat="48.7957973817" lon="1.9869612541" /><trkpt lat="48.7957977056" lon="1.9869615958" /><trkpt lat="48.7957980298" lon="1.9869619364" /><trkpt lat="48.7957983532" lon="1.9869622766" /><trkpt lat="48.7957986785" lon="1.9869626181" /><trkpt lat="48.7957990028" lon="1.9869629589" /><trkpt lat="48.7957993275" lon="1.9869632984" /><trkpt lat="48.7957996525" lon="1.9869636384" /><trkpt lat="48.7957999776" lon="1.9869639784" /><trkpt lat="48.7958003025" lon="1.9869643166" /><trkpt lat="48.7958006281" lon="1.9869646555" /><trkpt lat="48.7958009539" lon="1.9869649944" /><trkpt lat="48.7958012799" lon="1.9869653324" /><trkpt lat="48.7958016062" lon="1.9869656701" /><trkpt lat="48.795801933" lon="1.986966007" /><trkpt lat="48.7958022601" lon="1.9869663443" /><trkpt lat="48.795802587" lon="1.9869666814" /><trkpt lat="48.7958029143" lon="1.9869670181" /><trkpt lat="48.7958032413" lon="1.9869673566" /><trkpt lat="48.7958035688" lon="1.9869676943" /><trkpt lat="48.7958038953" lon="1.9869680327" /><trkpt lat="48.7958042224" lon="1.9869683721" /><trkpt lat="48.7958045491" lon="1.9869687117" /><trkpt lat="48.7958048754" lon="1.9869690513" /><trkpt lat="48.7958052017" lon="1.9869693918" /><trkpt lat="48.795805528" lon="1.9869697317" /><trkpt lat="48.7958058538" lon="1.9869700717" /><trkpt lat="48.7958061806" lon="1.9869704119" /><trkpt lat="48.7958065079" lon="1.9869707516" /><trkpt lat="48.7958068343" lon="1.9869710924" /><trkpt lat="48.795807161" lon="1.9869714311" /><trkpt lat="48.7958074881" lon="1.986971771" /><trkpt lat="48.7958078157" lon="1.9869721101" /><trkpt lat="48.795808143" lon="1.9869724501" /><trkpt lat="48.7958084706" lon="1.9869727898" /><trkpt lat="48.7958087984" lon="1.9869731304" /><trkpt lat="48.7958091258" lon="1.9869734717" /><trkpt lat="48.7958094534" lon="1.9869738127" /><trkpt lat="48.7958097809" lon="1.9869741547" /><trkpt lat="48.7958101083" lon="1.9869744968" /><trkpt lat="48.7958104357" lon="1.9869748395" /><trkpt lat="48.7958107626" lon="1.986975182" /><trkpt lat="48.7958110912" lon="1.986975526" /><trkpt lat="48.7958114185" lon="1.9869758685" /><trkpt lat="48.7958117452" lon="1.9869762115" /><trkpt lat="48.7958120734" lon="1.9869765567" /><trkpt lat="48.7958124002" lon="1.9869768994" /><trkpt lat="48.7958127286" lon="1.9869772423" /><trkpt lat="48.7958130562" lon="1.9869775868" /><trkpt lat="48.7958133835" lon="1.9869779297" /><trkpt lat="48.7958137122" lon="1.9869782734" /><trkpt lat="48.7958140396" lon="1.986978617" /><trkpt lat="48.7958143684" lon="1.9869789619" /><trkpt lat="48.7958146953" lon="1.9869793058" /><trkpt lat="48.7958150244" lon="1.9869796487" /><trkpt lat="48.7958153518" lon="1.9869799938" /><trkpt lat="48.7958156805" lon="1.9869803375" /><trkpt lat="48.7958160091" lon="1.9869806816" /><trkpt lat="48.7958163372" lon="1.9869810247" /><trkpt lat="48.795816666" lon="1.9869813698" /><trkpt lat="48.7958169942" lon="1.9869817135" /><trkpt lat="48.7958173226" lon="1.9869820569" /><trkpt lat="48.7958176523" lon="1.9869824006" /><trkpt lat="48.7958179811" lon="1.9869827441" /><trkpt lat="48.7958183094" lon="1.9869830877" /><trkpt lat="48.7958186394" lon="1.9869834331" /><trkpt lat="48.7958189675" lon="1.9869837767" /><trkpt lat="48.7958192964" lon="1.9869841201" /><trkpt lat="48.7958196258" lon="1.9869844645" /><trkpt lat="48.7958199545" lon="1.986984808" /><trkpt lat="48.7958202833" lon="1.9869851534" /><trkpt lat="48.795820612" lon="1.9869854972" /><trkpt lat="48.7958209417" lon="1.986985843" /><trkpt lat="48.7958212706" lon="1.9869861865" /><trkpt lat="48.7958215997" lon="1.9869865294" /><trkpt lat="48.79582193" lon="1.986986873" /><trkpt lat="48.7958222598" lon="1.9869872159" /><trkpt lat="48.7958225904" lon="1.9869875588" /><trkpt lat="48.7958229193" lon="1.9869878995" /><trkpt lat="48.795823249" lon="1.9869882413" /><trkpt lat="48.7958235807" lon="1.9869885829" /><trkpt lat="48.7958239105" lon="1.9869889251" /><trkpt lat="48.7958242408" lon="1.9869892669" /><trkpt lat="48.7958245706" lon="1.9869896089" /><trkpt lat="48.7958248994" lon="1.9869899507" /><trkpt lat="48.795825228" lon="1.9869902926" /><trkpt lat="48.795825557" lon="1.9869906371" /><trkpt lat="48.7958258864" lon="1.9869909791" /><trkpt lat="48.7958262141" lon="1.9869913218" /><trkpt lat="48.795826543" lon="1.9869916651" /><trkpt lat="48.7958268715" lon="1.9869920082" /><trkpt lat="48.7958271998" lon="1.9869923517" /><trkpt lat="48.7958275285" lon="1.9869926955" /><trkpt lat="48.7958278564" lon="1.9869930374" /><trkpt lat="48.795828185" lon="1.9869933807" /><trkpt lat="48.7958285138" lon="1.9869937244" /><trkpt lat="48.7958288412" lon="1.9869940674" /><trkpt lat="48.7958291693" lon="1.9869944107" /><trkpt lat="48.7958294987" lon="1.9869947527" /><trkpt lat="48.7958298269" lon="1.9869950955" /><trkpt lat="48.7958301549" lon="1.9869954387" /><trkpt lat="48.7958304829" lon="1.9869957808" /><trkpt lat="48.7958308122" lon="1.9869961256" /><trkpt lat="48.7958311401" lon="1.9869964687" /><trkpt lat="48.7958314694" lon="1.9869968104" /><trkpt lat="48.7958317974" lon="1.9869971555" /><trkpt lat="48.7958321257" lon="1.9869974991" /><trkpt lat="48.7958324545" lon="1.9869978433" /><trkpt lat="48.7958327825" lon="1.9869981867" /><trkpt lat="48.7958331115" lon="1.9869985324" /><trkpt lat="48.7958334395" lon="1.9869988766" /><trkpt lat="48.7958337679" lon="1.986999221" /><trkpt lat="48.7958340961" lon="1.9869995676" /><trkpt lat="48.795834425" lon="1.9869999125" /><trkpt lat="48.7958347517" lon="1.9870002569" /><trkpt lat="48.795835081" lon="1.9870006018" /><trkpt lat="48.7958354092" lon="1.9870009486" /><trkpt lat="48.7958357369" lon="1.9870012933" /><trkpt lat="48.7958360642" lon="1.9870016385" /><trkpt lat="48.7958363929" lon="1.9870019844" /><trkpt lat="48.7958367211" lon="1.9870023301" /><trkpt lat="48.795837049" lon="1.9870026742" /><trkpt lat="48.7958373769" lon="1.9870030177" /><trkpt lat="48.7958377056" lon="1.9870033619" /><trkpt lat="48.7958380343" lon="1.987003706" /><trkpt lat="48.7958383617" lon="1.9870040492" /><trkpt lat="48.7958386908" lon="1.9870043922" /><trkpt lat="48.7958390193" lon="1.9870047366" /><trkpt lat="48.7958393479" lon="1.9870050793" /><trkpt lat="48.7958396752" lon="1.9870054217" /><trkpt lat="48.7958400043" lon="1.9870057671" /><trkpt lat="48.7958403319" lon="1.9870061093" /><trkpt lat="48.7958406598" lon="1.9870064535" /><trkpt lat="48.7958409874" lon="1.9870067979" /><trkpt lat="48.7958413144" lon="1.9870071417" /><trkpt lat="48.7958416429" lon="1.9870074874" /><trkpt lat="48.7958419697" lon="1.9870078315" /><trkpt lat="48.7958422978" lon="1.9870081777" /><trkpt lat="48.7958426244" lon="1.987008522" /><trkpt lat="48.7958429523" lon="1.9870088661" /><trkpt lat="48.7958432801" lon="1.9870092106" /><trkpt lat="48.7958436079" lon="1.9870095549" /><trkpt lat="48.7958439353" lon="1.9870098993" /><trkpt lat="48.7958442622" lon="1.9870102434" /><trkpt lat="48.7958445904" lon="1.9870105871" /><trkpt lat="48.7958449182" lon="1.9870109317" /><trkpt lat="48.7958452446" lon="1.9870112747" /><trkpt lat="48.7958455725" lon="1.9870116196" /><trkpt lat="48.7958459" lon="1.987011964" /><trkpt lat="48.7958462273" lon="1.9870123084" /><trkpt lat="48.7958465544" lon="1.9870126525" /><trkpt lat="48.795846882" lon="1.9870129969" /><trkpt lat="48.7958472099" lon="1.9870133409" /><trkpt lat="48.7958475373" lon="1.9870136853" /><trkpt lat="48.7958478645" lon="1.9870140296" /><trkpt lat="48.7958481918" lon="1.9870143725" /><trkpt lat="48.7958485199" lon="1.9870147179" /><trkpt lat="48.7958488463" lon="1.9870150614" /><trkpt lat="48.795849174" lon="1.9870154065" /><trkpt lat="48.7958495011" lon="1.9870157513" /><trkpt lat="48.7958498274" lon="1.9870160958" /><trkpt lat="48.7958501553" lon="1.9870164401" /><trkpt lat="48.7958504819" lon="1.987016785" /><trkpt lat="48.7958508085" lon="1.9870171289" /><trkpt lat="48.795851136" lon="1.9870174737" /><trkpt lat="48.7958514628" lon="1.9870178182" /><trkpt lat="48.7958517897" lon="1.9870181618" /><trkpt lat="48.7958521159" lon="1.9870185073" /><trkpt lat="48.7958524438" lon="1.987018851" /><trkpt lat="48.7958527698" lon="1.9870191956" /><trkpt lat="48.7958530972" lon="1.98701954" /><trkpt lat="48.7958534234" lon="1.9870198846" /><trkpt lat="48.7958537498" lon="1.9870202275" /><trkpt lat="48.7958540764" lon="1.9870205731" /><trkpt lat="48.7958544031" lon="1.9870209171" /><trkpt lat="48.7958550558" lon="1.9870216046" /><trkpt lat="48.7958553825" lon="1.9870219501" /><trkpt lat="48.7958557082" lon="1.9870222941" /><trkpt lat="48.7958560339" lon="1.9870226387" /><trkpt lat="48.7958563606" lon="1.9870229843" /><trkpt lat="48.7958566866" lon="1.9870233293" /><trkpt lat="48.7958570129" lon="1.9870236736" /><trkpt lat="48.7958573379" lon="1.9870240195" /><trkpt lat="48.7958576623" lon="1.9870243642" /><trkpt lat="48.795857986" lon="1.9870247098" /><trkpt lat="48.7958583111" lon="1.9870250543" /><trkpt lat="48.795858634" lon="1.987025398" /><trkpt lat="48.7958589579" lon="1.9870257433" /><trkpt lat="48.7958592822" lon="1.987026087" /><trkpt lat="48.7958596068" lon="1.9870264301" /><trkpt lat="48.7958599311" lon="1.9870267749" /><trkpt lat="48.7958602535" lon="1.9870271191" /><trkpt lat="48.7958605775" lon="1.9870274633" /><trkpt lat="48.7958609004" lon="1.9870278075" /><trkpt lat="48.7958612251" lon="1.9870281531" /><trkpt lat="48.795861546" lon="1.9870284937" /><trkpt lat="48.7958618642" lon="1.9870288336" /><trkpt lat="48.7958621822" lon="1.9870291705" /><trkpt lat="48.795862495" lon="1.9870295081" /><trkpt lat="48.7958628145" lon="1.9870298508" /><trkpt lat="48.7958631336" lon="1.9870301927" /><trkpt lat="48.7958634594" lon="1.9870305402" /><trkpt lat="48.7958637802" lon="1.9870308804" /><trkpt lat="48.7958640978" lon="1.987031217" /><trkpt lat="48.7958644177" lon="1.987031554" /><trkpt lat="48.7958647392" lon="1.9870318914" /><trkpt lat="48.7958650636" lon="1.9870322337" /><trkpt lat="48.795865387" lon="1.9870325765" /><trkpt lat="48.7958657047" lon="1.9870329156" /><trkpt lat="48.795866024" lon="1.9870332561" /><trkpt lat="48.7958663428" lon="1.9870335957" /><trkpt lat="48.7958666603" lon="1.9870339374" /><trkpt lat="48.7958669786" lon="1.987034284" /><trkpt lat="48.7958673013" lon="1.987034628" /><trkpt lat="48.7958676178" lon="1.9870349715" /><trkpt lat="48.7958679347" lon="1.987035312" /><trkpt lat="48.7958682508" lon="1.9870356531" /><trkpt lat="48.7958685697" lon="1.9870359947" /><trkpt lat="48.7958688883" lon="1.9870363356" /><trkpt lat="48.7958692087" lon="1.9870366769" /><trkpt lat="48.795869527" lon="1.9870370172" /><trkpt lat="48.7958698444" lon="1.987037356" /><trkpt lat="48.7958701631" lon="1.9870376971" /><trkpt lat="48.7958704814" lon="1.9870380359" /><trkpt lat="48.7958708007" lon="1.9870383754" /><trkpt lat="48.7958711201" lon="1.9870387158" /><trkpt lat="48.7958714379" lon="1.9870390539" /><trkpt lat="48.7958717572" lon="1.9870393926" /><trkpt lat="48.7958720768" lon="1.9870397316" /><trkpt lat="48.7958723952" lon="1.9870400703" /><trkpt lat="48.7958727131" lon="1.9870404096" /><trkpt lat="48.7958730327" lon="1.987040749" /><trkpt lat="48.795873349" lon="1.9870410888" /><trkpt lat="48.7958736663" lon="1.9870414292" /><trkpt lat="48.7958739833" lon="1.9870417702" /><trkpt lat="48.7958743006" lon="1.9870421105" /><trkpt lat="48.7958746182" lon="1.9870424502" /><trkpt lat="48.7958749357" lon="1.987042792" /><trkpt lat="48.7958752536" lon="1.9870431308" /><trkpt lat="48.7958755711" lon="1.9870434717" /><trkpt lat="48.7958758878" lon="1.9870438087" /><trkpt lat="48.7958762056" lon="1.9870441488" /><trkpt lat="48.7958765227" lon="1.9870444887" /><trkpt lat="48.7958768374" lon="1.9870448254" /><trkpt lat="48.7958771546" lon="1.9870451658" /><trkpt lat="48.7958774716" lon="1.9870455039" /><trkpt lat="48.7958777883" lon="1.9870458441" /><trkpt lat="48.7958781049" lon="1.9870461818" /><trkpt lat="48.7958784223" lon="1.9870465232" /><trkpt lat="48.7958787398" lon="1.9870468611" /><trkpt lat="48.7958790565" lon="1.9870472019" /><trkpt lat="48.7958793727" lon="1.9870475401" /><trkpt lat="48.7958796896" lon="1.9870478797" /><trkpt lat="48.795880006" lon="1.9870482198" /><trkpt lat="48.7958803216" lon="1.9870485581" /><trkpt lat="48.795880638" lon="1.9870488984" /><trkpt lat="48.795880954" lon="1.987049237" /><trkpt lat="48.79588127" lon="1.9870495775" /><trkpt lat="48.7958815848" lon="1.9870499175" /><trkpt lat="48.7958819016" lon="1.9870502584" /><trkpt lat="48.7958822176" lon="1.9870505982" /><trkpt lat="48.7958825318" lon="1.9870509388" /><trkpt lat="48.7958828412" lon="1.9870512723" /><trkpt lat="48.7958831451" lon="1.9870516014" /><trkpt lat="48.7958834481" lon="1.9870519317" /><trkpt lat="48.7958837611" lon="1.9870522638" /><trkpt lat="48.795884067" lon="1.9870525891" /><trkpt lat="48.7958843734" lon="1.9870529063" /><trkpt lat="48.7958846855" lon="1.9870532537" /><trkpt lat="48.7958849966" lon="1.9870535896" /><trkpt lat="48.7958853004" lon="1.9870539149" /><trkpt lat="48.7958856102" lon="1.987054247" /><trkpt lat="48.7958859167" lon="1.987054578" /><trkpt lat="48.7958862287" lon="1.987054909" /><trkpt lat="48.7958868548" lon="1.9870555867" /><trkpt lat="48.7958871682" lon="1.987055931" /><trkpt lat="48.7958874751" lon="1.987056262" /><trkpt lat="48.7958877842" lon="1.9870565989" /><trkpt lat="48.7958880932" lon="1.9870569332" /><trkpt lat="48.7958884052" lon="1.9870572688" /><trkpt lat="48.7958887184" lon="1.9870576098" /><trkpt lat="48.7958890283" lon="1.9870579463" /><trkpt lat="48.7958893349" lon="1.9870582805" /><trkpt lat="48.7958896436" lon="1.9870586192" /><trkpt lat="48.7958899549" lon="1.9870589536" /><trkpt lat="48.795890265" lon="1.987059292" /><trkpt lat="48.795890576" lon="1.9870596274" /><trkpt lat="48.7958908843" lon="1.987059961" /><trkpt lat="48.7958911932" lon="1.9870602945" /><trkpt lat="48.7958915051" lon="1.9870606291" /><trkpt lat="48.7958918144" lon="1.9870609644" /><trkpt lat="48.7958921227" lon="1.987061296" /><trkpt lat="48.7958924329" lon="1.987061633" /><trkpt lat="48.7958927437" lon="1.987061966" /><trkpt lat="48.7958930533" lon="1.9870623002" /><trkpt lat="48.7958933628" lon="1.9870626338" /><trkpt lat="48.7958936711" lon="1.9870629675" /><trkpt lat="48.7958939791" lon="1.9870633005" /><trkpt lat="48.7958942867" lon="1.9870636336" /><trkpt lat="48.7958945942" lon="1.987063968" /><trkpt lat="48.7958949025" lon="1.9870643002" /><trkpt lat="48.7958952101" lon="1.9870646333" /><trkpt lat="48.7958955182" lon="1.9870649664" /><trkpt lat="48.7958958266" lon="1.9870652991" /><trkpt lat="48.7958961338" lon="1.9870656321" /><trkpt lat="48.795896441" lon="1.9870659633" /><trkpt lat="48.795896748" lon="1.9870662959" /><trkpt lat="48.7958970544" lon="1.987066627" /><trkpt lat="48.7958973604" lon="1.9870669583" /><trkpt lat="48.7958976659" lon="1.9870672898" /><trkpt lat="48.7958979723" lon="1.9870676218" /><trkpt lat="48.7958982773" lon="1.9870679541" /><trkpt lat="48.7958985829" lon="1.9870682866" /><trkpt lat="48.7958988878" lon="1.9870686186" /><trkpt lat="48.7958991928" lon="1.9870689511" /><trkpt lat="48.7958994973" lon="1.9870692842" /><trkpt lat="48.7958998015" lon="1.987069616" /><trkpt lat="48.7959001051" lon="1.9870699477" /><trkpt lat="48.7959004084" lon="1.9870702808" /><trkpt lat="48.7959007128" lon="1.9870706137" /><trkpt lat="48.795901016" lon="1.9870709452" /><trkpt lat="48.7959013194" lon="1.9870712781" /><trkpt lat="48.7959016223" lon="1.9870716095" /><trkpt lat="48.7959019258" lon="1.9870719423" /><trkpt lat="48.7959022292" lon="1.9870722726" /><trkpt lat="48.7959025326" lon="1.9870726053" /><trkpt lat="48.7959028356" lon="1.9870729361" /><trkpt lat="48.7959031386" lon="1.987073267" /><trkpt lat="48.7959034421" lon="1.9870735991" /><trkpt lat="48.7959037446" lon="1.9870739286" /><trkpt lat="48.7959040471" lon="1.9870742598" /><trkpt lat="48.7959043506" lon="1.98707459" /><trkpt lat="48.7959046528" lon="1.9870749208" /><trkpt lat="48.7959049549" lon="1.9870752519" /><trkpt lat="48.7959052572" lon="1.9870755826" /><trkpt lat="48.7959055591" lon="1.9870759149" /><trkpt lat="48.795905861" lon="1.9870762448" /><trkpt lat="48.7959061625" lon="1.9870765781" /><trkpt lat="48.7959064648" lon="1.9870769099" /><trkpt lat="48.7959067667" lon="1.9870772414" /><trkpt lat="48.7959070694" lon="1.9870775747" /><trkpt lat="48.795907368" lon="1.9870779031" /><trkpt lat="48.7959076711" lon="1.9870782345" /><trkpt lat="48.7959079721" lon="1.9870785649" /><trkpt lat="48.7959082754" lon="1.9870788943" /><trkpt lat="48.7959085782" lon="1.9870792271" /><trkpt lat="48.795908882" lon="1.9870795532" /><trkpt lat="48.7959091837" lon="1.987079885" /><trkpt lat="48.7959094841" lon="1.9870802081" /><trkpt lat="48.7959097834" lon="1.9870805344" /><trkpt lat="48.7959100884" lon="1.9870808607" /><trkpt lat="48.7959103896" lon="1.9870811928" /><trkpt lat="48.7959106898" lon="1.9870815258" /><trkpt lat="48.7959109872" lon="1.9870818584" /><trkpt lat="48.7959112863" lon="1.9870821946" /><trkpt lat="48.7959115838" lon="1.9870825277" /><trkpt lat="48.7959118825" lon="1.9870828602" /><trkpt lat="48.7959121805" lon="1.9870831924" /><trkpt lat="48.7959124796" lon="1.9870835257" /><trkpt lat="48.7959127788" lon="1.9870838597" /><trkpt lat="48.7959130779" lon="1.9870841927" /><trkpt lat="48.7959133774" lon="1.987084524" /><trkpt lat="48.795913677" lon="1.9870848531" /><trkpt lat="48.795913978" lon="1.9870851824" /><trkpt lat="48.795914279" lon="1.9870855118" /><trkpt lat="48.7959145788" lon="1.9870858387" /><trkpt lat="48.7959148787" lon="1.9870861666" /><trkpt lat="48.7959151784" lon="1.9870864938" /><trkpt lat="48.7959154799" lon="1.9870868215" /><trkpt lat="48.7959157805" lon="1.9870871491" /><trkpt lat="48.7959160806" lon="1.9870874751" /><trkpt lat="48.7959163806" lon="1.987087803" /><trkpt lat="48.7959166803" lon="1.9870881311" /><trkpt lat="48.7959169804" lon="1.9870884598" /><trkpt lat="48.7959172799" lon="1.987088788" /><trkpt lat="48.7959175794" lon="1.9870891168" /><trkpt lat="48.7959178792" lon="1.9870894467" /><trkpt lat="48.7959181781" lon="1.9870897751" /><trkpt lat="48.7959184776" lon="1.9870901048" /><trkpt lat="48.7959187768" lon="1.9870904337" /><trkpt lat="48.7959190763" lon="1.9870907628" /><trkpt lat="48.7959193763" lon="1.9870910924" /><trkpt lat="48.7959196753" lon="1.9870914191" /><trkpt lat="48.795919974" lon="1.9870917465" /><trkpt lat="48.7959202728" lon="1.987092073" /><trkpt lat="48.7959205719" lon="1.9870923996" /><trkpt lat="48.7959208713" lon="1.9870927258" /><trkpt lat="48.7959211697" lon="1.9870930508" /><trkpt lat="48.7959214686" lon="1.9870933784" /><trkpt lat="48.7959217681" lon="1.9870937046" /><trkpt lat="48.7959220669" lon="1.9870940313" /><trkpt lat="48.7959223662" lon="1.9870943572" /><trkpt lat="48.7959226663" lon="1.987094685" /><trkpt lat="48.7959229646" lon="1.9870950109" /><trkpt lat="48.7959232636" lon="1.9870953389" /><trkpt lat="48.7959235627" lon="1.987095666" /><trkpt lat="48.7959238622" lon="1.9870959933" /><trkpt lat="48.7959241609" lon="1.9870963214" /><trkpt lat="48.7959244602" lon="1.9870966493" /><trkpt lat="48.7959247588" lon="1.987096978" /><trkpt lat="48.7959250565" lon="1.9870973069" /><trkpt lat="48.7959253549" lon="1.9870976358" /><trkpt lat="48.7959256528" lon="1.9870979648" /><trkpt lat="48.7959259501" lon="1.9870982941" /><trkpt lat="48.7959262478" lon="1.987098623" /><trkpt lat="48.7959265443" lon="1.9870989511" /><trkpt lat="48.7959268424" lon="1.9870992805" /><trkpt lat="48.795927141" lon="1.9870996095" /><trkpt lat="48.7959274379" lon="1.987099937" /><trkpt lat="48.7959277372" lon="1.9871002671" /><trkpt lat="48.7959280362" lon="1.9871005959" /><trkpt lat="48.7959283335" lon="1.9871009238" /><trkpt lat="48.795928632" lon="1.9871012501" /><trkpt lat="48.7959289309" lon="1.9871015826" /><trkpt lat="48.7959292324" lon="1.9871019088" /><trkpt lat="48.7959295293" lon="1.9871022369" /><trkpt lat="48.7959298301" lon="1.9871025697" /><trkpt lat="48.7959301301" lon="1.9871028976" /><trkpt lat="48.7959304255" lon="1.9871032277" /><trkpt lat="48.7959307222" lon="1.9871035629" /><trkpt lat="48.7959310172" lon="1.9871038929" /><trkpt lat="48.7959313129" lon="1.9871042245" /><trkpt lat="48.7959316071" lon="1.9871045567" /><trkpt lat="48.7959319034" lon="1.9871048905" /><trkpt lat="48.7959321998" lon="1.9871052207" /><trkpt lat="48.7959327923" lon="1.9871058843" /><trkpt lat="48.7959330896" lon="1.9871062144" /><trkpt lat="48.7959333841" lon="1.987106546" /><trkpt lat="48.7959336817" lon="1.987106874" /><trkpt lat="48.7959339787" lon="1.987107203" /><trkpt lat="48.7959342754" lon="1.9871075281" /><trkpt lat="48.7959345734" lon="1.9871078554" /><trkpt lat="48.7959348715" lon="1.9871081843" /><trkpt lat="48.7959351692" lon="1.9871085089" /><trkpt lat="48.7959354671" lon="1.9871088378" /><trkpt lat="48.7959357641" lon="1.9871091651" /><trkpt lat="48.7959360599" lon="1.9871094921" /><trkpt lat="48.7959363578" lon="1.9871098197" /><trkpt lat="48.7959366536" lon="1.9871101475" /><trkpt lat="48.7959369495" lon="1.9871104744" /><trkpt lat="48.7959372455" lon="1.9871108033" /><trkpt lat="48.7959375431" lon="1.9871111295" /><trkpt lat="48.7959378394" lon="1.9871114582" /><trkpt lat="48.7959381359" lon="1.9871117856" /><trkpt lat="48.795938433" lon="1.9871121128" /><trkpt lat="48.7959387303" lon="1.9871124402" /><trkpt lat="48.7959390264" lon="1.9871127687" /><trkpt lat="48.7959393239" lon="1.987113097" /><trkpt lat="48.7959396199" lon="1.9871134239" /><trkpt lat="48.7959399171" lon="1.987113752" /><trkpt lat="48.7959402135" lon="1.98711408" /><trkpt lat="48.7959405102" lon="1.9871144079" /><trkpt lat="48.7959408077" lon="1.9871147375" /><trkpt lat="48.7959411045" lon="1.9871150638" /><trkpt lat="48.7959414015" lon="1.987115393" /><trkpt lat="48.7959416987" lon="1.9871157221" /><trkpt lat="48.7959419949" lon="1.9871160497" /><trkpt lat="48.795942292" lon="1.9871163775" /><trkpt lat="48.7959425898" lon="1.9871167077" /><trkpt lat="48.7959428864" lon="1.9871170355" /><trkpt lat="48.7959431833" lon="1.9871173639" /><trkpt lat="48.795943481" lon="1.9871176922" /><trkpt lat="48.7959437775" lon="1.9871180198" /><trkpt lat="48.7959440743" lon="1.9871183482" /><trkpt lat="48.7959443709" lon="1.9871186769" /><trkpt lat="48.7959446679" lon="1.9871190049" /><trkpt lat="48.7959449643" lon="1.9871193341" /><trkpt lat="48.7959452607" lon="1.9871196635" /><trkpt lat="48.7959455567" lon="1.9871199917" /><trkpt lat="48.7959458537" lon="1.9871203226" /><trkpt lat="48.7959461498" lon="1.9871206509" /><trkpt lat="48.7959464459" lon="1.9871209808" /><trkpt lat="48.7959467417" lon="1.9871213096" /><trkpt lat="48.7959470382" lon="1.9871216397" /><trkpt lat="48.7959473342" lon="1.9871219686" /><trkpt lat="48.7959476306" lon="1.9871222982" /><trkpt lat="48.7959479273" lon="1.9871226265" /><trkpt lat="48.7959482236" lon="1.9871229561" /><trkpt lat="48.7959485199" lon="1.987123286" /><trkpt lat="48.7959488164" lon="1.9871236135" /><trkpt lat="48.795949113" lon="1.9871239434" /><trkpt lat="48.7959494103" lon="1.9871242736" /><trkpt lat="48.7959497078" lon="1.9871246052" /><trkpt lat="48.7959500045" lon="1.987124935" /><trkpt lat="48.7959503037" lon="1.9871252675" /><trkpt lat="48.7959506013" lon="1.9871255979" /><trkpt lat="48.7959508983" lon="1.9871259283" /><trkpt lat="48.7959511968" lon="1.9871262592" /><trkpt lat="48.7959514944" lon="1.9871265913" /><trkpt lat="48.7959517927" lon="1.9871269214" /><trkpt lat="48.7959520903" lon="1.9871272545" /><trkpt lat="48.7959523887" lon="1.9871275873" /><trkpt lat="48.7959526855" lon="1.9871279191" /><trkpt lat="48.7959529835" lon="1.9871282515" /><trkpt lat="48.7959532815" lon="1.9871285811" /><trkpt lat="48.7959535803" lon="1.9871289125" /><trkpt lat="48.7959538776" lon="1.9871292442" /><trkpt lat="48.7959541775" lon="1.9871295731" /><trkpt lat="48.7959544748" lon="1.9871299035" /><trkpt lat="48.7959547743" lon="1.9871302329" /><trkpt lat="48.7959550727" lon="1.987130564" /><trkpt lat="48.7959553704" lon="1.987130894" /><trkpt lat="48.7959556676" lon="1.9871312262" /><trkpt lat="48.7959559661" lon="1.9871315573" /><trkpt lat="48.7959562631" lon="1.9871318906" /><trkpt lat="48.7959565604" lon="1.987132223" /><trkpt lat="48.7959568565" lon="1.9871325556" /><trkpt lat="48.7959571538" lon="1.9871328895" /><trkpt lat="48.7959574504" lon="1.9871332222" /><trkpt lat="48.7959577477" lon="1.9871335559" /><trkpt lat="48.7959580438" lon="1.9871338884" /><trkpt lat="48.7959583416" lon="1.9871342218" /><trkpt lat="48.7959586383" lon="1.987134555" /><trkpt lat="48.7959589354" lon="1.9871348869" /><trkpt lat="48.795959232" lon="1.9871352194" /><trkpt lat="48.7959595296" lon="1.9871355509" /><trkpt lat="48.7959598267" lon="1.9871358842" /><trkpt lat="48.7959601236" lon="1.9871362149" /><trkpt lat="48.7959604207" lon="1.9871365481" /><trkpt lat="48.7959607177" lon="1.9871368786" /><trkpt lat="48.7959610148" lon="1.9871372127" /><trkpt lat="48.7959613114" lon="1.9871375435" /><trkpt lat="48.7959616083" lon="1.9871378765" /><trkpt lat="48.7959619051" lon="1.9871382084" /><trkpt lat="48.7959622019" lon="1.987138541" /><trkpt lat="48.7959624986" lon="1.9871388742" /><trkpt lat="48.7959627954" lon="1.9871392067" /><trkpt lat="48.7959630926" lon="1.9871395409" /><trkpt lat="48.7959633888" lon="1.9871398743" /><trkpt lat="48.795963686" lon="1.9871402076" /><trkpt lat="48.795963982" lon="1.9871405405" /><trkpt lat="48.7959642794" lon="1.9871408747" /><trkpt lat="48.7959645764" lon="1.9871412077" /><trkpt lat="48.7959648735" lon="1.9871415402" /><trkpt lat="48.7959651712" lon="1.9871418735" /><trkpt lat="48.7959654676" lon="1.9871422045" /><trkpt lat="48.7959657659" lon="1.9871425384" /><trkpt lat="48.7959660628" lon="1.9871428702" /><trkpt lat="48.7959663606" lon="1.9871432035" /><trkpt lat="48.7959666579" lon="1.987143537" /><trkpt lat="48.7959669556" lon="1.9871438699" /><trkpt lat="48.7959672531" lon="1.9871442026" /><trkpt lat="48.7959675507" lon="1.9871445349" /><trkpt lat="48.7959678477" lon="1.9871448683" /><trkpt lat="48.7959681454" lon="1.9871452001" /><trkpt lat="48.7959684434" lon="1.9871455351" /><trkpt lat="48.7959687417" lon="1.9871458656" /><trkpt lat="48.7959690402" lon="1.9871461973" /><trkpt lat="48.7959693379" lon="1.9871465304" /><trkpt lat="48.795969635" lon="1.9871468637" /><trkpt lat="48.7959699324" lon="1.9871471967" /><trkpt lat="48.7959702303" lon="1.9871475308" /><trkpt lat="48.7959705288" lon="1.9871478642" /><trkpt lat="48.7959708258" lon="1.9871481972" /><trkpt lat="48.7959711243" lon="1.9871485311" /><trkpt lat="48.7959714217" lon="1.9871488652" /><trkpt lat="48.7959717194" lon="1.9871492004" /><trkpt lat="48.795972017" lon="1.9871495344" /><trkpt lat="48.7959723141" lon="1.9871498695" /><trkpt lat="48.7959726116" lon="1.9871502044" /><trkpt lat="48.7959729098" lon="1.9871505394" /><trkpt lat="48.7959732077" lon="1.987150875" /><trkpt lat="48.7959735064" lon="1.9871512105" /><trkpt lat="48.7959738049" lon="1.9871515462" /><trkpt lat="48.7959741028" lon="1.9871518787" /><trkpt lat="48.7959744016" lon="1.9871522134" /><trkpt lat="48.7959747" lon="1.987152547" /><trkpt lat="48.7959749979" lon="1.9871528803" /><trkpt lat="48.7959752976" lon="1.9871532129" /><trkpt lat="48.7959755954" lon="1.987153547" /><trkpt lat="48.7959758937" lon="1.9871538804" /><trkpt lat="48.7959761922" lon="1.9871542167" /><trkpt lat="48.7959764893" lon="1.9871545515" /><trkpt lat="48.7959767872" lon="1.9871548854" /><trkpt lat="48.7959770846" lon="1.9871552232" /><trkpt lat="48.7959773818" lon="1.987155558" /><trkpt lat="48.7959776788" lon="1.9871558939" /><trkpt lat="48.7959779762" lon="1.9871562314" /><trkpt lat="48.795978273" lon="1.9871565679" /><trkpt lat="48.7959785705" lon="1.9871569038" /><trkpt lat="48.7959788682" lon="1.9871572405" /><trkpt lat="48.7959791642" lon="1.9871575764" /><trkpt lat="48.7959794609" lon="1.9871579121" /><trkpt lat="48.7959797557" lon="1.9871582484" /><trkpt lat="48.7959800511" lon="1.9871585814" /><trkpt lat="48.7959803468" lon="1.9871589173" /><trkpt lat="48.7959806428" lon="1.987159252" /><trkpt lat="48.7959809383" lon="1.9871595859" /><trkpt lat="48.7959812351" lon="1.9871599203" /><trkpt lat="48.7959815307" lon="1.9871602557" /><trkpt lat="48.7959818271" lon="1.9871605897" /><trkpt lat="48.7959821231" lon="1.9871609252" /><trkpt lat="48.7959824198" lon="1.9871612609" /><trkpt lat="48.7959827148" lon="1.9871615955" /><trkpt lat="48.7959830118" lon="1.9871619317" /><trkpt lat="48.7959833076" lon="1.9871622671" /><trkpt lat="48.7959836036" lon="1.9871626049" /><trkpt lat="48.7959838984" lon="1.9871629398" /><trkpt lat="48.7959841959" lon="1.9871632782" /><trkpt lat="48.7959844916" lon="1.9871636162" /><trkpt lat="48.795984787" lon="1.9871639512" /><trkpt lat="48.7959850853" lon="1.9871642876" /><trkpt lat="48.7959853799" lon="1.9871646245" /><trkpt lat="48.7959856775" lon="1.987164961" /><trkpt lat="48.7959859741" lon="1.9871652952" /><trkpt lat="48.795986271" lon="1.9871656328" /><trkpt lat="48.7959865673" lon="1.9871659694" /><trkpt lat="48.7959868641" lon="1.9871663061" /><trkpt lat="48.7959871607" lon="1.9871666414" /><trkpt lat="48.7959874584" lon="1.9871669789" /><trkpt lat="48.7959877556" lon="1.9871673187" /><trkpt lat="48.7959880521" lon="1.9871676523" /><trkpt lat="48.7959883496" lon="1.9871679932" /><trkpt lat="48.7959886462" lon="1.9871683275" /><trkpt lat="48.7959889435" lon="1.9871686635" /><trkpt lat="48.7959892398" lon="1.9871690013" /><trkpt lat="48.7959895391" lon="1.9871693377" /><trkpt lat="48.7959898347" lon="1.9871696755" /><trkpt lat="48.7959901314" lon="1.9871700114" /><trkpt lat="48.7959904289" lon="1.9871703511" /><trkpt lat="48.7959907258" lon="1.9871706871" /><trkpt lat="48.7959910229" lon="1.9871710265" /><trkpt lat="48.7959913187" lon="1.9871713649" /><trkpt lat="48.7959916159" lon="1.9871717022" /><trkpt lat="48.7959919139" lon="1.9871720398" /><trkpt lat="48.7959922117" lon="1.9871723787" /><trkpt lat="48.7959925076" lon="1.9871727173" /><trkpt lat="48.7959928044" lon="1.9871730556" /><trkpt lat="48.7959931024" lon="1.9871733923" /><trkpt lat="48.7959934001" lon="1.9871737324" /><trkpt lat="48.7959936969" lon="1.9871740704" /><trkpt lat="48.7959939942" lon="1.9871744097" /><trkpt lat="48.7959942918" lon="1.9871747492" /><trkpt lat="48.795994589" lon="1.9871750874" /><trkpt lat="48.7959948864" lon="1.9871754269" /><trkpt lat="48.7959951846" lon="1.987175766" /><trkpt lat="48.7959954811" lon="1.9871761071" /><trkpt lat="48.7959957784" lon="1.9871764449" /><trkpt lat="48.7959960766" lon="1.9871767877" /><trkpt lat="48.7959963731" lon="1.9871771248" /><trkpt lat="48.7959966712" lon="1.9871774639" /><trkpt lat="48.7959969686" lon="1.9871778056" /><trkpt lat="48.7959972672" lon="1.9871781449" /><trkpt lat="48.7959975645" lon="1.9871784843" /><trkpt lat="48.7959978631" lon="1.9871788237" /><trkpt lat="48.7959981617" lon="1.9871791636" /><trkpt lat="48.7959984607" lon="1.9871795037" /><trkpt lat="48.7959987585" lon="1.9871798422" /><trkpt lat="48.7959990575" lon="1.9871801846" /><trkpt lat="48.7959993558" lon="1.9871805227" /><trkpt lat="48.7959996542" lon="1.987180862" /><trkpt lat="48.7959999539" lon="1.9871812047" /><trkpt lat="48.796000251" lon="1.9871815428" /><trkpt lat="48.79600055" lon="1.9871818848" /><trkpt lat="48.7960008494" lon="1.9871822257" /><trkpt lat="48.7960011491" lon="1.9871825649" /><trkpt lat="48.7960014457" lon="1.9871829056" /><trkpt lat="48.7960017449" lon="1.9871832479" /><trkpt lat="48.7960020436" lon="1.9871835895" /><trkpt lat="48.7960023421" lon="1.9871839318" /><trkpt lat="48.7960026406" lon="1.987184273" /><trkpt lat="48.7960029391" lon="1.9871846131" /><trkpt lat="48.7960032387" lon="1.9871849568" /><trkpt lat="48.7960035365" lon="1.9871852989" /><trkpt lat="48.7960038349" lon="1.9871856398" /><trkpt lat="48.7960041348" lon="1.9871859826" /><trkpt lat="48.7960044336" lon="1.9871863232" /><trkpt lat="48.7960047321" lon="1.9871866657" /><trkpt lat="48.7960050307" lon="1.9871870069" /><trkpt lat="48.7960053306" lon="1.9871873497" /><trkpt lat="48.7960056295" lon="1.98718769" /><trkpt lat="48.7960059284" lon="1.9871880327" /><trkpt lat="48.7960062276" lon="1.9871883752" /><trkpt lat="48.7960065273" lon="1.9871887158" /><trkpt lat="48.7960068273" lon="1.9871890575" /><trkpt lat="48.7960071256" lon="1.9871893989" /><trkpt lat="48.7960074253" lon="1.9871897421" /><trkpt lat="48.7960077239" lon="1.9871900844" /><trkpt lat="48.7960080237" lon="1.9871904281" /><trkpt lat="48.7960083235" lon="1.9871907713" /><trkpt lat="48.796008622" lon="1.9871911145" /><trkpt lat="48.7960089239" lon="1.9871914558" /><trkpt lat="48.7960092284" lon="1.9871917967" /><trkpt lat="48.7960095331" lon="1.9871921376" /><trkpt lat="48.7960098378" lon="1.9871924773" /><trkpt lat="48.7960101409" lon="1.9871928181" /><trkpt lat="48.7960104471" lon="1.9871931572" /><trkpt lat="48.7960107518" lon="1.9871934978" /><trkpt lat="48.7960110564" lon="1.9871938386" /><trkpt lat="48.7960113626" lon="1.9871941774" /><trkpt lat="48.7960116674" lon="1.9871945181" /><trkpt lat="48.7960119736" lon="1.9871948586" /><trkpt lat="48.7960122785" lon="1.9871951984" /><trkpt lat="48.7960125848" lon="1.9871955371" /><trkpt lat="48.796012891" lon="1.9871958771" /><trkpt lat="48.7960131977" lon="1.9871962174" /><trkpt lat="48.7960135029" lon="1.9871965569" /><trkpt lat="48.7960138091" lon="1.9871968974" /><trkpt lat="48.7960141144" lon="1.9871972383" /><trkpt lat="48.7960144217" lon="1.9871975802" /><trkpt lat="48.7960147269" lon="1.9871979216" /><trkpt lat="48.7960150327" lon="1.9871982638" /><trkpt lat="48.7960153384" lon="1.9871986075" /><trkpt lat="48.7960156428" lon="1.9871989498" /><trkpt lat="48.7960159479" lon="1.9871992963" /><trkpt lat="48.7960162545" lon="1.9871996371" /><trkpt lat="48.7960165605" lon="1.9871999835" /><trkpt lat="48.796016866" lon="1.9872003268" /><trkpt lat="48.796017172" lon="1.9872006723" /><trkpt lat="48.7960174771" lon="1.9872010145" /><trkpt lat="48.7960177832" lon="1.9872013595" /><trkpt lat="48.796018089" lon="1.9872017043" /><trkpt lat="48.7960183941" lon="1.987202049" /><trkpt lat="48.7960187022" lon="1.9872023917" /><trkpt lat="48.7960190089" lon="1.9872027344" /><trkpt lat="48.7960193155" lon="1.9872030782" /><trkpt lat="48.796019622" lon="1.9872034209" /><trkpt lat="48.7960199295" lon="1.9872037657" /><trkpt lat="48.7960202357" lon="1.9872041079" /><trkpt lat="48.796020543" lon="1.987204453" /><trkpt lat="48.7960208502" lon="1.9872047961" /><trkpt lat="48.7960211559" lon="1.9872051401" /><trkpt lat="48.7960214638" lon="1.987205486" /><trkpt lat="48.7960217702" lon="1.9872058309" /><trkpt lat="48.7960220767" lon="1.9872061748" /><trkpt lat="48.7960223823" lon="1.9872065209" /><trkpt lat="48.7960226893" lon="1.9872068668" /><trkpt lat="48.7960229956" lon="1.9872072127" /><trkpt lat="48.7960233017" lon="1.9872075577" /><trkpt lat="48.7960236087" lon="1.9872079047" /><trkpt lat="48.7960239143" lon="1.9872082494" /><trkpt lat="48.7960242214" lon="1.9872085952" /><trkpt lat="48.7960245279" lon="1.9872089402" /><trkpt lat="48.7960248336" lon="1.9872092842" /><trkpt lat="48.7960251419" lon="1.9872096298" /><trkpt lat="48.7960254491" lon="1.9872099739" /><trkpt lat="48.7960257564" lon="1.987210315" /><trkpt lat="48.7960260641" lon="1.9872106602" /><trkpt lat="48.7960263715" lon="1.9872110025" /><trkpt lat="48.7960266805" lon="1.987211346" /><trkpt lat="48.7960269885" lon="1.9872116887" /><trkpt lat="48.7960272968" lon="1.9872120312" /><trkpt lat="48.7960276051" lon="1.987212374" /><trkpt lat="48.7960279137" lon="1.9872127164" /><trkpt lat="48.796028222" lon="1.9872130588" /><trkpt lat="48.79602853" lon="1.9872134025" /><trkpt lat="48.7960288379" lon="1.9872137462" /><trkpt lat="48.7960291464" lon="1.9872140893" /><trkpt lat="48.7960294531" lon="1.9872144359" /><trkpt lat="48.7960297623" lon="1.9872147758" /><trkpt lat="48.7960300705" lon="1.9872151216" /><trkpt lat="48.7960303787" lon="1.987215464" /><trkpt lat="48.7960306869" lon="1.9872158078" /><trkpt lat="48.7960309946" lon="1.9872161519" /><trkpt lat="48.7960313023" lon="1.9872164967" /><trkpt lat="48.7960316101" lon="1.9872168412" /><trkpt lat="48.7960319178" lon="1.987217185" /><trkpt lat="48.7960322257" lon="1.9872175305" /><trkpt lat="48.7960325326" lon="1.9872178773" /><trkpt lat="48.7960328397" lon="1.987218224" /><trkpt lat="48.7960331473" lon="1.9872185697" /><trkpt lat="48.7960334545" lon="1.9872189152" /><trkpt lat="48.796033762" lon="1.9872192615" /><trkpt lat="48.7960340692" lon="1.9872196081" /><trkpt lat="48.7960343761" lon="1.9872199542" /><trkpt lat="48.7960346836" lon="1.9872202995" /><trkpt lat="48.7960349894" lon="1.9872206463" /><trkpt lat="48.7960352984" lon="1.9872209925" /><trkpt lat="48.7960356048" lon="1.9872213398" /><trkpt lat="48.7960359117" lon="1.987221685" /><trkpt lat="48.7960362191" lon="1.9872220329" /><trkpt lat="48.7960365261" lon="1.987222381" /><trkpt lat="48.7960368325" lon="1.987222727" /><trkpt lat="48.7960371397" lon="1.9872230738" /><trkpt lat="48.7960374483" lon="1.9872234213" /><trkpt lat="48.7960377551" lon="1.9872237694" /><trkpt lat="48.7960380626" lon="1.9872241156" /><trkpt lat="48.79603837" lon="1.9872244631" /><trkpt lat="48.7960386772" lon="1.9872248117" /><trkpt lat="48.796038984" lon="1.9872251573" /><trkpt lat="48.7960392914" lon="1.9872255026" /><trkpt lat="48.7960395976" lon="1.9872258501" /><trkpt lat="48.796039904" lon="1.987226202" /><trkpt lat="48.7960402092" lon="1.987226551" /><trkpt lat="48.7960405143" lon="1.9872268999" /><trkpt lat="48.7960408189" lon="1.9872272518" /><trkpt lat="48.7960411249" lon="1.9872276006" /><trkpt lat="48.7960414305" lon="1.9872279503" /><trkpt lat="48.7960417362" lon="1.9872283005" /><trkpt lat="48.7960420415" lon="1.9872286496" /><trkpt lat="48.7960423462" lon="1.9872289982" /><trkpt lat="48.7960426523" lon="1.9872293472" /><trkpt lat="48.7960429571" lon="1.9872296945" /><trkpt lat="48.7960432629" lon="1.987230045" /><trkpt lat="48.7960435683" lon="1.9872303931" /><trkpt lat="48.7960438759" lon="1.9872307365" /><trkpt lat="48.7960441815" lon="1.987231085" /><trkpt lat="48.7960444857" lon="1.9872314308" /><trkpt lat="48.796044792" lon="1.987231779" /><trkpt lat="48.7960450972" lon="1.9872321242" /><trkpt lat="48.7960454031" lon="1.987232473" /><trkpt lat="48.7960457089" lon="1.987232818" /><trkpt lat="48.796046013" lon="1.9872331632" /><trkpt lat="48.796046319" lon="1.9872335099" /><trkpt lat="48.7960466244" lon="1.9872338578" /><trkpt lat="48.7960469294" lon="1.9872342039" /><trkpt lat="48.7960472348" lon="1.9872345496" /><trkpt lat="48.796047539" lon="1.9872348964" /><trkpt lat="48.7960478464" lon="1.9872352411" /><trkpt lat="48.7960481501" lon="1.9872355853" /><trkpt lat="48.796048455" lon="1.9872359301" /><trkpt lat="48.7960487602" lon="1.9872362754" /><trkpt lat="48.7960490637" lon="1.9872366206" /><trkpt lat="48.7960493695" lon="1.987236966" /><trkpt lat="48.7960496738" lon="1.9872373103" /><trkpt lat="48.7960499775" lon="1.9872376563" /><trkpt lat="48.7960502816" lon="1.9872380026" /><trkpt lat="48.796050585" lon="1.9872383478" /><trkpt lat="48.7960508884" lon="1.987238694" /><trkpt lat="48.7960511921" lon="1.9872390397" /><trkpt lat="48.7960514943" lon="1.9872393857" /><trkpt lat="48.7960517974" lon="1.9872397303" /><trkpt lat="48.7960521004" lon="1.9872400767" /><trkpt lat="48.7960524025" lon="1.9872404231" /><trkpt lat="48.7960527051" lon="1.9872407692" /><trkpt lat="48.7960530062" lon="1.9872411127" /><trkpt lat="48.7960533062" lon="1.9872414546" /><trkpt lat="48.7960536081" lon="1.9872418006" /><trkpt lat="48.7960539066" lon="1.9872421418" /><trkpt lat="48.7960542094" lon="1.9872424874" /><trkpt lat="48.796054513" lon="1.9872428311" /><trkpt lat="48.7960548133" lon="1.9872431735" /><trkpt lat="48.7960551141" lon="1.9872435149" /><trkpt lat="48.7960554133" lon="1.987243855" /><trkpt lat="48.7960557145" lon="1.9872441958" /><trkpt lat="48.7960560149" lon="1.987244538" /><trkpt lat="48.796056317" lon="1.9872448818" /><trkpt lat="48.7960566172" lon="1.9872452227" /><trkpt lat="48.7960569175" lon="1.9872455641" /><trkpt lat="48.7960572183" lon="1.9872459049" /><trkpt lat="48.7960575178" lon="1.9872462455" /><trkpt lat="48.7960578173" lon="1.9872465871" /><trkpt lat="48.796058118" lon="1.9872469292" /><trkpt lat="48.7960584174" lon="1.9872472697" /><trkpt lat="48.7960587174" lon="1.9872476098" /><trkpt lat="48.7960590172" lon="1.9872479519" /><trkpt lat="48.7960593173" lon="1.9872482908" /><trkpt lat="48.7960596159" lon="1.9872486315" /><trkpt lat="48.7960599166" lon="1.9872489707" /><trkpt lat="48.796060215" lon="1.9872493114" /><trkpt lat="48.7960605142" lon="1.9872496518" /><trkpt lat="48.7960608135" lon="1.9872499925" /><trkpt lat="48.7960611104" lon="1.9872503321" /><trkpt lat="48.7960614088" lon="1.987250673" /><trkpt lat="48.7960617072" lon="1.9872510136" /><trkpt lat="48.7960620043" lon="1.9872513518" /><trkpt lat="48.7960623014" lon="1.9872516918" /><trkpt lat="48.7960625992" lon="1.9872520338" /><trkpt lat="48.796062897" lon="1.9872523719" /><trkpt lat="48.7960631928" lon="1.9872527072" /><trkpt lat="48.7960634893" lon="1.9872530455" /><trkpt lat="48.7960637864" lon="1.9872533837" /><trkpt lat="48.7960640831" lon="1.9872537165" /><trkpt lat="48.7960643789" lon="1.9872540531" /><trkpt lat="48.7960646753" lon="1.9872543886" /><trkpt lat="48.7960649723" lon="1.9872547244" /><trkpt lat="48.7960652674" lon="1.9872550601" /><trkpt lat="48.7960655632" lon="1.9872553935" /><trkpt lat="48.7960658591" lon="1.98725573" /><trkpt lat="48.7960661535" lon="1.9872560636" /><trkpt lat="48.7960664482" lon="1.987256398" /><trkpt lat="48.7960667432" lon="1.9872567329" /><trkpt lat="48.7960670375" lon="1.9872570675" /><trkpt lat="48.7960673304" lon="1.9872574027" /><trkpt lat="48.7960676253" lon="1.9872577387" /><trkpt lat="48.7960679182" lon="1.987258073" /><trkpt lat="48.7960682118" lon="1.9872584085" /><trkpt lat="48.7960685047" lon="1.9872587435" /><trkpt lat="48.7960687978" lon="1.9872590779" /><trkpt lat="48.7960690904" lon="1.987259412" /><trkpt lat="48.7960693825" lon="1.9872597446" /><trkpt lat="48.7960696747" lon="1.9872600775" /><trkpt lat="48.7960699646" lon="1.9872604069" /><trkpt lat="48.7960702559" lon="1.9872607368" /><trkpt lat="48.7960705461" lon="1.9872610651" /><trkpt lat="48.7960708381" lon="1.9872613956" /><trkpt lat="48.7960711291" lon="1.9872617244" /><trkpt lat="48.7960714184" lon="1.9872620511" /><trkpt lat="48.7960717098" lon="1.9872623799" /><trkpt lat="48.7960719999" lon="1.9872627072" /><trkpt lat="48.7960722901" lon="1.9872630317" /><trkpt lat="48.7960725793" lon="1.9872633573" /><trkpt lat="48.7960728703" lon="1.9872636837" /><trkpt lat="48.7960731602" lon="1.98726401" /><trkpt lat="48.796073449" lon="1.9872643356" /><trkpt lat="48.7960737367" lon="1.9872646592" /><trkpt lat="48.7960740231" lon="1.9872649836" /><trkpt lat="48.7960743086" lon="1.9872653064" /><trkpt lat="48.7960745944" lon="1.9872656305" /><trkpt lat="48.7960748785" lon="1.9872659551" /><trkpt lat="48.7960751636" lon="1.9872662745" /><trkpt lat="48.7960754502" lon="1.9872666028" /><trkpt lat="48.7960757348" lon="1.9872669285" /><trkpt lat="48.7960760207" lon="1.9872672522" /><trkpt lat="48.7960763035" lon="1.9872675748" /><trkpt lat="48.7960765884" lon="1.9872678978" /><trkpt lat="48.7960768729" lon="1.98726822" /><trkpt lat="48.7960771573" lon="1.9872685405" /><trkpt lat="48.7960774418" lon="1.9872688647" /><trkpt lat="48.7960777263" lon="1.9872691847" /><trkpt lat="48.7960780111" lon="1.987269509" /><trkpt lat="48.7960782967" lon="1.9872698287" /><trkpt lat="48.7960785815" lon="1.9872701515" /><trkpt lat="48.7960788646" lon="1.987270471" /><trkpt lat="48.7960791484" lon="1.9872707916" /><trkpt lat="48.7960794327" lon="1.987271113" /><trkpt lat="48.7960797164" lon="1.9872714323" /><trkpt lat="48.7960799992" lon="1.9872717542" /><trkpt lat="48.7960802814" lon="1.9872720727" /><trkpt lat="48.796080564" lon="1.9872723928" /><trkpt lat="48.7960808463" lon="1.9872727126" /><trkpt lat="48.7960811286" lon="1.9872730335" /><trkpt lat="48.796081409" lon="1.9872733522" /><trkpt lat="48.7960816897" lon="1.9872736714" /><trkpt lat="48.7960819706" lon="1.987273992" /><trkpt lat="48.7960822507" lon="1.9872743113" /><trkpt lat="48.79608253" lon="1.9872746306" /><trkpt lat="48.7960828098" lon="1.98727495" /><trkpt lat="48.7960830891" lon="1.9872752682" /><trkpt lat="48.7960833686" lon="1.987275587" /><trkpt lat="48.7960836464" lon="1.9872759046" /><trkpt lat="48.796083926" lon="1.9872762234" /><trkpt lat="48.7960842048" lon="1.9872765397" /><trkpt lat="48.7960844844" lon="1.9872768549" /><trkpt lat="48.7960847638" lon="1.9872771707" /><trkpt lat="48.7960850422" lon="1.987277484" /><trkpt lat="48.796085322" lon="1.9872777999" /><trkpt lat="48.7960856011" lon="1.9872781123" /><trkpt lat="48.7960858808" lon="1.9872784261" /><trkpt lat="48.7960861597" lon="1.9872787382" /><trkpt lat="48.7960864394" lon="1.9872790502" /><trkpt lat="48.7960867188" lon="1.9872793624" /><trkpt lat="48.7960869973" lon="1.9872796748" /><trkpt lat="48.7960872767" lon="1.9872799884" /><trkpt lat="48.7960875549" lon="1.9872802981" /><trkpt lat="48.7960878343" lon="1.9872806121" /><trkpt lat="48.7960881115" lon="1.9872809252" /><trkpt lat="48.79608839" lon="1.9872812371" /><trkpt lat="48.7960886677" lon="1.987281551" /><trkpt lat="48.7960889442" lon="1.9872818628" /><trkpt lat="48.7960892223" lon="1.987282176" /><trkpt lat="48.796089499" lon="1.9872824872" /><trkpt lat="48.7960897754" lon="1.9872827998" /><trkpt lat="48.7960900528" lon="1.9872831101" /><trkpt lat="48.7960903293" lon="1.9872834217" /><trkpt lat="48.7960906062" lon="1.9872837309" /><trkpt lat="48.7960908819" lon="1.9872840406" /><trkpt lat="48.7960911595" lon="1.9872843504" /><trkpt lat="48.7960914346" lon="1.9872846585" /><trkpt lat="48.7960917111" lon="1.9872849667" /><trkpt lat="48.7960919869" lon="1.9872852753" /><trkpt lat="48.7960922624" lon="1.9872855819" /><trkpt lat="48.796092538" lon="1.98728589" /><trkpt lat="48.7960928132" lon="1.9872861962" /><trkpt lat="48.7960930884" lon="1.9872865031" /><trkpt lat="48.7960933631" lon="1.9872868091" /><trkpt lat="48.7960936374" lon="1.987287117" /><trkpt lat="48.7960939115" lon="1.9872874213" /><trkpt lat="48.7960941854" lon="1.9872877282" /><trkpt lat="48.7960944584" lon="1.9872880345" /><trkpt lat="48.7960947314" lon="1.9872883401" /><trkpt lat="48.7960950035" lon="1.9872886439" /><trkpt lat="48.7960952764" lon="1.9872889511" /><trkpt lat="48.7960955481" lon="1.987289255" /><trkpt lat="48.7960958206" lon="1.9872895599" /><trkpt lat="48.7960960925" lon="1.9872898646" /><trkpt lat="48.7960963637" lon="1.9872901662" /><trkpt lat="48.7960966363" lon="1.9872904689" /><trkpt lat="48.7960969067" lon="1.987290771" /><trkpt lat="48.7960971789" lon="1.9872910732" /><trkpt lat="48.7960974497" lon="1.9872913728" /><trkpt lat="48.7960977214" lon="1.9872916736" /><trkpt lat="48.7960979922" lon="1.987291977" /><trkpt lat="48.7960982641" lon="1.9872922776" /><trkpt lat="48.7960985365" lon="1.9872925807" /><trkpt lat="48.7960988086" lon="1.9872928842" /><trkpt lat="48.7960990803" lon="1.9872931858" /><trkpt lat="48.7960993517" lon="1.9872934879" /><trkpt lat="48.7960996223" lon="1.9872937886" /><trkpt lat="48.7960998944" lon="1.9872940912" /><trkpt lat="48.7961001647" lon="1.9872943931" /><trkpt lat="48.7961004363" lon="1.987294694" /><trkpt lat="48.7961007066" lon="1.9872949949" /><trkpt lat="48.7961009772" lon="1.9872952957" /><trkpt lat="48.7961012475" lon="1.9872955965" /><trkpt lat="48.7961015175" lon="1.9872958961" /><trkpt lat="48.7961017872" lon="1.987296195" /><trkpt lat="48.7961020572" lon="1.9872964954" /><trkpt lat="48.7961023265" lon="1.9872967936" /><trkpt lat="48.796102596" lon="1.9872970913" /><trkpt lat="48.7961028647" lon="1.9872973891" /><trkpt lat="48.7961031333" lon="1.9872976852" /><trkpt lat="48.7961034023" lon="1.9872979822" /><trkpt lat="48.7961036709" lon="1.9872982827" /><trkpt lat="48.796103939" lon="1.9872985805" /><trkpt lat="48.7961042061" lon="1.9872988757" /><trkpt lat="48.796104474" lon="1.9872991758" /><trkpt lat="48.7961047418" lon="1.9872994703" /><trkpt lat="48.7961050076" lon="1.9872997681" /><trkpt lat="48.7961052744" lon="1.9873000669" /><trkpt lat="48.7961055408" lon="1.9873003608" /><trkpt lat="48.7961058068" lon="1.9873006586" /><trkpt lat="48.7961060727" lon="1.9873009551" /><trkpt lat="48.7961063381" lon="1.9873012498" /><trkpt lat="48.7961066042" lon="1.9873015441" /><trkpt lat="48.7961068693" lon="1.9873018383" /><trkpt lat="48.7961071349" lon="1.987302132" /><trkpt lat="48.7961073982" lon="1.9873024259" /><trkpt lat="48.7961076623" lon="1.9873027201" /><trkpt lat="48.7961079277" lon="1.9873030116" /><trkpt lat="48.7961081916" lon="1.9873033055" /><trkpt lat="48.7961084555" lon="1.9873035989" /><trkpt lat="48.7961087178" lon="1.9873038919" /><trkpt lat="48.7961089812" lon="1.987304184" /><trkpt lat="48.7961092436" lon="1.9873044772" /><trkpt lat="48.796109505" lon="1.98730477" /><trkpt lat="48.7961097676" lon="1.9873050632" /><trkpt lat="48.7961100295" lon="1.9873053536" /><trkpt lat="48.7961102903" lon="1.9873056446" /><trkpt lat="48.7961105525" lon="1.9873059361" /><trkpt lat="48.7961108141" lon="1.9873062246" /><trkpt lat="48.7961110759" lon="1.9873065148" /><trkpt lat="48.7961113358" lon="1.9873068032" /><trkpt lat="48.7961115973" lon="1.9873070909" /><trkpt lat="48.7961118585" lon="1.9873073809" /><trkpt lat="48.7961121196" lon="1.9873076682" /><trkpt lat="48.7961123811" lon="1.9873079555" /><trkpt lat="48.7961126405" lon="1.987308241" /><trkpt lat="48.7961129011" lon="1.9873085307" /><trkpt lat="48.7961131614" lon="1.9873088165" /><trkpt lat="48.7961134215" lon="1.9873091032" /><trkpt lat="48.7961136807" lon="1.9873093893" /><trkpt lat="48.7961139402" lon="1.9873096761" /><trkpt lat="48.7961141983" lon="1.9873099616" /><trkpt lat="48.7961144565" lon="1.9873102463" /><trkpt lat="48.7961147164" lon="1.9873105328" /><trkpt lat="48.7961149754" lon="1.987310815" /><trkpt lat="48.7961152344" lon="1.9873110987" /><trkpt lat="48.7961154933" lon="1.9873113787" /><trkpt lat="48.7961157526" lon="1.9873116608" /><trkpt lat="48.7961160119" lon="1.9873119429" /><trkpt lat="48.7961162696" lon="1.9873122234" /><trkpt lat="48.7961165292" lon="1.9873125037" /><trkpt lat="48.7961167884" lon="1.9873127834" /><trkpt lat="48.796117046" lon="1.9873130635" /><trkpt lat="48.7961173034" lon="1.9873133429" /><trkpt lat="48.7961175611" lon="1.9873136234" /><trkpt lat="48.7961178177" lon="1.9873139036" /><trkpt lat="48.7961180743" lon="1.9873141836" /><trkpt lat="48.7961183307" lon="1.9873144648" /><trkpt lat="48.7961185863" lon="1.9873147436" /><trkpt lat="48.7961188419" lon="1.9873150234" /><trkpt lat="48.7961190964" lon="1.9873153045" /><trkpt lat="48.7961193504" lon="1.9873155846" /><trkpt lat="48.7961196058" lon="1.9873158648" /><trkpt lat="48.7961198606" lon="1.9873161441" /><trkpt lat="48.7961201145" lon="1.9873164216" /><trkpt lat="48.7961203688" lon="1.9873167012" /><trkpt lat="48.7961206223" lon="1.9873169804" /><trkpt lat="48.796120876" lon="1.9873172571" /><trkpt lat="48.7961211297" lon="1.9873175362" /><trkpt lat="48.7961213826" lon="1.9873178124" /><trkpt lat="48.7961216363" lon="1.987318091" /><trkpt lat="48.7961218873" lon="1.9873183664" /><trkpt lat="48.7961221404" lon="1.9873186456" /><trkpt lat="48.7961223917" lon="1.9873189217" /><trkpt lat="48.7961226427" lon="1.9873191984" /><trkpt lat="48.7961228929" lon="1.9873194767" /><trkpt lat="48.7961231444" lon="1.9873197517" /><trkpt lat="48.7961233934" lon="1.9873200291" /><trkpt lat="48.7961236425" lon="1.987320305" /><trkpt lat="48.7961238922" lon="1.9873205823" /><trkpt lat="48.7961241396" lon="1.9873208589" /><trkpt lat="48.7961243864" lon="1.9873211337" /><trkpt lat="48.7961246336" lon="1.9873214088" /><trkpt lat="48.7961248796" lon="1.9873216857" /><trkpt lat="48.7961251261" lon="1.9873219629" /><trkpt lat="48.7961253728" lon="1.9873222363" /><trkpt lat="48.7961256178" lon="1.9873225099" /><trkpt lat="48.7961258645" lon="1.9873227872" /><trkpt lat="48.79612611" lon="1.9873230608" /><trkpt lat="48.7961263552" lon="1.9873233303" /><trkpt lat="48.7961266005" lon="1.9873236067" /><trkpt lat="48.7961268466" lon="1.9873238771" /><trkpt lat="48.7961270911" lon="1.987324148" /><trkpt lat="48.7961273367" lon="1.9873244185" /><trkpt lat="48.7961275807" lon="1.9873246882" /><trkpt lat="48.7961278255" lon="1.9873249565" /><trkpt lat="48.7961280691" lon="1.9873252265" /><trkpt lat="48.7961283135" lon="1.9873254934" /><trkpt lat="48.7961285577" lon="1.9873257631" /><trkpt lat="48.7961288003" lon="1.9873260296" /><trkpt lat="48.7961290437" lon="1.9873262979" /><trkpt lat="48.7961292872" lon="1.9873265662" /><trkpt lat="48.796129528" lon="1.9873268338" /><trkpt lat="48.7961297711" lon="1.9873271021" /><trkpt lat="48.796130013" lon="1.9873273708" /><trkpt lat="48.7961302546" lon="1.9873276385" /><trkpt lat="48.7961304957" lon="1.9873279037" /><trkpt lat="48.7961307381" lon="1.9873281707" /><trkpt lat="48.7961309799" lon="1.9873284392" /><trkpt lat="48.7961312207" lon="1.9873287038" /><trkpt lat="48.7961314615" lon="1.9873289694" /><trkpt lat="48.7961317026" lon="1.9873292348" /><trkpt lat="48.7961319437" lon="1.9873295008" /><trkpt lat="48.7961321842" lon="1.9873297647" /><trkpt lat="48.7961324248" lon="1.9873300275" /><trkpt lat="48.7961326652" lon="1.9873302931" /><trkpt lat="48.7961329059" lon="1.9873305561" /><trkpt lat="48.7961331449" lon="1.9873308192" /><trkpt lat="48.7961333854" lon="1.9873310811" /><trkpt lat="48.7961336251" lon="1.987331345" /><trkpt lat="48.7961338659" lon="1.9873316084" /><trkpt lat="48.7961341066" lon="1.98733187" /><trkpt lat="48.796134347" lon="1.987332132" /><trkpt lat="48.7961345879" lon="1.9873323938" /><trkpt lat="48.7961348298" lon="1.9873326555" /><trkpt lat="48.79613507" lon="1.9873329157" /><trkpt lat="48.796135309" lon="1.9873331723" /><trkpt lat="48.7961355487" lon="1.9873334296" /><trkpt lat="48.7961357901" lon="1.9873336888" /><trkpt lat="48.7961360301" lon="1.987333948" /><trkpt lat="48.7961362686" lon="1.987334205" /><trkpt lat="48.7961365072" lon="1.9873344626" /><trkpt lat="48.796136747" lon="1.9873347235" /><trkpt lat="48.7961369843" lon="1.9873349806" /><trkpt lat="48.7961372209" lon="1.9873352384" /><trkpt lat="48.7961374573" lon="1.9873354977" /><trkpt lat="48.7961376939" lon="1.9873357555" /><trkpt lat="48.7961379287" lon="1.9873360156" /><trkpt lat="48.7961381638" lon="1.9873362735" /><trkpt lat="48.7961383976" lon="1.9873365332" /><trkpt lat="48.7961386314" lon="1.9873367927" /><trkpt lat="48.7961388665" lon="1.9873370534" /><trkpt lat="48.7961391" lon="1.9873373113" /><trkpt lat="48.7961393324" lon="1.9873375686" /><trkpt lat="48.7961395652" lon="1.9873378275" /><trkpt lat="48.7961397984" lon="1.9873380861" /><trkpt lat="48.7961400302" lon="1.9873383431" /><trkpt lat="48.7961402618" lon="1.9873385998" /><trkpt lat="48.7961404937" lon="1.9873388572" /><trkpt lat="48.7961407259" lon="1.9873391139" /><trkpt lat="48.7961409576" lon="1.9873393696" /><trkpt lat="48.7961411879" lon="1.9873396242" /><trkpt lat="48.7961414195" lon="1.9873398776" /><trkpt lat="48.7961416513" lon="1.9873401362" /><trkpt lat="48.7961418823" lon="1.9873403892" /><trkpt lat="48.7961421128" lon="1.9873406433" /><trkpt lat="48.7961423424" lon="1.9873408983" /><trkpt lat="48.7961425734" lon="1.9873411513" /><trkpt lat="48.796142803" lon="1.9873414068" /><trkpt lat="48.7961430325" lon="1.9873416585" /><trkpt lat="48.7961432614" lon="1.9873419121" /><trkpt lat="48.7961434907" lon="1.9873421649" /><trkpt lat="48.7961437203" lon="1.9873424178" /><trkpt lat="48.7961439487" lon="1.9873426679" /><trkpt lat="48.7961441775" lon="1.9873429221" /><trkpt lat="48.7961444061" lon="1.9873431722" /><trkpt lat="48.7961446333" lon="1.9873434239" /><trkpt lat="48.7961448615" lon="1.9873436753" /><trkpt lat="48.7961450894" lon="1.9873439248" /><trkpt lat="48.7961453165" lon="1.9873441754" /><trkpt lat="48.7961455427" lon="1.9873444256" /><trkpt lat="48.7961457706" lon="1.9873446782" /><trkpt lat="48.7961459971" lon="1.9873449274" /><trkpt lat="48.7961462227" lon="1.9873451778" /><trkpt lat="48.7961464503" lon="1.9873454278" /><trkpt lat="48.7961466756" lon="1.9873456785" /><trkpt lat="48.7961469015" lon="1.9873459263" /><trkpt lat="48.7961471277" lon="1.9873461774" /><trkpt lat="48.7961473538" lon="1.9873464233" /><trkpt lat="48.7961475821" lon="1.9873466729" /><trkpt lat="48.7961478132" lon="1.9873469225" /><trkpt lat="48.7961480439" lon="1.9873471695" /><trkpt lat="48.7961482744" lon="1.987347417" /><trkpt lat="48.7961485052" lon="1.9873476625" /><trkpt lat="48.7961487344" lon="1.9873479115" /><trkpt lat="48.7961489632" lon="1.9873481566" /><trkpt lat="48.7961491932" lon="1.9873484029" /><trkpt lat="48.7961494229" lon="1.9873486485" /><trkpt lat="48.7961496521" lon="1.9873488933" /><trkpt lat="48.79614988" lon="1.9873491405" /><trkpt lat="48.7961501078" lon="1.9873493853" /><trkpt lat="48.7961503371" lon="1.9873496301" /><trkpt lat="48.7961505648" lon="1.9873498737" /><trkpt lat="48.7961507919" lon="1.9873501183" /><trkpt lat="48.7961510196" lon="1.9873503629" /><trkpt lat="48.7961512468" lon="1.9873506068" /><trkpt lat="48.7961514745" lon="1.98735085" /><trkpt lat="48.7961517006" lon="1.9873510933" /><trkpt lat="48.7961519269" lon="1.9873513375" /><trkpt lat="48.7961521525" lon="1.9873515835" /><trkpt lat="48.7961523775" lon="1.9873518261" /><trkpt lat="48.7961526022" lon="1.9873520695" /><trkpt lat="48.7961528276" lon="1.9873523129" /><trkpt lat="48.7961530529" lon="1.9873525566" /><trkpt lat="48.7961532764" lon="1.9873527994" /><trkpt lat="48.7961535002" lon="1.9873530409" /><trkpt lat="48.7961537256" lon="1.9873532825" /><trkpt lat="48.7961539487" lon="1.9873535255" /><trkpt lat="48.7961541722" lon="1.9873537652" /><trkpt lat="48.7961543954" lon="1.9873540051" /><trkpt lat="48.7961546192" lon="1.9873542476" /><trkpt lat="48.7961548423" lon="1.9873544878" /><trkpt lat="48.7961550637" lon="1.9873547283" /><trkpt lat="48.7961552868" lon="1.9873549696" /><trkpt lat="48.7961555079" lon="1.9873552106" /><trkpt lat="48.7961557307" lon="1.9873554495" /><trkpt lat="48.7961559509" lon="1.9873556911" /><trkpt lat="48.7961561717" lon="1.9873559321" /><trkpt lat="48.7961563925" lon="1.9873561717" /><trkpt lat="48.7961566132" lon="1.9873564108" /><trkpt lat="48.7961568336" lon="1.9873566498" /><trkpt lat="48.7961570517" lon="1.9873568894" /><trkpt lat="48.7961572726" lon="1.9873571274" /><trkpt lat="48.7961574922" lon="1.9873573656" /><trkpt lat="48.7961577107" lon="1.9873576029" /><trkpt lat="48.7961579314" lon="1.9873578386" /><trkpt lat="48.7961581508" lon="1.9873580759" /><trkpt lat="48.796158367" lon="1.9873583115" /><trkpt lat="48.7961585885" lon="1.9873585474" /><trkpt lat="48.7961588064" lon="1.9873587831" /><trkpt lat="48.7961590242" lon="1.9873590172" /><trkpt lat="48.7961592425" lon="1.9873592512" /><trkpt lat="48.7961594602" lon="1.9873594862" /><trkpt lat="48.7961596771" lon="1.9873597193" /><trkpt lat="48.7961598949" lon="1.9873599542" /><trkpt lat="48.7961601125" lon="1.9873601862" /><trkpt lat="48.7961603289" lon="1.9873604183" /><trkpt lat="48.7961605457" lon="1.9873606507" /><trkpt lat="48.7961607621" lon="1.9873608834" /><trkpt lat="48.7961609779" lon="1.9873611142" /><trkpt lat="48.7961611944" lon="1.9873613468" /><trkpt lat="48.7961614102" lon="1.9873615773" /><trkpt lat="48.796161625" lon="1.9873618074" /><trkpt lat="48.79616184" lon="1.9873620387" /><trkpt lat="48.7961620557" lon="1.9873622695" /><trkpt lat="48.7961622699" lon="1.9873625006" /><trkpt lat="48.7961624836" lon="1.9873627308" /><trkpt lat="48.7961626978" lon="1.9873629625" /><trkpt lat="48.7961629112" lon="1.9873631932" /><trkpt lat="48.7961631247" lon="1.9873634239" /><trkpt lat="48.7961633374" lon="1.9873636537" /><trkpt lat="48.79616355" lon="1.9873638844" /><trkpt lat="48.796163762" lon="1.9873641149" /><trkpt lat="48.7961639742" lon="1.9873643431" /><trkpt lat="48.7961641868" lon="1.9873645721" /><trkpt lat="48.7961643983" lon="1.9873648013" /><trkpt lat="48.79616461" lon="1.987365029" /><trkpt lat="48.7961648205" lon="1.987365258" /><trkpt lat="48.7961650324" lon="1.9873654848" /><trkpt lat="48.7961652435" lon="1.9873657104" /><trkpt lat="48.7961654547" lon="1.9873659358" /><trkpt lat="48.7961656663" lon="1.9873661619" /><trkpt lat="48.7961658763" lon="1.9873663868" /><trkpt lat="48.796166087" lon="1.9873666101" /><trkpt lat="48.7961662985" lon="1.9873668332" /><trkpt lat="48.7961665082" lon="1.9873670556" /><trkpt lat="48.7961667192" lon="1.9873672798" /><trkpt lat="48.7961669292" lon="1.9873675023" /><trkpt lat="48.7961671391" lon="1.9873677227" /><trkpt lat="48.7961673497" lon="1.9873679443" /><trkpt lat="48.7961675603" lon="1.9873681656" /><trkpt lat="48.7961677697" lon="1.9873683861" /><trkpt lat="48.7961679788" lon="1.9873686053" /><trkpt lat="48.7961681893" lon="1.9873688262" /><trkpt lat="48.7961683985" lon="1.987369045" /><trkpt lat="48.7961686068" lon="1.987369263" /><trkpt lat="48.7961688161" lon="1.987369483" /><trkpt lat="48.7961690244" lon="1.9873697018" /><trkpt lat="48.7961692328" lon="1.9873699201" /><trkpt lat="48.7961694406" lon="1.9873701385" /><trkpt lat="48.7961696478" lon="1.9873703561" /><trkpt lat="48.7961698547" lon="1.9873705738" /><trkpt lat="48.7961700616" lon="1.9873707908" /><trkpt lat="48.7961702683" lon="1.9873710065" /><trkpt lat="48.7961704748" lon="1.9873712232" /><trkpt lat="48.7961706813" lon="1.9873714385" /><trkpt lat="48.7961708872" lon="1.9873716544" /><trkpt lat="48.7961710934" lon="1.9873718697" /><trkpt lat="48.7961712993" lon="1.987372084" /><trkpt lat="48.7961715034" lon="1.987372298" /><trkpt lat="48.7961717102" lon="1.9873725117" /><trkpt lat="48.7961719135" lon="1.9873727252" /><trkpt lat="48.7961721176" lon="1.9873729381" /><trkpt lat="48.796172324" lon="1.987373152" /><trkpt lat="48.7961725273" lon="1.9873733647" /><trkpt lat="48.7961727314" lon="1.9873735767" /><trkpt lat="48.796172935" lon="1.9873737895" /><trkpt lat="48.7961731378" lon="1.9873740002" /><trkpt lat="48.7961733403" lon="1.9873742119" /><trkpt lat="48.796173543" lon="1.9873744228" /><trkpt lat="48.7961737453" lon="1.9873746321" /><trkpt lat="48.7961739493" lon="1.9873748434" /><trkpt lat="48.7961741523" lon="1.9873750509" /><trkpt lat="48.7961743549" lon="1.9873752576" /><trkpt lat="48.7961745578" lon="1.9873754638" /><trkpt lat="48.7961747606" lon="1.9873756706" /><trkpt lat="48.796174965" lon="1.9873758709" /><trkpt lat="48.7961751679" lon="1.9873760724" /><trkpt lat="48.7961753713" lon="1.9873762737" /><trkpt lat="48.7961755749" lon="1.9873764748" /><trkpt lat="48.7961757779" lon="1.9873766724" /><trkpt lat="48.7961759826" lon="1.9873768696" /><trkpt lat="48.7961761866" lon="1.9873770672" /><trkpt lat="48.7961763905" lon="1.9873772641" /><trkpt lat="48.7961765927" lon="1.9873774607" /><trkpt lat="48.7961767958" lon="1.9873776571" /><trkpt lat="48.7961769988" lon="1.9873778549" /><trkpt lat="48.7961772003" lon="1.9873780508" /><trkpt lat="48.7961774032" lon="1.9873782483" /><trkpt lat="48.7961776045" lon="1.9873784441" /><trkpt lat="48.7961778063" lon="1.9873786406" /><trkpt lat="48.7961780065" lon="1.9873788368" /><trkpt lat="48.7961782087" lon="1.987379031" /><trkpt lat="48.7961784099" lon="1.9873792261" /><trkpt lat="48.7961786115" lon="1.9873794191" /><trkpt lat="48.7961788104" lon="1.9873796119" /><trkpt lat="48.796179013" lon="1.9873798063" /><trkpt lat="48.7961792131" lon="1.9873799985" /><trkpt lat="48.7961794128" lon="1.9873801886" /><trkpt lat="48.7961796133" lon="1.9873803796" /><trkpt lat="48.7961798142" lon="1.9873805697" /><trkpt lat="48.7961800131" lon="1.9873807583" /><trkpt lat="48.7961802123" lon="1.9873809471" /><trkpt lat="48.7961804128" lon="1.9873811358" /><trkpt lat="48.7961806118" lon="1.9873813232" /><trkpt lat="48.7961808103" lon="1.9873815102" /><trkpt lat="48.7961810096" lon="1.9873816955" /><trkpt lat="48.7961812084" lon="1.9873818816" /><trkpt lat="48.7961814067" lon="1.9873820647" /><trkpt lat="48.7961816061" lon="1.9873822494" /><trkpt lat="48.7961818048" lon="1.9873824304" /><trkpt lat="48.7961820033" lon="1.9873826123" /><trkpt lat="48.7961822021" lon="1.9873827924" /><trkpt lat="48.7961824007" lon="1.9873829714" /><trkpt lat="48.7961825993" lon="1.987383148" /><trkpt lat="48.7961827964" lon="1.9873833221" /><trkpt lat="48.7961829962" lon="1.9873835009" /><trkpt lat="48.7961831943" lon="1.9873836762" /><trkpt lat="48.7961833919" lon="1.9873838487" /><trkpt lat="48.7961835894" lon="1.9873840212" /><trkpt lat="48.7961837875" lon="1.9873841937" /><trkpt lat="48.7961839851" lon="1.9873843648" /><trkpt lat="48.7961841807" lon="1.9873845348" /><trkpt lat="48.7961843773" lon="1.9873847053" /><trkpt lat="48.7961845736" lon="1.9873848752" /><trkpt lat="48.7961847687" lon="1.9873850436" /><trkpt lat="48.7961849639" lon="1.9873852129" /><trkpt lat="48.7961851586" lon="1.9873853823" /><trkpt lat="48.7961853519" lon="1.9873855494" /><trkpt lat="48.7961855464" lon="1.9873857172" /><trkpt lat="48.79618574" lon="1.9873858842" /><trkpt lat="48.7961859332" lon="1.9873860504" /><trkpt lat="48.7961861257" lon="1.9873862165" /><trkpt lat="48.7961863189" lon="1.9873863805" /><trkpt lat="48.7961865124" lon="1.9873865435" /><trkpt lat="48.7961867047" lon="1.9873867046" /><trkpt lat="48.7961868971" lon="1.9873868651" /><trkpt lat="48.7961870901" lon="1.987387025" /><trkpt lat="48.7961872823" lon="1.9873871823" /><trkpt lat="48.7961874743" lon="1.9873873377" /><trkpt lat="48.7961876658" lon="1.987387492" /><trkpt lat="48.796187859" lon="1.9873876452" /><trkpt lat="48.7961880504" lon="1.9873877963" /><trkpt lat="48.7961882422" lon="1.9873879465" /><trkpt lat="48.7961884349" lon="1.9873880961" /><trkpt lat="48.7961886263" lon="1.9873882431" /><trkpt lat="48.7961888184" lon="1.9873883892" /><trkpt lat="48.7961890101" lon="1.9873885348" /><trkpt lat="48.7961892013" lon="1.9873886782" /><trkpt lat="48.7961893904" lon="1.9873888203" /><trkpt lat="48.7961895796" lon="1.9873889606" /><trkpt lat="48.7961897691" lon="1.9873891011" /><trkpt lat="48.7961899568" lon="1.9873892409" /><trkpt lat="48.7961901455" lon="1.987389379" /><trkpt lat="48.7961903341" lon="1.9873895177" /><trkpt lat="48.7961905224" lon="1.9873896534" /><trkpt lat="48.7961907106" lon="1.9873897898" /><trkpt lat="48.7961908978" lon="1.987389924" /><trkpt lat="48.7961910847" lon="1.987390057" /><trkpt lat="48.7961912724" lon="1.9873901892" /><trkpt lat="48.7961914598" lon="1.9873903205" /><trkpt lat="48.7961916467" lon="1.9873904501" /><trkpt lat="48.7961918339" lon="1.987390579" /><trkpt lat="48.7961920201" lon="1.987390707" /><trkpt lat="48.796192206" lon="1.9873908333" /><trkpt lat="48.7961923926" lon="1.9873909589" /><trkpt lat="48.796192579" lon="1.987391084" /><trkpt lat="48.7961927648" lon="1.9873912064" /><trkpt lat="48.7961929506" lon="1.9873913293" /><trkpt lat="48.7961931364" lon="1.9873914507" /><trkpt lat="48.7961933209" lon="1.9873915702" /><trkpt lat="48.7961935065" lon="1.9873916905" /><trkpt lat="48.7961936913" lon="1.9873918093" /><trkpt lat="48.7961938755" lon="1.9873919259" /><trkpt lat="48.7961940594" lon="1.9873920454" /><trkpt lat="48.7961942435" lon="1.9873921602" /><trkpt lat="48.7961944275" lon="1.987392275" /><trkpt lat="48.7961946104" lon="1.9873923881" /><trkpt lat="48.7961947941" lon="1.9873925022" /><trkpt lat="48.7961949762" lon="1.9873926139" /><trkpt lat="48.7961951589" lon="1.9873927235" /><trkpt lat="48.7961953412" lon="1.9873928343" /><trkpt lat="48.7961955227" lon="1.9873929418" /><trkpt lat="48.7961957043" lon="1.9873930501" /><trkpt lat="48.7961958855" lon="1.9873931561" /><trkpt lat="48.7961960665" lon="1.9873932616" /><trkpt lat="48.7961962468" lon="1.987393365" /><trkpt lat="48.7961964281" lon="1.9873934681" /><trkpt lat="48.7961966087" lon="1.9873935694" /><trkpt lat="48.7961967886" lon="1.9873936687" /><trkpt lat="48.7961969692" lon="1.9873937676" /><trkpt lat="48.7961971487" lon="1.9873938639" /><trkpt lat="48.7961973285" lon="1.9873939588" /><trkpt lat="48.7961975076" lon="1.9873940524" /><trkpt lat="48.7961976865" lon="1.9873941435" /><trkpt lat="48.7961978667" lon="1.9873942358" /><trkpt lat="48.7961980454" lon="1.9873943253" /><trkpt lat="48.7961982232" lon="1.9873944139" /><trkpt lat="48.796198402" lon="1.9873945012" /><trkpt lat="48.7961985791" lon="1.9873945873" /><trkpt lat="48.7961987562" lon="1.9873946726" /><trkpt lat="48.7961989344" lon="1.9873947571" /><trkpt lat="48.7961991104" lon="1.9873948399" /><trkpt lat="48.7961992863" lon="1.9873949223" /><trkpt lat="48.7961994635" lon="1.9873950042" /><trkpt lat="48.7961996391" lon="1.9873950839" /><trkpt lat="48.7961998145" lon="1.9873951627" /><trkpt lat="48.7961999899" lon="1.9873952398" /><trkpt lat="48.7962001656" lon="1.9873953171" /><trkpt lat="48.7962003405" lon="1.9873953924" /><trkpt lat="48.796200515" lon="1.9873954663" /><trkpt lat="48.7962006896" lon="1.9873955397" /><trkpt lat="48.7962008635" lon="1.9873956117" /><trkpt lat="48.7962010373" lon="1.9873956804" /><trkpt lat="48.7962012119" lon="1.9873957497" /><trkpt lat="48.796201385" lon="1.9873958197" /><trkpt lat="48.7962015578" lon="1.9873958876" /><trkpt lat="48.7962017299" lon="1.9873959551" /><trkpt lat="48.7962019023" lon="1.98739602" /><trkpt lat="48.796202075" lon="1.9873960851" /><trkpt lat="48.7962022458" lon="1.9873961495" /><trkpt lat="48.7962024169" lon="1.9873962141" /><trkpt lat="48.7962025879" lon="1.9873962781" /><trkpt lat="48.7962027583" lon="1.9873963389" /><trkpt lat="48.7962029287" lon="1.9873964019" /><trkpt lat="48.7962030984" lon="1.9873964622" /><trkpt lat="48.7962032683" lon="1.9873965208" /><trkpt lat="48.7962034378" lon="1.9873965795" /><trkpt lat="48.796203607" lon="1.9873966377" /><trkpt lat="48.7962037757" lon="1.9873966951" /><trkpt lat="48.796203944" lon="1.9873967518" /><trkpt lat="48.7962041129" lon="1.9873968056" /><trkpt lat="48.7962042817" lon="1.9873968598" /><trkpt lat="48.7962044499" lon="1.9873969123" /><trkpt lat="48.796204617" lon="1.9873969646" /><trkpt lat="48.7962047846" lon="1.9873970194" /><trkpt lat="48.7962049521" lon="1.9873970685" /><trkpt lat="48.7962051188" lon="1.987397119" /><trkpt lat="48.7962052857" lon="1.987397169" /><trkpt lat="48.7962054523" lon="1.9873972191" /><trkpt lat="48.796205618" lon="1.9873972665" /><trkpt lat="48.7962057843" lon="1.9873973156" /><trkpt lat="48.7962059495" lon="1.9873973616" /><trkpt lat="48.7962061145" lon="1.9873974077" /><trkpt lat="48.7962062797" lon="1.9873974528" /><trkpt lat="48.7962064431" lon="1.9873974966" /><trkpt lat="48.7962066069" lon="1.987397539" /><trkpt lat="48.796206771" lon="1.987397581" /><trkpt lat="48.7962069337" lon="1.9873976207" /><trkpt lat="48.796207094" lon="1.987397664" /><trkpt lat="48.7962072547" lon="1.9873977074" /><trkpt lat="48.796207414" lon="1.9873977495" /><trkpt lat="48.7962075735" lon="1.9873977902" /><trkpt lat="48.7962077317" lon="1.9873978288" /><trkpt lat="48.7962078899" lon="1.987397866" /><trkpt lat="48.7962080477" lon="1.9873979041" /><trkpt lat="48.7962082044" lon="1.9873979379" /><trkpt lat="48.7962083608" lon="1.9873979716" /><trkpt lat="48.7962085171" lon="1.9873980052" /><trkpt lat="48.7962086727" lon="1.9873980373" /><trkpt lat="48.7962088274" lon="1.9873980698" /><trkpt lat="48.7962089823" lon="1.9873981015" /><trkpt lat="48.7962091364" lon="1.9873981324" /><trkpt lat="48.7962092898" lon="1.9873981624" /><trkpt lat="48.7962094429" lon="1.9873981926" /><trkpt lat="48.7962095956" lon="1.9873982231" /><trkpt lat="48.7962097476" lon="1.9873982513" /><trkpt lat="48.7962098993" lon="1.9873982786" /><trkpt lat="48.7962100508" lon="1.987398307" /><trkpt lat="48.7962102015" lon="1.9873983329" /><trkpt lat="48.7962103526" lon="1.9873983582" /><trkpt lat="48.796210503" lon="1.9873983823" /><trkpt lat="48.7962106536" lon="1.9873984049" /><trkpt lat="48.7962108043" lon="1.9873984242" /><trkpt lat="48.7962109524" lon="1.9873984469" /><trkpt lat="48.7962111019" lon="1.9873984658" /><trkpt lat="48.7962112507" lon="1.9873984836" /><trkpt lat="48.7962113992" lon="1.987398502" /><trkpt lat="48.796211547" lon="1.9873985165" /><trkpt lat="48.7962116948" lon="1.9873985319" /><trkpt lat="48.7962118422" lon="1.9873985479" /><trkpt lat="48.7962119891" lon="1.9873985624" /><trkpt lat="48.796212136" lon="1.9873985763" /><trkpt lat="48.796212282" lon="1.9873985906" /><trkpt lat="48.7962124278" lon="1.9873986039" /><trkpt lat="48.7962125734" lon="1.9873986179" /><trkpt lat="48.7962127182" lon="1.9873986308" /><trkpt lat="48.7962128626" lon="1.9873986443" /><trkpt lat="48.7962130069" lon="1.9873986575" /><trkpt lat="48.7962131509" lon="1.9873986705" /><trkpt lat="48.7962132948" lon="1.987398683" /><trkpt lat="48.7962134383" lon="1.9873986941" /><trkpt lat="48.7962135805" lon="1.9873987058" /><trkpt lat="48.7962137227" lon="1.9873987171" /><trkpt lat="48.7962138652" lon="1.9873987251" /><trkpt lat="48.7962140073" lon="1.9873987387" /><trkpt lat="48.7962141481" lon="1.9873987473" /><trkpt lat="48.7962142888" lon="1.9873987568" /><trkpt lat="48.7962144289" lon="1.987398765" /><trkpt lat="48.7962145687" lon="1.9873987725" /><trkpt lat="48.796214708" lon="1.9873987799" /><trkpt lat="48.7962148467" lon="1.9873987861" /><trkpt lat="48.7962149854" lon="1.9873987904" /><trkpt lat="48.796215123" lon="1.9873987944" /><trkpt lat="48.7962152594" lon="1.9873987973" /><trkpt lat="48.7962153971" lon="1.9873988007" /><trkpt lat="48.7962155337" lon="1.9873988021" /><trkpt lat="48.7962156688" lon="1.9873988015" /><trkpt lat="48.7962158044" lon="1.9873988017" /><trkpt lat="48.7962159391" lon="1.9873988002" /><trkpt lat="48.7962160728" lon="1.9873987977" /><trkpt lat="48.7962162071" lon="1.9873987958" /><trkpt lat="48.7962163408" lon="1.9873987921" /><trkpt lat="48.7962164731" lon="1.9873987885" /><trkpt lat="48.7962166058" lon="1.9873987849" /><trkpt lat="48.7962167387" lon="1.98739878" /><trkpt lat="48.7962168702" lon="1.9873987758" /><trkpt lat="48.7962170015" lon="1.987398771" /><trkpt lat="48.7962171329" lon="1.9873987648" /><trkpt lat="48.7962172632" lon="1.9873987581" /><trkpt lat="48.7962173932" lon="1.9873987518" /><trkpt lat="48.796217523" lon="1.9873987441" /><trkpt lat="48.7962176525" lon="1.9873987367" /><trkpt lat="48.796217782" lon="1.9873987281" /><trkpt lat="48.7962179109" lon="1.9873987203" /><trkpt lat="48.7962180398" lon="1.9873987122" /><trkpt lat="48.7962181685" lon="1.987398702" /><trkpt lat="48.7962182966" lon="1.9873986927" /><trkpt lat="48.796218424" lon="1.9873986818" /><trkpt lat="48.7962185521" lon="1.9873986707" /><trkpt lat="48.7962186793" lon="1.9873986589" /><trkpt lat="48.7962188057" lon="1.9873986467" /><trkpt lat="48.7962189332" lon="1.9873986333" /><trkpt lat="48.7962190603" lon="1.9873986171" /><trkpt lat="48.796219185" lon="1.9873986048" /><trkpt lat="48.7962193117" lon="1.9873985879" /><trkpt lat="48.7962194368" lon="1.9873985738" /><trkpt lat="48.7962195615" lon="1.9873985567" /><trkpt lat="48.7962196866" lon="1.9873985408" /><trkpt lat="48.7962198111" lon="1.9873985242" /><trkpt lat="48.7962199352" lon="1.9873985073" /><trkpt lat="48.7962200588" lon="1.9873984889" /><trkpt lat="48.7962201823" lon="1.9873984709" /><trkpt lat="48.7962203055" lon="1.9873984504" /><trkpt lat="48.796220428" lon="1.9873984347" /><trkpt lat="48.7962205503" lon="1.9873984166" /><trkpt lat="48.7962206734" lon="1.9873983954" /><trkpt lat="48.796220795" lon="1.9873983797" /><trkpt lat="48.7962209169" lon="1.9873983586" /><trkpt lat="48.7962210387" lon="1.987398339" /><trkpt lat="48.7962211606" lon="1.9873983136" /><trkpt lat="48.7962212816" lon="1.9873982885" /><trkpt lat="48.7962214071" lon="1.9873982561" /><trkpt lat="48.7962215308" lon="1.9873982242" /><trkpt lat="48.7962216543" lon="1.9873981915" /><trkpt lat="48.796221778" lon="1.9873981582" /><trkpt lat="48.7962219" lon="1.9873981235" /><trkpt lat="48.7962220209" lon="1.9873980912" /><trkpt lat="48.7962221444" lon="1.987398054" /><trkpt lat="48.7962222658" lon="1.9873980194" /><trkpt lat="48.7962223868" lon="1.9873979838" /><trkpt lat="48.7962225079" lon="1.9873979473" /><trkpt lat="48.7962226284" lon="1.9873979103" /><trkpt lat="48.7962227468" lon="1.9873978743" /><trkpt lat="48.7962228674" lon="1.9873978361" /><trkpt lat="48.7962229867" lon="1.9873977996" /><trkpt lat="48.7962231053" lon="1.9873977624" /><trkpt lat="48.7962232236" lon="1.9873977252" /><trkpt lat="48.7962233417" lon="1.9873976877" /><trkpt lat="48.7962234594" lon="1.9873976504" /><trkpt lat="48.7962235762" lon="1.987397612" /><trkpt lat="48.7962236932" lon="1.987397575" /><trkpt lat="48.79622381" lon="1.9873975374" /><trkpt lat="48.7962239252" lon="1.9873974983" /><trkpt lat="48.7962240412" lon="1.9873974581" /><trkpt lat="48.7962241567" lon="1.9873974183" /><trkpt lat="48.7962242713" lon="1.9873973777" /><trkpt lat="48.7962243864" lon="1.9873973368" /><trkpt lat="48.7962245013" lon="1.9873972935" /><trkpt lat="48.7962246156" lon="1.9873972503" /><trkpt lat="48.7962247293" lon="1.987397206" /><trkpt lat="48.796224844" lon="1.9873971623" /><trkpt lat="48.7962249581" lon="1.9873971166" /><trkpt lat="48.7962250723" lon="1.9873970711" /><trkpt lat="48.796225186" lon="1.9873970246" /><trkpt lat="48.7962252987" lon="1.9873969801" /><trkpt lat="48.7962254143" lon="1.9873969322" /><trkpt lat="48.7962255282" lon="1.9873968847" /><trkpt lat="48.7962256421" lon="1.987396838" /><trkpt lat="48.7962257562" lon="1.987396791" /><trkpt lat="48.7962258703" lon="1.9873967447" /><trkpt lat="48.7962259841" lon="1.9873966972" /><trkpt lat="48.7962260989" lon="1.9873966499" /><trkpt lat="48.7962262126" lon="1.9873966025" /><trkpt lat="48.7962263263" lon="1.9873965543" /><trkpt lat="48.796226441" lon="1.9873965064" /><trkpt lat="48.7962265547" lon="1.987396457" /><trkpt lat="48.7962266683" lon="1.987396408" /><trkpt lat="48.7962267826" lon="1.9873963577" /><trkpt lat="48.7962268971" lon="1.9873963068" /><trkpt lat="48.7962270112" lon="1.9873962557" /><trkpt lat="48.7962271258" lon="1.9873962045" /><trkpt lat="48.7962272404" lon="1.9873961521" /><trkpt lat="48.7962273554" lon="1.9873960995" /><trkpt lat="48.7962274705" lon="1.9873960473" /><trkpt lat="48.7962275857" lon="1.9873959945" /><trkpt lat="48.7962277006" lon="1.9873959408" /><trkpt lat="48.7962278164" lon="1.9873958865" /><trkpt lat="48.7962279313" lon="1.9873958317" /><trkpt lat="48.7962280469" lon="1.9873957761" /><trkpt lat="48.7962281623" lon="1.9873957188" /><trkpt lat="48.7962282771" lon="1.9873956603" /><trkpt lat="48.7962283923" lon="1.9873956016" /><trkpt lat="48.7962285077" lon="1.9873955411" /><trkpt lat="48.7962286224" lon="1.9873954787" /><trkpt lat="48.7962287374" lon="1.9873954159" /><trkpt lat="48.7962288525" lon="1.9873953523" /><trkpt lat="48.796228967" lon="1.987395287" /><trkpt lat="48.7962290823" lon="1.9873952222" /><trkpt lat="48.7962291977" lon="1.9873951556" /><trkpt lat="48.7962293132" lon="1.9873950902" /><trkpt lat="48.7962294287" lon="1.987395024" /><trkpt lat="48.7962295451" lon="1.9873949575" /><trkpt lat="48.7962296615" lon="1.9873948909" /><trkpt lat="48.7962297791" lon="1.9873948248" /><trkpt lat="48.7962298969" lon="1.9873947582" /><trkpt lat="48.7962300149" lon="1.9873946925" /><trkpt lat="48.7962301337" lon="1.9873946263" /><trkpt lat="48.7962302529" lon="1.9873945591" /><trkpt lat="48.7962303723" lon="1.987394492" /><trkpt lat="48.7962304922" lon="1.9873944238" /><trkpt lat="48.7962306123" lon="1.9873943551" /><trkpt lat="48.7962307331" lon="1.987394285" /><trkpt lat="48.7962308544" lon="1.9873942144" /><trkpt lat="48.7962309753" lon="1.9873941419" /><trkpt lat="48.7962310965" lon="1.9873940689" /><trkpt lat="48.7962312174" lon="1.9873939932" /><trkpt lat="48.7962313386" lon="1.9873939167" /><trkpt lat="48.7962314601" lon="1.9873938389" /><trkpt lat="48.7962315821" lon="1.9873937602" /><trkpt lat="48.7962317046" lon="1.9873936798" /><trkpt lat="48.7962318267" lon="1.9873935991" /><trkpt lat="48.796231948" lon="1.9873935193" /><trkpt lat="48.7962320723" lon="1.9873934331" /><trkpt lat="48.7962321957" lon="1.9873933495" /><trkpt lat="48.796232319" lon="1.987393264" /><trkpt lat="48.7962324418" lon="1.9873931802" /><trkpt lat="48.7962325661" lon="1.9873930922" /><trkpt lat="48.7962326893" lon="1.9873930079" /><trkpt lat="48.7962328192" lon="1.9873929162" /><trkpt lat="48.7962329473" lon="1.9873928107" /><trkpt lat="48.7962330747" lon="1.9873927108" /><trkpt lat="48.7962332024" lon="1.9873926115" /><trkpt lat="48.7962333311" lon="1.9873925102" /><trkpt lat="48.7962334611" lon="1.9873924085" /><trkpt lat="48.79623359" lon="1.987392306" /><trkpt lat="48.796233719" lon="1.9873922038" /><trkpt lat="48.7962338477" lon="1.9873921061" /><trkpt lat="48.7962339799" lon="1.987391999" /><trkpt lat="48.7962341099" lon="1.9873918939" /><trkpt lat="48.7962342418" lon="1.9873917887" /><trkpt lat="48.7962343732" lon="1.9873916827" /><trkpt lat="48.7962345041" lon="1.9873915757" /><trkpt lat="48.7962346373" lon="1.9873914669" /><trkpt lat="48.7962347702" lon="1.9873913559" /><trkpt lat="48.7962349021" lon="1.9873912444" /><trkpt lat="48.7962350343" lon="1.9873911318" /><trkpt lat="48.7962351677" lon="1.987391016" /><trkpt lat="48.7962353002" lon="1.9873908987" /><trkpt lat="48.7962354325" lon="1.9873907798" /><trkpt lat="48.7962355659" lon="1.9873906592" /><trkpt lat="48.7962356988" lon="1.9873905359" /><trkpt lat="48.796235832" lon="1.9873904116" /><trkpt lat="48.7962359657" lon="1.9873902869" /><trkpt lat="48.7962360998" lon="1.9873901609" /><trkpt lat="48.7962362343" lon="1.9873900345" /><trkpt lat="48.7962363686" lon="1.9873899048" /><trkpt lat="48.7962365035" lon="1.9873897767" /><trkpt lat="48.796236639" lon="1.9873896471" /><trkpt lat="48.7962367747" lon="1.9873895148" /><trkpt lat="48.7962369111" lon="1.9873893818" /><trkpt lat="48.796237048" lon="1.9873892502" /><trkpt lat="48.796237185" lon="1.9873891159" /><trkpt lat="48.7962373232" lon="1.9873889811" /><trkpt lat="48.7962374598" lon="1.9873888496" /><trkpt lat="48.7962376002" lon="1.9873887085" /><trkpt lat="48.7962377389" lon="1.987388571" /><trkpt lat="48.796237878" lon="1.9873884317" /><trkpt lat="48.7962380188" lon="1.9873882919" /><trkpt lat="48.7962381596" lon="1.9873881522" /><trkpt lat="48.7962383014" lon="1.9873880109" /><trkpt lat="48.7962384429" lon="1.9873878683" /><trkpt lat="48.7962385848" lon="1.9873877239" /><trkpt lat="48.7962387268" lon="1.9873875785" /><trkpt lat="48.7962388699" lon="1.9873874332" /><trkpt lat="48.7962390127" lon="1.9873872841" /><trkpt lat="48.7962391574" lon="1.9873871348" /><trkpt lat="48.7962393008" lon="1.9873869838" /><trkpt lat="48.7962394464" lon="1.9873868327" /><trkpt lat="48.7962395915" lon="1.9873866778" /><trkpt lat="48.7962397355" lon="1.9873865227" /><trkpt lat="48.7962398813" lon="1.9873863643" /><trkpt lat="48.7962400274" lon="1.9873862055" /><trkpt lat="48.7962401737" lon="1.9873860461" /><trkpt lat="48.7962403216" lon="1.987385885" /><trkpt lat="48.7962404691" lon="1.9873857221" /><trkpt lat="48.7962406161" lon="1.987385557" /><trkpt lat="48.796240763" lon="1.9873853896" /><trkpt lat="48.796240912" lon="1.9873852211" /><trkpt lat="48.7962410608" lon="1.987385054" /><trkpt lat="48.7962412092" lon="1.9873848836" /><trkpt lat="48.7962413583" lon="1.9873847118" /><trkpt lat="48.7962415082" lon="1.9873845392" /><trkpt lat="48.7962416565" lon="1.9873843656" /><trkpt lat="48.7962418056" lon="1.9873841904" /><trkpt lat="48.7962419545" lon="1.9873840197" /><trkpt lat="48.7962421057" lon="1.9873838387" /><trkpt lat="48.7962422562" lon="1.9873836622" /><trkpt lat="48.7962424064" lon="1.9873834836" /><trkpt lat="48.7962425571" lon="1.9873833045" /><trkpt lat="48.7962427084" lon="1.9873831237" /><trkpt lat="48.7962428598" lon="1.9873829434" /><trkpt lat="48.7962430115" lon="1.9873827611" /><trkpt lat="48.7962431635" lon="1.9873825769" /><trkpt lat="48.7962433157" lon="1.9873823925" /><trkpt lat="48.796243468" lon="1.9873822066" /><trkpt lat="48.7962436213" lon="1.9873820191" /><trkpt lat="48.7962437745" lon="1.9873818313" /><trkpt lat="48.7962439277" lon="1.9873816425" /><trkpt lat="48.7962440825" lon="1.9873814507" /><trkpt lat="48.7962442369" lon="1.9873812569" /><trkpt lat="48.7962443919" lon="1.9873810629" /><trkpt lat="48.7962445465" lon="1.9873808677" /><trkpt lat="48.7962447011" lon="1.987380669" /><trkpt lat="48.7962448562" lon="1.9873804701" /><trkpt lat="48.7962450109" lon="1.9873802714" /><trkpt lat="48.7962451664" lon="1.9873800689" /><trkpt lat="48.7962453212" lon="1.9873798662" /><trkpt lat="48.7962454749" lon="1.9873796613" /><trkpt lat="48.7962456301" lon="1.987379455" /><trkpt lat="48.7962457862" lon="1.9873792471" /><trkpt lat="48.7962459403" lon="1.9873790361" /><trkpt lat="48.7962460953" lon="1.9873788237" /><trkpt lat="48.7962462499" lon="1.9873786112" /><trkpt lat="48.796246404" lon="1.987378395" /><trkpt lat="48.7962465572" lon="1.9873781821" /><trkpt lat="48.7962467132" lon="1.9873779594" /><trkpt lat="48.7962468686" lon="1.9873777398" /><trkpt lat="48.7962470242" lon="1.9873775199" /><trkpt lat="48.7962471843" lon="1.9873772947" /><trkpt lat="48.7962473421" lon="1.9873770686" /><trkpt lat="48.7962475011" lon="1.9873768411" /><trkpt lat="48.7962476602" lon="1.9873766142" /><trkpt lat="48.79624782" lon="1.987376385" /><trkpt lat="48.7962479796" lon="1.9873761545" /><trkpt lat="48.7962481406" lon="1.9873759245" /><trkpt lat="48.7962483017" lon="1.9873756932" /><trkpt lat="48.7962484628" lon="1.9873754612" /><trkpt lat="48.7962486238" lon="1.9873752253" /><trkpt lat="48.7962487863" lon="1.9873749907" /><trkpt lat="48.7962489484" lon="1.9873747541" /><trkpt lat="48.79624911" lon="1.9873745178" /><trkpt lat="48.7962492736" lon="1.9873742778" /><trkpt lat="48.7962494367" lon="1.9873740372" /><trkpt lat="48.7962495973" lon="1.9873737993" /><trkpt lat="48.796249762" lon="1.987373553" /><trkpt lat="48.7962499244" lon="1.9873733079" /><trkpt lat="48.7962500871" lon="1.9873730625" /><trkpt lat="48.7962502493" lon="1.9873728145" /><trkpt lat="48.7962504123" lon="1.9873725645" /><trkpt lat="48.7962505739" lon="1.9873723128" /><trkpt lat="48.796250737" lon="1.9873720608" /><trkpt lat="48.7962508995" lon="1.9873718054" /><trkpt lat="48.7962510603" lon="1.9873715479" /><trkpt lat="48.7962512233" lon="1.9873712916" /><trkpt lat="48.796251386" lon="1.9873710325" /><trkpt lat="48.7962515497" lon="1.9873707729" /><trkpt lat="48.7962517112" lon="1.987370511" /><trkpt lat="48.7962518727" lon="1.9873702516" /><trkpt lat="48.7962520388" lon="1.9873699844" /><trkpt lat="48.796252203" lon="1.9873697212" /><trkpt lat="48.7962523679" lon="1.9873694551" /><trkpt lat="48.7962525324" lon="1.9873691864" /><trkpt lat="48.7962526967" lon="1.9873689186" /><trkpt lat="48.7962528626" lon="1.9873686501" /><trkpt lat="48.7962530286" lon="1.9873683802" /><trkpt lat="48.7962531949" lon="1.9873681104" /><trkpt lat="48.7962533606" lon="1.9873678369" /><trkpt lat="48.7962535264" lon="1.9873675624" /><trkpt lat="48.796253693" lon="1.987367288" /><trkpt lat="48.7962538589" lon="1.9873670122" /><trkpt lat="48.7962540252" lon="1.9873667345" /><trkpt lat="48.7962541911" lon="1.9873664556" /><trkpt lat="48.7962543588" lon="1.987366177" /><trkpt lat="48.7962545249" lon="1.9873658955" /><trkpt lat="48.796254692" lon="1.9873656132" /><trkpt lat="48.7962548597" lon="1.9873653302" /><trkpt lat="48.7962550275" lon="1.9873650471" /><trkpt lat="48.7962551958" lon="1.9873647623" /><trkpt lat="48.7962553644" lon="1.9873644757" /><trkpt lat="48.7962555324" lon="1.9873641887" /><trkpt lat="48.796255701" lon="1.987363902" /><trkpt lat="48.7962558709" lon="1.9873636128" /><trkpt lat="48.7962560403" lon="1.9873633237" /><trkpt lat="48.79625621" lon="1.9873630323" /><trkpt lat="48.7962563805" lon="1.987362741" /><trkpt lat="48.7962565503" lon="1.9873624479" /><trkpt lat="48.7962567202" lon="1.9873621548" /><trkpt lat="48.7962568902" lon="1.98736186" /><trkpt lat="48.7962570597" lon="1.9873615634" /><trkpt lat="48.7962572292" lon="1.9873612659" /><trkpt lat="48.7962573997" lon="1.9873609694" /><trkpt lat="48.79625757" lon="1.9873606692" /><trkpt lat="48.7962577392" lon="1.9873603677" /><trkpt lat="48.7962579086" lon="1.9873600663" /><trkpt lat="48.7962580794" lon="1.9873597659" /><trkpt lat="48.7962582497" lon="1.9873594617" /><trkpt lat="48.7962584204" lon="1.9873591582" /><trkpt lat="48.7962585917" lon="1.9873588538" /><trkpt lat="48.7962587656" lon="1.9873585501" /><trkpt lat="48.796258938" lon="1.9873582456" /><trkpt lat="48.7962591113" lon="1.98735794" /><trkpt lat="48.7962592867" lon="1.987357635" /><trkpt lat="48.7962594628" lon="1.9873573296" /><trkpt lat="48.7962596378" lon="1.9873570244" /><trkpt lat="48.7962598152" lon="1.9873567177" /><trkpt lat="48.7962599925" lon="1.9873564093" /><trkpt lat="48.7962601703" lon="1.9873561025" /><trkpt lat="48.7962603495" lon="1.9873557942" /><trkpt lat="48.7962605273" lon="1.9873554844" /><trkpt lat="48.7962607058" lon="1.9873551732" /><trkpt lat="48.7962608838" lon="1.9873548623" /><trkpt lat="48.7962610634" lon="1.9873545507" /><trkpt lat="48.796261244" lon="1.9873542375" /><trkpt lat="48.7962614226" lon="1.9873539278" /><trkpt lat="48.7962616026" lon="1.9873536104" /><trkpt lat="48.7962617819" lon="1.9873532954" /><trkpt lat="48.7962619633" lon="1.9873529801" /><trkpt lat="48.796262144" lon="1.9873526651" /><trkpt lat="48.7962623253" lon="1.9873523485" /><trkpt lat="48.7962625071" lon="1.9873520323" /><trkpt lat="48.7962626895" lon="1.9873517148" /><trkpt lat="48.7962628702" lon="1.9873513995" /><trkpt lat="48.7962630531" lon="1.9873510776" /><trkpt lat="48.7962632361" lon="1.987350758" /><trkpt lat="48.7962634172" lon="1.9873504366" /><trkpt lat="48.7962635986" lon="1.9873501165" /><trkpt lat="48.796263782" lon="1.987349796" /><trkpt lat="48.7962639673" lon="1.9873494675" /><trkpt lat="48.7962641488" lon="1.9873491481" /><trkpt lat="48.7962643293" lon="1.987348828" /><trkpt lat="48.7962645143" lon="1.9873484979" /><trkpt lat="48.7962646958" lon="1.9873481616" /><trkpt lat="48.7962648792" lon="1.9873478258" /><trkpt lat="48.7962650623" lon="1.9873474877" /><trkpt lat="48.7962652468" lon="1.9873471485" /><trkpt lat="48.7962654297" lon="1.9873468097" /><trkpt lat="48.7962656144" lon="1.98734647" /><trkpt lat="48.7962657992" lon="1.9873461348" /><trkpt lat="48.7962659862" lon="1.9873457903" /><trkpt lat="48.7962661717" lon="1.9873454504" /><trkpt lat="48.7962663594" lon="1.9873451095" /><trkpt lat="48.7962665476" lon="1.9873447678" /><trkpt lat="48.7962667364" lon="1.9873444267" /><trkpt lat="48.7962669253" lon="1.9873440845" /><trkpt lat="48.796267115" lon="1.987343742" /><trkpt lat="48.7962673042" lon="1.9873434034" /><trkpt lat="48.7962674946" lon="1.9873430602" /><trkpt lat="48.7962676843" lon="1.9873427097" /><trkpt lat="48.7962678742" lon="1.987342364" /><trkpt lat="48.7962680638" lon="1.987342018" /><trkpt lat="48.7962682549" lon="1.9873416711" /><trkpt lat="48.796268444" lon="1.9873413231" /><trkpt lat="48.7962686347" lon="1.987340975" /><trkpt lat="48.7962688243" lon="1.9873406248" /><trkpt lat="48.796269016" lon="1.9873402766" /><trkpt lat="48.7962692081" lon="1.9873399281" /><trkpt lat="48.7962694009" lon="1.9873395786" /><trkpt lat="48.7962695933" lon="1.9873392273" /><trkpt lat="48.7962697858" lon="1.9873388771" /><trkpt lat="48.7962699807" lon="1.9873385256" /><trkpt lat="48.796270175" lon="1.9873381755" /><trkpt lat="48.7962703691" lon="1.9873378221" /><trkpt lat="48.7962705632" lon="1.987337468" /><trkpt lat="48.7962707579" lon="1.987337116" /><trkpt lat="48.796270953" lon="1.9873367606" /><trkpt lat="48.7962711485" lon="1.9873364067" /><trkpt lat="48.7962713433" lon="1.9873360512" /><trkpt lat="48.7962715406" lon="1.9873356939" /><trkpt lat="48.7962717364" lon="1.9873353382" /><trkpt lat="48.7962719336" lon="1.9873349822" /><trkpt lat="48.7962721312" lon="1.9873346251" /><trkpt lat="48.7962723293" lon="1.9873342681" /><trkpt lat="48.7962725299" lon="1.9873339123" /><trkpt lat="48.7962727296" lon="1.9873335544" /><trkpt lat="48.7962729292" lon="1.9873331962" /><trkpt lat="48.7962731301" lon="1.987332839" /><trkpt lat="48.7962733328" lon="1.9873324793" /><trkpt lat="48.7962735338" lon="1.987332121" /><trkpt lat="48.7962737353" lon="1.9873317667" /><trkpt lat="48.7962739378" lon="1.9873314016" /><trkpt lat="48.796274139" lon="1.9873310406" /><trkpt lat="48.7962743426" lon="1.9873306792" /><trkpt lat="48.7962745447" lon="1.9873303221" /><trkpt lat="48.7962747478" lon="1.9873299532" /><trkpt lat="48.7962749513" lon="1.9873295905" /><trkpt lat="48.796275153" lon="1.9873292252" /><trkpt lat="48.7962753567" lon="1.9873288614" /><trkpt lat="48.796275562" lon="1.9873284961" /><trkpt lat="48.796275767" lon="1.98732813" /><trkpt lat="48.7962759705" lon="1.9873277652" /><trkpt lat="48.7962761774" lon="1.9873273973" /><trkpt lat="48.7962763834" lon="1.9873270286" /><trkpt lat="48.7962765897" lon="1.9873266598" /><trkpt lat="48.7962767962" lon="1.9873262905" /><trkpt lat="48.7962770024" lon="1.9873259262" /><trkpt lat="48.796277212" lon="1.9873255487" /><trkpt lat="48.7962774184" lon="1.9873251772" /><trkpt lat="48.7962776266" lon="1.987324804" /><trkpt lat="48.796277833" lon="1.9873244302" /><trkpt lat="48.7962780425" lon="1.9873240589" /><trkpt lat="48.7962782501" lon="1.987323685" /><trkpt lat="48.7962784599" lon="1.9873233097" /><trkpt lat="48.7962786694" lon="1.9873229379" /><trkpt lat="48.7962788791" lon="1.9873225644" /><trkpt lat="48.7962790906" lon="1.9873221902" /><trkpt lat="48.7962793024" lon="1.9873218159" /><trkpt lat="48.7962795135" lon="1.9873214431" /><trkpt lat="48.7962797265" lon="1.987321069" /><trkpt lat="48.79627994" lon="1.9873206944" /><trkpt lat="48.7962801528" lon="1.9873203206" /><trkpt lat="48.7962803679" lon="1.9873199455" /><trkpt lat="48.7962805809" lon="1.9873195694" /><trkpt lat="48.796280798" lon="1.9873191938" /><trkpt lat="48.796281013" lon="1.9873188168" /><trkpt lat="48.7962812287" lon="1.9873184401" /><trkpt lat="48.7962814436" lon="1.9873180627" /><trkpt lat="48.7962816606" lon="1.9873176829" /><trkpt lat="48.796281877" lon="1.9873173031" /><trkpt lat="48.7962820915" lon="1.9873169232" /><trkpt lat="48.7962823074" lon="1.9873165429" /><trkpt lat="48.7962825234" lon="1.9873161605" /><trkpt lat="48.7962827414" lon="1.987315779" /><trkpt lat="48.7962829584" lon="1.9873153967" /><trkpt lat="48.7962831758" lon="1.9873150143" /><trkpt lat="48.7962833942" lon="1.987314632" /><trkpt lat="48.7962836129" lon="1.9873142478" /><trkpt lat="48.796283832" lon="1.9873138637" /><trkpt lat="48.7962840513" lon="1.9873134804" /><trkpt lat="48.7962842701" lon="1.9873130956" /><trkpt lat="48.7962844914" lon="1.9873127103" /><trkpt lat="48.7962847081" lon="1.9873123078" /><trkpt lat="48.7962849197" lon="1.9873119027" /><trkpt lat="48.7962851302" lon="1.9873114949" /><trkpt lat="48.7962853424" lon="1.9873110883" /><trkpt lat="48.7962855555" lon="1.9873106802" /><trkpt lat="48.7962857679" lon="1.9873102731" /><trkpt lat="48.7962859803" lon="1.9873098639" /><trkpt lat="48.7962861932" lon="1.9873094543" /><trkpt lat="48.7962864079" lon="1.9873090451" /><trkpt lat="48.7962866207" lon="1.9873086358" /><trkpt lat="48.7962868353" lon="1.9873082247" /><trkpt lat="48.7962870512" lon="1.9873078141" /><trkpt lat="48.7962872654" lon="1.9873074016" /><trkpt lat="48.7962874802" lon="1.9873069909" /><trkpt lat="48.7962876966" lon="1.987306578" /><trkpt lat="48.7962879124" lon="1.9873061658" /><trkpt lat="48.7962881285" lon="1.9873057527" /><trkpt lat="48.7962883442" lon="1.9873053393" /><trkpt lat="48.7962885606" lon="1.9873049241" /><trkpt lat="48.7962887773" lon="1.987304509" /><trkpt lat="48.7962889933" lon="1.9873040932" /><trkpt lat="48.7962892117" lon="1.9873036779" /><trkpt lat="48.7962894287" lon="1.9873032606" /><trkpt lat="48.7962896478" lon="1.9873028442" /><trkpt lat="48.7962898629" lon="1.9873024257" /><trkpt lat="48.7962900826" lon="1.9873020077" /><trkpt lat="48.7962903015" lon="1.9873015903" /><trkpt lat="48.7962905205" lon="1.987301173" /><trkpt lat="48.7962907393" lon="1.9873007528" /><trkpt lat="48.7962909585" lon="1.987300335" /><trkpt lat="48.7962911783" lon="1.987299915" /><trkpt lat="48.7962913981" lon="1.9872994955" /><trkpt lat="48.7962916183" lon="1.9872990757" /><trkpt lat="48.7962918388" lon="1.9872986556" /><trkpt lat="48.7962920608" lon="1.9872982349" /><trkpt lat="48.79629228" lon="1.987297815" /><trkpt lat="48.7962925022" lon="1.9872973913" /><trkpt lat="48.7962927243" lon="1.9872969704" /><trkpt lat="48.7962929446" lon="1.9872965469" /><trkpt lat="48.7962931677" lon="1.9872961239" /><trkpt lat="48.7962933888" lon="1.9872956997" /><trkpt lat="48.7962936122" lon="1.9872952743" /><trkpt lat="48.7962938335" lon="1.9872948511" /><trkpt lat="48.796294056" lon="1.9872944248" /><trkpt lat="48.7962942784" lon="1.9872939997" /><trkpt lat="48.7962945018" lon="1.9872935736" /><trkpt lat="48.7962947248" lon="1.9872931465" /><trkpt lat="48.7962949493" lon="1.9872927209" /><trkpt lat="48.7962951761" lon="1.9872923032" /><trkpt lat="48.7962953982" lon="1.9872918678" /><trkpt lat="48.7962956233" lon="1.9872914403" /><trkpt lat="48.7962958477" lon="1.9872910127" /><trkpt lat="48.7962960716" lon="1.9872905851" /><trkpt lat="48.796296299" lon="1.987290156" /><trkpt lat="48.7962965224" lon="1.9872897298" /><trkpt lat="48.7962967504" lon="1.9872893111" /><trkpt lat="48.796296975" lon="1.9872888706" /><trkpt lat="48.7962971999" lon="1.9872884435" /><trkpt lat="48.796297426" lon="1.9872880116" /><trkpt lat="48.7962976499" lon="1.9872875829" /><trkpt lat="48.7962978781" lon="1.9872871534" /><trkpt lat="48.7962981027" lon="1.9872867234" /><trkpt lat="48.7962983285" lon="1.9872862925" /><trkpt lat="48.7962985544" lon="1.9872858617" /><trkpt lat="48.7962987808" lon="1.9872854309" /><trkpt lat="48.796299007" lon="1.9872850011" /><trkpt lat="48.7962992335" lon="1.9872845689" /><trkpt lat="48.7962994615" lon="1.9872841392" /><trkpt lat="48.7962996882" lon="1.9872837064" /><trkpt lat="48.7962999155" lon="1.9872832763" /><trkpt lat="48.796300143" lon="1.9872828449" /><trkpt lat="48.7963003706" lon="1.9872824132" /><trkpt lat="48.7963006013" lon="1.9872819926" /><trkpt lat="48.7963008264" lon="1.9872815519" /><trkpt lat="48.796301053" lon="1.9872811197" /><trkpt lat="48.7963012799" lon="1.987280689" /><trkpt lat="48.7963015075" lon="1.9872802562" /><trkpt lat="48.7963017341" lon="1.9872798238" /><trkpt lat="48.7963019614" lon="1.987279392" /><trkpt lat="48.7963021879" lon="1.9872789596" /><trkpt lat="48.7963024192" lon="1.9872785359" /><trkpt lat="48.7963026402" lon="1.9872780947" /><trkpt lat="48.7963028678" lon="1.9872776616" /><trkpt lat="48.7963030959" lon="1.9872772276" /><trkpt lat="48.7963033222" lon="1.9872767949" /><trkpt lat="48.7963035483" lon="1.987276362" /><trkpt lat="48.7963037757" lon="1.9872759282" /><trkpt lat="48.7963040016" lon="1.9872754957" /><trkpt lat="48.7963042291" lon="1.9872750635" /><trkpt lat="48.796304457" lon="1.9872746316" /><trkpt lat="48.7963046859" lon="1.9872742001" /><trkpt lat="48.796304913" lon="1.9872737658" /><trkpt lat="48.7963051398" lon="1.9872733343" /><trkpt lat="48.7963053656" lon="1.9872729016" /><trkpt lat="48.7963055924" lon="1.9872724674" /><trkpt lat="48.796305819" lon="1.987272033" /><trkpt lat="48.7963060445" lon="1.9872716009" /><trkpt lat="48.7963062736" lon="1.9872711763" /><trkpt lat="48.7963064966" lon="1.9872707324" /><trkpt lat="48.7963067218" lon="1.9872702966" /><trkpt lat="48.7963069453" lon="1.9872698587" /><trkpt lat="48.7963071668" lon="1.9872694239" /><trkpt lat="48.796307389" lon="1.9872689903" /><trkpt lat="48.7963076118" lon="1.9872685569" /><trkpt lat="48.7963078351" lon="1.9872681239" /><trkpt lat="48.7963080569" lon="1.9872676891" /><trkpt lat="48.7963082796" lon="1.9872672566" /><trkpt lat="48.7963085016" lon="1.9872668234" /><trkpt lat="48.7963087254" lon="1.9872663893" /><trkpt lat="48.7963089468" lon="1.9872659571" /><trkpt lat="48.7963091671" lon="1.9872655213" /><trkpt lat="48.7963093898" lon="1.9872650881" /><trkpt lat="48.7963096097" lon="1.9872646533" /><trkpt lat="48.7963098302" lon="1.9872642187" /><trkpt lat="48.7963100508" lon="1.9872637841" /><trkpt lat="48.7963102722" lon="1.9872633502" /><trkpt lat="48.796310491" lon="1.987262916" /><trkpt lat="48.7963107161" lon="1.9872624873" /><trkpt lat="48.7963109306" lon="1.9872620457" /><trkpt lat="48.7963111523" lon="1.9872616119" /><trkpt lat="48.7963113715" lon="1.9872611772" /><trkpt lat="48.7963115913" lon="1.9872607423" /><trkpt lat="48.7963118126" lon="1.9872603073" /><trkpt lat="48.796312031" lon="1.9872598725" /><trkpt lat="48.7963122513" lon="1.9872594361" /><trkpt lat="48.7963124695" lon="1.9872590022" /><trkpt lat="48.7963126895" lon="1.987258566" /><trkpt lat="48.7963129078" lon="1.987258129" /><trkpt lat="48.7963131258" lon="1.9872576944" /><trkpt lat="48.7963133439" lon="1.9872572578" /><trkpt lat="48.7963135605" lon="1.9872568206" /><trkpt lat="48.7963137804" lon="1.9872563841" /><trkpt lat="48.7963139967" lon="1.9872559486" /><trkpt lat="48.7963142142" lon="1.9872555099" /><trkpt lat="48.7963144303" lon="1.987255074" /><trkpt lat="48.7963146487" lon="1.9872546375" /><trkpt lat="48.7963148651" lon="1.9872542008" /><trkpt lat="48.7963150816" lon="1.9872537625" /><trkpt lat="48.7963152976" lon="1.9872533255" /><trkpt lat="48.7963155145" lon="1.9872528902" /><trkpt lat="48.7963157342" lon="1.9872524583" /><trkpt lat="48.7963159478" lon="1.9872520156" /><trkpt lat="48.7963161639" lon="1.9872515788" /><trkpt lat="48.79631638" lon="1.9872511423" /><trkpt lat="48.7963165958" lon="1.9872507061" /><trkpt lat="48.7963168112" lon="1.9872502684" /><trkpt lat="48.7963170258" lon="1.9872498312" /><trkpt lat="48.7963172402" lon="1.9872493947" /><trkpt lat="48.7963174551" lon="1.9872489563" /><trkpt lat="48.7963176674" lon="1.9872485188" /><trkpt lat="48.7963178808" lon="1.9872480816" /><trkpt lat="48.7963180963" lon="1.9872476435" /><trkpt lat="48.7963183111" lon="1.9872472071" /><trkpt lat="48.7963185245" lon="1.9872467687" /><trkpt lat="48.7963187385" lon="1.9872463295" /><trkpt lat="48.7963189545" lon="1.9872458902" /><trkpt lat="48.7963191664" lon="1.9872454534" /><trkpt lat="48.7963193804" lon="1.9872450141" /><trkpt lat="48.7963195941" lon="1.9872445762" /><trkpt lat="48.7963198072" lon="1.987244139" /><trkpt lat="48.7963200215" lon="1.9872437004" /><trkpt lat="48.7963202351" lon="1.9872432626" /><trkpt lat="48.7963204481" lon="1.9872428217" /><trkpt lat="48.7963206601" lon="1.9872423837" /><trkpt lat="48.7963208716" lon="1.9872419429" /><trkpt lat="48.7963210834" lon="1.9872415029" /><trkpt lat="48.7963212932" lon="1.987241062" /><trkpt lat="48.7963215057" lon="1.9872406237" /><trkpt lat="48.7963217149" lon="1.9872401846" /><trkpt lat="48.7963219241" lon="1.9872397437" /><trkpt lat="48.7963221352" lon="1.9872393025" /><trkpt lat="48.7963223445" lon="1.9872388646" /><trkpt lat="48.7963225579" lon="1.987238431" /><trkpt lat="48.7963227639" lon="1.987237983" /><trkpt lat="48.7963229728" lon="1.9872375442" /><trkpt lat="48.7963231843" lon="1.9872371069" /><trkpt lat="48.7963233922" lon="1.9872366671" /><trkpt lat="48.7963236007" lon="1.9872362262" /><trkpt lat="48.7963238102" lon="1.9872357864" /><trkpt lat="48.7963240197" lon="1.9872353474" /><trkpt lat="48.7963242276" lon="1.987234908" /><trkpt lat="48.7963244355" lon="1.9872344677" /><trkpt lat="48.7963246443" lon="1.9872340267" /><trkpt lat="48.796324852" lon="1.9872335871" /><trkpt lat="48.796325059" lon="1.9872331478" /><trkpt lat="48.7963252657" lon="1.9872327075" /><trkpt lat="48.7963254718" lon="1.9872322657" /><trkpt lat="48.7963256812" lon="1.9872318323" /><trkpt lat="48.7963258837" lon="1.9872313841" /><trkpt lat="48.7963260883" lon="1.9872309446" /><trkpt lat="48.7963262969" lon="1.9872305101" /><trkpt lat="48.7963264968" lon="1.9872300616" /><trkpt lat="48.7963267022" lon="1.9872296226" /><trkpt lat="48.7963269065" lon="1.9872291818" /><trkpt lat="48.7963271117" lon="1.9872287412" /><trkpt lat="48.7963273156" lon="1.9872283029" /><trkpt lat="48.7963275199" lon="1.9872278608" /><trkpt lat="48.7963277226" lon="1.9872274219" /><trkpt lat="48.7963279252" lon="1.9872269829" /><trkpt lat="48.7963281303" lon="1.9872265433" /><trkpt lat="48.7963283354" lon="1.9872261105" /><trkpt lat="48.7963285445" lon="1.9872256786" /><trkpt lat="48.7963287529" lon="1.9872252491" /><trkpt lat="48.7963289585" lon="1.9872248118" /><trkpt lat="48.7963291653" lon="1.9872243798" /><trkpt lat="48.7963293708" lon="1.9872239456" /><trkpt lat="48.7963295768" lon="1.9872235126" /><trkpt lat="48.7963297837" lon="1.9872230787" /><trkpt lat="48.7963299876" lon="1.9872226461" /><trkpt lat="48.796330193" lon="1.9872222156" /><trkpt lat="48.7963303972" lon="1.9872217814" /><trkpt lat="48.7963306023" lon="1.9872213479" /><trkpt lat="48.7963308085" lon="1.9872209171" /><trkpt lat="48.7963310125" lon="1.9872204849" /><trkpt lat="48.7963312177" lon="1.9872200521" /><trkpt lat="48.7963314216" lon="1.9872196221" /><trkpt lat="48.7963316259" lon="1.9872191909" /><trkpt lat="48.7963318296" lon="1.9872187607" /><trkpt lat="48.7963320346" lon="1.9872183308" /><trkpt lat="48.7963322367" lon="1.9872179003" /><trkpt lat="48.7963324402" lon="1.9872174719" /><trkpt lat="48.7963326415" lon="1.9872170421" /><trkpt lat="48.7963328443" lon="1.9872166123" /><trkpt lat="48.7963330455" lon="1.9872161852" /><trkpt lat="48.7963332456" lon="1.9872157579" /><trkpt lat="48.796333448" lon="1.9872153272" /><trkpt lat="48.7963336478" lon="1.9872148969" /><trkpt lat="48.7963338492" lon="1.9872144683" /><trkpt lat="48.7963340484" lon="1.9872140409" /><trkpt lat="48.796334249" lon="1.9872136136" /><trkpt lat="48.7963344468" lon="1.9872131824" /><trkpt lat="48.7963346464" lon="1.9872127541" /><trkpt lat="48.7963348447" lon="1.9872123242" /><trkpt lat="48.7963350431" lon="1.987211895" /><trkpt lat="48.7963352412" lon="1.9872114668" /><trkpt lat="48.7963354396" lon="1.9872110392" /><trkpt lat="48.796335639" lon="1.9872106115" /><trkpt lat="48.7963358354" lon="1.9872101841" /><trkpt lat="48.7963360321" lon="1.9872097564" /><trkpt lat="48.7963362321" lon="1.9872093328" /><trkpt lat="48.7963364276" lon="1.9872089057" /><trkpt lat="48.7963366267" lon="1.9872084797" /><trkpt lat="48.7963368232" lon="1.9872080536" /><trkpt lat="48.7963370193" lon="1.9872076289" /><trkpt lat="48.7963372169" lon="1.9872072043" /><trkpt lat="48.7963374135" lon="1.9872067803" /><trkpt lat="48.7963376104" lon="1.9872063581" /><trkpt lat="48.796337805" lon="1.9872059324" /><trkpt lat="48.7963380018" lon="1.9872055088" /><trkpt lat="48.796338199" lon="1.987205084" /><trkpt lat="48.7963383929" lon="1.9872046625" /><trkpt lat="48.7963385875" lon="1.987204239" /><trkpt lat="48.7963387835" lon="1.9872038175" /><trkpt lat="48.7963389777" lon="1.987203395" /><trkpt lat="48.7963391732" lon="1.9872029722" /><trkpt lat="48.7963393671" lon="1.9872025525" /><trkpt lat="48.7963395622" lon="1.9872021296" /><trkpt lat="48.7963397568" lon="1.9872017089" /><trkpt lat="48.7963399507" lon="1.9872012859" /><trkpt lat="48.7963401443" lon="1.9872008662" /><trkpt lat="48.7963403383" lon="1.9872004468" /><trkpt lat="48.7963405334" lon="1.9872000262" /><trkpt lat="48.7963407253" lon="1.9871996056" /><trkpt lat="48.7963409193" lon="1.9871991858" /><trkpt lat="48.7963411126" lon="1.9871987672" /><trkpt lat="48.7963413052" lon="1.9871983477" /><trkpt lat="48.7963414985" lon="1.9871979287" /><trkpt lat="48.7963416904" lon="1.9871975095" /><trkpt lat="48.7963418842" lon="1.987197092" /><trkpt lat="48.7963420763" lon="1.9871966751" /><trkpt lat="48.7963422681" lon="1.9871962556" /><trkpt lat="48.7963424612" lon="1.9871958384" /><trkpt lat="48.7963426527" lon="1.987195422" /><trkpt lat="48.7963428462" lon="1.987195005" /><trkpt lat="48.7963430374" lon="1.9871945895" /><trkpt lat="48.7963432306" lon="1.9871941725" /><trkpt lat="48.7963434214" lon="1.987193756" /><trkpt lat="48.7963436139" lon="1.9871933427" /><trkpt lat="48.7963438057" lon="1.9871929263" /><trkpt lat="48.7963439972" lon="1.987192514" /><trkpt lat="48.7963441878" lon="1.9871920957" /><trkpt lat="48.7963443794" lon="1.987191683" /><trkpt lat="48.7963445707" lon="1.9871912678" /><trkpt lat="48.7963447609" lon="1.9871908527" /><trkpt lat="48.7963449529" lon="1.9871904409" /><trkpt lat="48.7963451437" lon="1.9871900284" /><trkpt lat="48.7963453362" lon="1.9871896162" /><trkpt lat="48.7963455263" lon="1.9871892048" /><trkpt lat="48.7963457186" lon="1.9871887928" /><trkpt lat="48.7963459101" lon="1.9871883819" /><trkpt lat="48.796346102" lon="1.9871879723" /><trkpt lat="48.796346293" lon="1.9871875613" /><trkpt lat="48.7963464836" lon="1.9871871521" /><trkpt lat="48.796346674" lon="1.9871867413" /><trkpt lat="48.7963468643" lon="1.9871863319" /><trkpt lat="48.7963470548" lon="1.987185921" /><trkpt lat="48.7963472444" lon="1.9871855122" /><trkpt lat="48.7963474334" lon="1.9871851015" /><trkpt lat="48.7963476234" lon="1.9871846927" /><trkpt lat="48.7963478122" lon="1.987184285" /><trkpt lat="48.7963480018" lon="1.9871838749" /><trkpt lat="48.7963481896" lon="1.9871834624" /><trkpt lat="48.7963483775" lon="1.9871830495" /><trkpt lat="48.7963485667" lon="1.9871826376" /><trkpt lat="48.7963487549" lon="1.987182227" /><trkpt lat="48.7963489431" lon="1.9871818156" /><trkpt lat="48.7963491311" lon="1.9871814039" /><trkpt lat="48.7963493189" lon="1.9871809935" /><trkpt lat="48.7963495056" lon="1.9871805832" /><trkpt lat="48.7963496931" lon="1.9871801737" /><trkpt lat="48.796349882" lon="1.9871797634" /><trkpt lat="48.7963500689" lon="1.9871793531" /><trkpt lat="48.7963502557" lon="1.9871789449" /><trkpt lat="48.7963504435" lon="1.9871785341" /><trkpt lat="48.7963506307" lon="1.9871781264" /><trkpt lat="48.7963508176" lon="1.9871777188" /><trkpt lat="48.7963510051" lon="1.9871773106" /><trkpt lat="48.796351192" lon="1.987176902" /><trkpt lat="48.7963513797" lon="1.9871764957" /><trkpt lat="48.7963515682" lon="1.9871760888" /><trkpt lat="48.7963517555" lon="1.9871756815" /><trkpt lat="48.7963519424" lon="1.9871752744" /><trkpt lat="48.7963521297" lon="1.9871748697" /><trkpt lat="48.7963523168" lon="1.9871744635" /><trkpt lat="48.7963525043" lon="1.9871740585" /><trkpt lat="48.7963526924" lon="1.9871736544" /><trkpt lat="48.7963528795" lon="1.9871732483" /><trkpt lat="48.7963530661" lon="1.9871728438" /><trkpt lat="48.796353254" lon="1.9871724411" /><trkpt lat="48.7963534425" lon="1.9871720361" /><trkpt lat="48.7963536309" lon="1.9871716335" /><trkpt lat="48.7963538169" lon="1.9871712307" /><trkpt lat="48.7963540057" lon="1.9871708267" /><trkpt lat="48.7963541933" lon="1.9871704229" /><trkpt lat="48.7963543815" lon="1.9871700213" /><trkpt lat="48.7963545688" lon="1.9871696188" /><trkpt lat="48.7963547554" lon="1.9871692157" /><trkpt lat="48.7963549437" lon="1.9871688131" /><trkpt lat="48.7963551319" lon="1.9871684097" /><trkpt lat="48.7963553196" lon="1.9871680106" /><trkpt lat="48.7963555068" lon="1.9871676073" /><trkpt lat="48.7963556936" lon="1.9871672026" /><trkpt lat="48.7963558802" lon="1.9871668009" /><trkpt lat="48.7963560671" lon="1.9871664001" /><trkpt lat="48.796356254" lon="1.9871659956" /><trkpt lat="48.7963564393" lon="1.9871655945" /><trkpt lat="48.7963566269" lon="1.9871651921" /><trkpt lat="48.796356813" lon="1.9871647883" /><trkpt lat="48.7963570003" lon="1.9871643888" /><trkpt lat="48.7963571856" lon="1.987163986" /><trkpt lat="48.7963573723" lon="1.9871635836" /><trkpt lat="48.7963575586" lon="1.9871631806" /><trkpt lat="48.7963577454" lon="1.9871627815" /><trkpt lat="48.7963579323" lon="1.9871623802" /><trkpt lat="48.7963581199" lon="1.9871619828" /><trkpt lat="48.7963583054" lon="1.987161579" /><trkpt lat="48.7963584927" lon="1.9871611785" /><trkpt lat="48.79635868" lon="1.98716078" /><trkpt lat="48.7963588663" lon="1.9871603805" /><trkpt lat="48.7963590553" lon="1.9871599803" /><trkpt lat="48.796359241" lon="1.9871595804" /><trkpt lat="48.7963594299" lon="1.9871591815" /><trkpt lat="48.7963596165" lon="1.9871587818" /><trkpt lat="48.796359804" lon="1.9871583831" /><trkpt lat="48.7963599912" lon="1.9871579847" /><trkpt lat="48.7963601794" lon="1.9871575851" /><trkpt lat="48.796360366" lon="1.987157185" /><trkpt lat="48.796360552" lon="1.9871567881" /><trkpt lat="48.79636074" lon="1.9871563863" /><trkpt lat="48.7963609276" lon="1.987155988" /><trkpt lat="48.7963611136" lon="1.9871555899" /><trkpt lat="48.7963612995" lon="1.98715519" /><trkpt lat="48.7963614861" lon="1.9871547897" /><trkpt lat="48.796361672" lon="1.9871543903" /><trkpt lat="48.796361858" lon="1.9871539905" /><trkpt lat="48.7963620442" lon="1.9871535925" /><trkpt lat="48.7963622309" lon="1.9871531933" /><trkpt lat="48.796362417" lon="1.9871527939" /><trkpt lat="48.7963626045" lon="1.9871523977" /><trkpt lat="48.796362789" lon="1.9871519981" /><trkpt lat="48.7963629772" lon="1.9871516" /><trkpt lat="48.7963631634" lon="1.9871512017" /><trkpt lat="48.7963633511" lon="1.9871508048" /><trkpt lat="48.7963635402" lon="1.9871504064" /><trkpt lat="48.7963637268" lon="1.9871500101" /><trkpt lat="48.7963639136" lon="1.9871496111" /><trkpt lat="48.7963641023" lon="1.9871492154" /><trkpt lat="48.7963642894" lon="1.9871488177" /><trkpt lat="48.7963644765" lon="1.9871484196" /><trkpt lat="48.7963646643" lon="1.9871480235" /><trkpt lat="48.7963648528" lon="1.98714763" /><trkpt lat="48.7963650408" lon="1.9871472296" /><trkpt lat="48.7963652264" lon="1.9871468331" /><trkpt lat="48.7963654141" lon="1.9871464341" /><trkpt lat="48.7963656" lon="1.9871460352" /><trkpt lat="48.7963657868" lon="1.9871456383" /><trkpt lat="48.796365973" lon="1.9871452439" /><trkpt lat="48.7963661595" lon="1.9871448483" /><trkpt lat="48.7963663466" lon="1.9871444441" /><trkpt lat="48.7963665332" lon="1.9871440483" /><trkpt lat="48.7963667215" lon="1.9871436542" /><trkpt lat="48.7963669081" lon="1.9871432554" /><trkpt lat="48.7963670947" lon="1.9871428575" /><trkpt lat="48.7963672795" lon="1.9871424598" /><trkpt lat="48.796367466" lon="1.9871420616" /><trkpt lat="48.7963676519" lon="1.9871416658" /><trkpt lat="48.7963678381" lon="1.9871412677" /><trkpt lat="48.7963680228" lon="1.9871408701" /><trkpt lat="48.7963682085" lon="1.9871404741" /><trkpt lat="48.7963683941" lon="1.987140076" /><trkpt lat="48.796368581" lon="1.9871396786" /><trkpt lat="48.7963687653" lon="1.9871392829" /><trkpt lat="48.7963689513" lon="1.987138889" /><trkpt lat="48.7963691387" lon="1.9871384885" /><trkpt lat="48.7963693245" lon="1.9871380948" /><trkpt lat="48.7963695104" lon="1.9871376946" /><trkpt lat="48.7963696963" lon="1.9871372985" /><trkpt lat="48.7963698826" lon="1.987136903" /><trkpt lat="48.796370069" lon="1.9871365054" /><trkpt lat="48.7963702564" lon="1.9871361084" /><trkpt lat="48.7963704422" lon="1.9871357129" /><trkpt lat="48.7963706294" lon="1.9871353163" /><trkpt lat="48.7963708143" lon="1.9871349198" /><trkpt lat="48.7963709999" lon="1.9871345267" /><trkpt lat="48.7963711873" lon="1.9871341266" /><trkpt lat="48.796371373" lon="1.9871337313" /><trkpt lat="48.7963715597" lon="1.9871333355" /><trkpt lat="48.7963717457" lon="1.9871329388" /><trkpt lat="48.7963719321" lon="1.987132542" /><trkpt lat="48.7963721181" lon="1.9871321466" /><trkpt lat="48.7963723064" lon="1.9871317511" /><trkpt lat="48.7963724906" lon="1.9871313543" /><trkpt lat="48.7963726788" lon="1.9871309601" /><trkpt lat="48.7963728664" lon="1.987130564" /><trkpt lat="48.7963730525" lon="1.9871301698" /><trkpt lat="48.7963732405" lon="1.9871297748" /><trkpt lat="48.7963734276" lon="1.9871293796" /><trkpt lat="48.7963736141" lon="1.9871289846" /><trkpt lat="48.7963738001" lon="1.9871285908" /><trkpt lat="48.7963739885" lon="1.9871281947" /><trkpt lat="48.7963741749" lon="1.9871277994" /><trkpt lat="48.7963743603" lon="1.9871274044" /><trkpt lat="48.7963745464" lon="1.9871270087" /><trkpt lat="48.7963747311" lon="1.9871266118" /><trkpt lat="48.7963749157" lon="1.9871262168" /><trkpt lat="48.7963751018" lon="1.9871258193" /><trkpt lat="48.7963752877" lon="1.987125423" /><trkpt lat="48.7963754738" lon="1.987125029" /><trkpt lat="48.7963756597" lon="1.9871246311" /><trkpt lat="48.7963758443" lon="1.9871242346" /><trkpt lat="48.796376032" lon="1.987123838" /><trkpt lat="48.7963762191" lon="1.9871234431" /><trkpt lat="48.7963764034" lon="1.987123048" /><trkpt lat="48.7963765893" lon="1.9871226505" /><trkpt lat="48.7963767756" lon="1.9871222536" /><trkpt lat="48.7963769619" lon="1.987121859" /><trkpt lat="48.7963771483" lon="1.9871214637" /><trkpt lat="48.7963773338" lon="1.9871210688" /><trkpt lat="48.796377516" lon="1.98712068" /><trkpt lat="48.7963776986" lon="1.9871202904" /><trkpt lat="48.7963778788" lon="1.9871199056" /><trkpt lat="48.7963780629" lon="1.9871195196" /><trkpt lat="48.7963782444" lon="1.9871191311" /><trkpt lat="48.7963784269" lon="1.9871187437" /><trkpt lat="48.7963786117" lon="1.9871183498" /><trkpt lat="48.7963787942" lon="1.9871179611" /><trkpt lat="48.7963789779" lon="1.9871175741" /><trkpt lat="48.7963791595" lon="1.9871171841" /><trkpt lat="48.7963793425" lon="1.987116792" /><trkpt lat="48.7963795283" lon="1.9871163983" /><trkpt lat="48.7963797137" lon="1.9871160056" /><trkpt lat="48.796379897" lon="1.9871156152" /><trkpt lat="48.7963800838" lon="1.9871152229" /><trkpt lat="48.7963802659" lon="1.9871148309" /><trkpt lat="48.7963804505" lon="1.9871144409" /><trkpt lat="48.7963806366" lon="1.9871140475" /><trkpt lat="48.7963808221" lon="1.9871136559" /><trkpt lat="48.7963810082" lon="1.9871132606" /><trkpt lat="48.7963811954" lon="1.9871128682" /><trkpt lat="48.7963813801" lon="1.9871124789" /><trkpt lat="48.7963815635" lon="1.9871120894" /><trkpt lat="48.7963817484" lon="1.9871116984" /><trkpt lat="48.7963819329" lon="1.9871113068" /><trkpt lat="48.7963821156" lon="1.9871109134" /><trkpt lat="48.796382301" lon="1.9871105222" /><trkpt lat="48.7963824837" lon="1.9871101325" /><trkpt lat="48.7963826683" lon="1.9871097406" /><trkpt lat="48.7963828535" lon="1.9871093489" /><trkpt lat="48.796383038" lon="1.9871089565" /><trkpt lat="48.7963832221" lon="1.9871085654" /><trkpt lat="48.796383407" lon="1.9871081735" /><trkpt lat="48.7963835923" lon="1.9871077833" /><trkpt lat="48.7963837772" lon="1.9871073928" /><trkpt lat="48.7963839632" lon="1.9871070045" /><trkpt lat="48.796384147" lon="1.9871066105" /><trkpt lat="48.7963843339" lon="1.9871062192" /><trkpt lat="48.7963845188" lon="1.9871058285" /><trkpt lat="48.7963847058" lon="1.9871054416" /><trkpt lat="48.7963848902" lon="1.9871050461" /><trkpt lat="48.7963850779" lon="1.9871046569" /><trkpt lat="48.7963852654" lon="1.9871042671" /><trkpt lat="48.796385449" lon="1.9871038713" /><trkpt lat="48.7963856348" lon="1.9871034769" /><trkpt lat="48.7963858196" lon="1.9871030855" /><trkpt lat="48.796386005" lon="1.9871026921" /><trkpt lat="48.7963861902" lon="1.9871022991" /><trkpt lat="48.7963863763" lon="1.9871019052" /><trkpt lat="48.7963865614" lon="1.9871015128" /><trkpt lat="48.7963867465" lon="1.987101119" /><trkpt lat="48.7963869332" lon="1.9871007255" /><trkpt lat="48.7963871193" lon="1.9871003316" /><trkpt lat="48.7963873066" lon="1.9870999393" /><trkpt lat="48.7963874917" lon="1.9870995426" /><trkpt lat="48.7963876793" lon="1.9870991489" /><trkpt lat="48.7963878655" lon="1.9870987532" /><trkpt lat="48.7963880522" lon="1.9870983581" /><trkpt lat="48.7963882385" lon="1.9870979657" /><trkpt lat="48.7963884244" lon="1.9870975696" /><trkpt lat="48.7963886127" lon="1.987097173" /><trkpt lat="48.7963887993" lon="1.9870967786" /><trkpt lat="48.7963889848" lon="1.9870963861" /><trkpt lat="48.7963891722" lon="1.9870959872" /><trkpt lat="48.7963893577" lon="1.9870955903" /><trkpt lat="48.7963895433" lon="1.9870951921" /><trkpt lat="48.7963897292" lon="1.9870947956" /><trkpt lat="48.7963899142" lon="1.9870943979" /><trkpt lat="48.7963901004" lon="1.9870940023" /><trkpt lat="48.7963902843" lon="1.9870936023" /><trkpt lat="48.7963904708" lon="1.987093204" /><trkpt lat="48.7963906572" lon="1.9870928085" /><trkpt lat="48.796390843" lon="1.9870924102" /><trkpt lat="48.7963910276" lon="1.9870920118" /><trkpt lat="48.7963912142" lon="1.9870916156" /><trkpt lat="48.7963914019" lon="1.9870912165" /><trkpt lat="48.7963915878" lon="1.9870908197" /><trkpt lat="48.7963917764" lon="1.9870904219" /><trkpt lat="48.7963919626" lon="1.9870900252" /><trkpt lat="48.7963921502" lon="1.9870896274" /><trkpt lat="48.7963923375" lon="1.9870892316" /><trkpt lat="48.7963925223" lon="1.9870888433" /><trkpt lat="48.7963927035" lon="1.9870884595" /><trkpt lat="48.7963928851" lon="1.9870880799" /><trkpt lat="48.7963930644" lon="1.987087688" /><trkpt lat="48.7963932457" lon="1.9870873037" /><trkpt lat="48.7963934265" lon="1.9870869241" /><trkpt lat="48.7963936039" lon="1.9870865283" /><trkpt lat="48.7963937872" lon="1.9870861449" /><trkpt lat="48.7963939683" lon="1.9870857544" /><trkpt lat="48.7963941508" lon="1.9870853715" /><trkpt lat="48.7963943309" lon="1.9870849845" /><trkpt lat="48.7963945131" lon="1.9870845987" /><trkpt lat="48.7963946972" lon="1.9870842116" /><trkpt lat="48.7963948778" lon="1.987083823" /><trkpt lat="48.7963950601" lon="1.9870834338" /><trkpt lat="48.7963952475" lon="1.9870830399" /><trkpt lat="48.7963954363" lon="1.9870826366" /><trkpt lat="48.7963956271" lon="1.9870822337" /><trkpt lat="48.7963958102" lon="1.9870818471" /><trkpt lat="48.7963959959" lon="1.9870814636" /><trkpt lat="48.7963961828" lon="1.9870810709" /><trkpt lat="48.7963963659" lon="1.9870806862" /><trkpt lat="48.7963965564" lon="1.9870802824" /><trkpt lat="48.7963967454" lon="1.9870798872" /><trkpt lat="48.7963969288" lon="1.9870794965" /><trkpt lat="48.7963971185" lon="1.9870791046" /><trkpt lat="48.7963973029" lon="1.9870787089" /><trkpt lat="48.7963974912" lon="1.9870783105" /><trkpt lat="48.7963976786" lon="1.9870779139" /><trkpt lat="48.7963978647" lon="1.9870775228" /><trkpt lat="48.7963980522" lon="1.9870771297" /><trkpt lat="48.7963982382" lon="1.9870767336" /><trkpt lat="48.7963984254" lon="1.9870763397" /><trkpt lat="48.7963986112" lon="1.9870759465" /><trkpt lat="48.7963987986" lon="1.9870755526" /><trkpt lat="48.7963989852" lon="1.9870751565" /><trkpt lat="48.7963991729" lon="1.987074763" /><trkpt lat="48.7963993576" lon="1.9870743692" /><trkpt lat="48.796399545" lon="1.987073977" /><trkpt lat="48.7963997313" lon="1.9870735838" /><trkpt lat="48.7963999165" lon="1.98707319" /><trkpt lat="48.7964001013" lon="1.9870727971" /><trkpt lat="48.7964002875" lon="1.9870724055" /><trkpt lat="48.7964004727" lon="1.9870720093" /><trkpt lat="48.7964006573" lon="1.9870716172" /><trkpt lat="48.7964008426" lon="1.9870712234" /><trkpt lat="48.7964010275" lon="1.987070831" /><trkpt lat="48.7964012124" lon="1.9870704396" /><trkpt lat="48.7964013971" lon="1.9870700491" /><trkpt lat="48.7964015815" lon="1.9870696566" /><trkpt lat="48.7964017657" lon="1.9870692661" /><trkpt lat="48.7964019506" lon="1.987068876" /><trkpt lat="48.7964021352" lon="1.987068485" /><trkpt lat="48.7964023203" lon="1.9870680949" /><trkpt lat="48.7964025053" lon="1.9870677038" /><trkpt lat="48.7964026893" lon="1.9870673143" /><trkpt lat="48.7964028743" lon="1.9870669239" /><trkpt lat="48.7964030608" lon="1.9870665384" /><trkpt lat="48.796403243" lon="1.9870661456" /><trkpt lat="48.7964034269" lon="1.9870657558" /><trkpt lat="48.7964036106" lon="1.9870653653" /><trkpt lat="48.7964037942" lon="1.9870649738" /><trkpt lat="48.7964039782" lon="1.9870645845" /><trkpt lat="48.7964041618" lon="1.9870641941" /><trkpt lat="48.7964043456" lon="1.9870638043" /><trkpt lat="48.7964045295" lon="1.9870634136" /><trkpt lat="48.7964047131" lon="1.9870630233" /><trkpt lat="48.7964048965" lon="1.9870626329" /><trkpt lat="48.7964050815" lon="1.9870622439" /><trkpt lat="48.7964052654" lon="1.9870618552" /><trkpt lat="48.7964054492" lon="1.9870614651" /><trkpt lat="48.7964056339" lon="1.9870610757" /><trkpt lat="48.7964058185" lon="1.9870606869" /><trkpt lat="48.7964060021" lon="1.9870602973" /><trkpt lat="48.7964061871" lon="1.9870599076" /><trkpt lat="48.7964063713" lon="1.9870595187" /><trkpt lat="48.7964065557" lon="1.9870591284" /><trkpt lat="48.7964067407" lon="1.9870587389" /><trkpt lat="48.7964069241" lon="1.9870583513" /><trkpt lat="48.7964071096" lon="1.9870579614" /><trkpt lat="48.7964072948" lon="1.9870575719" /><trkpt lat="48.7964074796" lon="1.9870571864" /><trkpt lat="48.7964076647" lon="1.9870567949" /><trkpt lat="48.7964078499" lon="1.9870564057" /><trkpt lat="48.7964080348" lon="1.9870560178" /><trkpt lat="48.79640822" lon="1.9870556303" /><trkpt lat="48.7964084043" lon="1.9870552411" /><trkpt lat="48.7964085892" lon="1.9870548536" /><trkpt lat="48.7964087731" lon="1.9870544642" /><trkpt lat="48.796408958" lon="1.9870540762" /><trkpt lat="48.7964091401" lon="1.987053687" /><trkpt lat="48.7964093249" lon="1.9870533004" /><trkpt lat="48.7964095088" lon="1.9870529108" /><trkpt lat="48.7964096912" lon="1.9870525216" /><trkpt lat="48.7964098752" lon="1.9870521337" /><trkpt lat="48.7964100575" lon="1.9870517437" /><trkpt lat="48.7964102411" lon="1.9870513557" /><trkpt lat="48.7964104241" lon="1.9870509669" /><trkpt lat="48.796410607" lon="1.9870505798" /><trkpt lat="48.7964107899" lon="1.9870501928" /><trkpt lat="48.7964109737" lon="1.9870498061" /><trkpt lat="48.7964111578" lon="1.987049419" /><trkpt lat="48.7964113404" lon="1.9870490313" /><trkpt lat="48.7964115242" lon="1.9870486446" /><trkpt lat="48.7964117068" lon="1.9870482589" /><trkpt lat="48.7964118914" lon="1.9870478725" /><trkpt lat="48.7964120739" lon="1.9870474858" /><trkpt lat="48.7964122572" lon="1.9870471008" /><trkpt lat="48.796412441" lon="1.9870467139" /><trkpt lat="48.7964126239" lon="1.9870463281" /><trkpt lat="48.7964128074" lon="1.9870459417" /><trkpt lat="48.7964129895" lon="1.987045556" /><trkpt lat="48.7964131722" lon="1.9870451686" /><trkpt lat="48.7964133552" lon="1.9870447842" /><trkpt lat="48.7964135377" lon="1.9870444013" /><trkpt lat="48.7964137192" lon="1.9870440118" /><trkpt lat="48.7964139013" lon="1.9870436281" /><trkpt lat="48.7964140852" lon="1.9870432424" /><trkpt lat="48.7964142673" lon="1.9870428573" /><trkpt lat="48.7964144497" lon="1.987042473" /><trkpt lat="48.7964146321" lon="1.9870420865" /><trkpt lat="48.7964148133" lon="1.9870417025" /><trkpt lat="48.7964149974" lon="1.9870413183" /><trkpt lat="48.7964151788" lon="1.9870409323" /><trkpt lat="48.7964153621" lon="1.9870405473" /><trkpt lat="48.7964155432" lon="1.9870401631" /><trkpt lat="48.7964157273" lon="1.9870397776" /><trkpt lat="48.7964159082" lon="1.9870393921" /><trkpt lat="48.7964160904" lon="1.9870390085" /><trkpt lat="48.7964162744" lon="1.9870386222" /><trkpt lat="48.7964164554" lon="1.9870382378" /><trkpt lat="48.7964166381" lon="1.9870378527" /><trkpt lat="48.7964168211" lon="1.9870374708" /><trkpt lat="48.7964170032" lon="1.9870370836" /><trkpt lat="48.7964171857" lon="1.9870366994" /><trkpt lat="48.796417368" lon="1.9870363144" /><trkpt lat="48.7964175502" lon="1.9870359298" /><trkpt lat="48.7964177337" lon="1.9870355478" /><trkpt lat="48.7964179164" lon="1.9870351623" /><trkpt lat="48.796418099" lon="1.9870347801" /><trkpt lat="48.7964182821" lon="1.9870343972" /><trkpt lat="48.7964184653" lon="1.9870340133" /><trkpt lat="48.7964186489" lon="1.9870336307" /><trkpt lat="48.7964188313" lon="1.9870332479" /><trkpt lat="48.7964190153" lon="1.9870328654" /><trkpt lat="48.796419198" lon="1.9870324841" /><trkpt lat="48.7964193818" lon="1.9870321016" /><trkpt lat="48.7964195656" lon="1.9870317201" /><trkpt lat="48.7964197479" lon="1.987031338" /><trkpt lat="48.7964199315" lon="1.987030956" /><trkpt lat="48.7964201137" lon="1.9870305752" /><trkpt lat="48.7964202969" lon="1.9870301921" /><trkpt lat="48.7964204792" lon="1.9870298102" /><trkpt lat="48.7964206625" lon="1.9870294296" /><trkpt lat="48.7964208435" lon="1.9870290463" /><trkpt lat="48.7964210252" lon="1.9870286632" /><trkpt lat="48.796421206" lon="1.9870282802" /><trkpt lat="48.7964213879" lon="1.9870278983" /><trkpt lat="48.7964215695" lon="1.9870275154" /><trkpt lat="48.7964217506" lon="1.9870271331" /><trkpt lat="48.7964219299" lon="1.9870267507" /><trkpt lat="48.7964221102" lon="1.9870263692" /><trkpt lat="48.796422292" lon="1.9870259887" /><trkpt lat="48.7964224739" lon="1.9870256059" /><trkpt lat="48.7964226534" lon="1.9870252244" /><trkpt lat="48.7964228358" lon="1.987024845" /><trkpt lat="48.7964230172" lon="1.9870244628" /><trkpt lat="48.7964231978" lon="1.9870240805" /><trkpt lat="48.7964233781" lon="1.9870237005" /><trkpt lat="48.7964235588" lon="1.9870233202" /><trkpt lat="48.7964237385" lon="1.9870229366" /><trkpt lat="48.7964239198" lon="1.9870225553" /><trkpt lat="48.7964240999" lon="1.9870221732" /><trkpt lat="48.7964242803" lon="1.9870217908" /><trkpt lat="48.7964244595" lon="1.9870214105" /><trkpt lat="48.7964246402" lon="1.9870210275" /><trkpt lat="48.7964248195" lon="1.9870206453" /><trkpt lat="48.7964249989" lon="1.9870202651" /><trkpt lat="48.7964251794" lon="1.9870198828" /><trkpt lat="48.79642536" lon="1.9870195022" /><trkpt lat="48.7964255393" lon="1.9870191223" /><trkpt lat="48.7964257207" lon="1.987018743" /><trkpt lat="48.7964259007" lon="1.9870183622" /><trkpt lat="48.7964260827" lon="1.9870179852" /><trkpt lat="48.7964262636" lon="1.9870176048" /><trkpt lat="48.7964264441" lon="1.9870172268" /><trkpt lat="48.7964266248" lon="1.9870168483" /><trkpt lat="48.7964268069" lon="1.9870164688" /><trkpt lat="48.7964269889" lon="1.9870160896" /><trkpt lat="48.7964271679" lon="1.9870157113" /><trkpt lat="48.7964273494" lon="1.9870153317" /><trkpt lat="48.7964275308" lon="1.9870149524" /><trkpt lat="48.7964277113" lon="1.9870145739" /><trkpt lat="48.7964278918" lon="1.9870141928" /><trkpt lat="48.7964280721" lon="1.9870138138" /><trkpt lat="48.7964282518" lon="1.9870134328" /><trkpt lat="48.7964284333" lon="1.9870130527" /><trkpt lat="48.7964286129" lon="1.9870126738" /><trkpt lat="48.796428793" lon="1.9870122946" /><trkpt lat="48.7964289729" lon="1.9870119153" /><trkpt lat="48.7964291541" lon="1.9870115357" /><trkpt lat="48.7964293342" lon="1.9870111564" /><trkpt lat="48.7964295139" lon="1.9870107771" /><trkpt lat="48.7964296937" lon="1.9870103981" /><trkpt lat="48.7964298741" lon="1.9870100197" /><trkpt lat="48.796430055" lon="1.987009641" /><trkpt lat="48.7964302347" lon="1.9870092637" /><trkpt lat="48.7964304163" lon="1.9870088844" /><trkpt lat="48.7964305967" lon="1.9870085077" /><trkpt lat="48.7964307778" lon="1.987008128" /><trkpt lat="48.7964309589" lon="1.9870077506" /><trkpt lat="48.7964311404" lon="1.9870073748" /><trkpt lat="48.7964313212" lon="1.9870069954" /><trkpt lat="48.7964315017" lon="1.9870066173" /><trkpt lat="48.7964316831" lon="1.9870062395" /><trkpt lat="48.7964318634" lon="1.9870058632" /><trkpt lat="48.7964320451" lon="1.9870054833" /><trkpt lat="48.7964322258" lon="1.987005106" /><trkpt lat="48.796432406" lon="1.987004726" /><trkpt lat="48.7964325857" lon="1.9870043466" /><trkpt lat="48.7964327662" lon="1.9870039675" /><trkpt lat="48.796432947" lon="1.9870035905" /><trkpt lat="48.796433126" lon="1.9870032086" /><trkpt lat="48.7964333049" lon="1.987002828" /><trkpt lat="48.7964334848" lon="1.9870024507" /><trkpt lat="48.7964336651" lon="1.9870020693" /><trkpt lat="48.7964338451" lon="1.9870016902" /><trkpt lat="48.7964340247" lon="1.9870013108" /><trkpt lat="48.796434206" lon="1.9870009327" /><trkpt lat="48.7964343871" lon="1.9870005542" /><trkpt lat="48.7964345679" lon="1.9870001751" /><trkpt lat="48.7964347483" lon="1.9869997952" /><trkpt lat="48.7964349304" lon="1.9869994178" /><trkpt lat="48.7964351099" lon="1.9869990406" /><trkpt lat="48.7964352911" lon="1.9869986614" /><trkpt lat="48.7964354718" lon="1.986998282" /><trkpt lat="48.7964356506" lon="1.9869979032" /><trkpt lat="48.7964358319" lon="1.9869975265" /><trkpt lat="48.7964360109" lon="1.9869971441" /><trkpt lat="48.7964361902" lon="1.9869967669" /><trkpt lat="48.7964363695" lon="1.986996386" /><trkpt lat="48.7964365504" lon="1.986996007" /><trkpt lat="48.7964367294" lon="1.9869956284" /><trkpt lat="48.7964369108" lon="1.9869952504" /><trkpt lat="48.7964370908" lon="1.98699487" /><trkpt lat="48.796437272" lon="1.9869944942" /><trkpt lat="48.7964374531" lon="1.9869941155" /><trkpt lat="48.7964376359" lon="1.9869937394" /><trkpt lat="48.7964378162" lon="1.98699336" /><trkpt lat="48.796437998" lon="1.986992984" /><trkpt lat="48.7964381794" lon="1.9869926062" /><trkpt lat="48.7964383607" lon="1.9869922294" /><trkpt lat="48.7964385413" lon="1.9869918515" /><trkpt lat="48.7964387238" lon="1.9869914753" /><trkpt lat="48.7964389024" lon="1.9869910957" /><trkpt lat="48.7964390835" lon="1.9869907178" /><trkpt lat="48.7964392622" lon="1.9869903384" /><trkpt lat="48.7964394421" lon="1.9869899588" /><trkpt lat="48.7964396231" lon="1.9869895797" /><trkpt lat="48.7964398015" lon="1.9869892024" /><trkpt lat="48.7964399831" lon="1.9869888243" /><trkpt lat="48.7964401634" lon="1.9869884472" /><trkpt lat="48.7964403432" lon="1.9869880673" /><trkpt lat="48.796440523" lon="1.9869876891" /><trkpt lat="48.796440703" lon="1.9869873095" /><trkpt lat="48.7964408842" lon="1.9869869307" /><trkpt lat="48.7964410635" lon="1.986986554" /><trkpt lat="48.7964412454" lon="1.9869861755" /><trkpt lat="48.7964414271" lon="1.9869857993" /><trkpt lat="48.7964416088" lon="1.9869854217" /><trkpt lat="48.7964417895" lon="1.9869850447" /><trkpt lat="48.7964419726" lon="1.9869846669" /><trkpt lat="48.7964421538" lon="1.9869842908" /><trkpt lat="48.7964423356" lon="1.9869839141" /><trkpt lat="48.7964425186" lon="1.9869835358" /><trkpt lat="48.7964426993" lon="1.9869831604" /><trkpt lat="48.7964428803" lon="1.9869827809" /><trkpt lat="48.7964430614" lon="1.9869824033" /><trkpt lat="48.7964432426" lon="1.9869820254" /><trkpt lat="48.7964434248" lon="1.9869816468" /><trkpt lat="48.7964436041" lon="1.9869812687" /><trkpt lat="48.7964437854" lon="1.9869808907" /><trkpt lat="48.7964439654" lon="1.9869805109" /><trkpt lat="48.7964441441" lon="1.9869801318" /><trkpt lat="48.7964443258" lon="1.9869797545" /><trkpt lat="48.7964445059" lon="1.9869793744" /><trkpt lat="48.7964446871" lon="1.9869789956" /><trkpt lat="48.7964448666" lon="1.9869786167" /><trkpt lat="48.7964450465" lon="1.9869782374" /><trkpt lat="48.7964452268" lon="1.9869778579" /><trkpt lat="48.7964454082" lon="1.9869774812" /><trkpt lat="48.7964455877" lon="1.9869771008" /><trkpt lat="48.7964457687" lon="1.9869767221" /><trkpt lat="48.7964459504" lon="1.9869763448" /><trkpt lat="48.7964461295" lon="1.9869759624" /><trkpt lat="48.7964463106" lon="1.9869755847" /><trkpt lat="48.7964464915" lon="1.9869752061" /><trkpt lat="48.796446672" lon="1.9869748258" /><trkpt lat="48.7964468528" lon="1.9869744467" /><trkpt lat="48.7964470325" lon="1.9869740661" /><trkpt lat="48.7964472131" lon="1.9869736876" /><trkpt lat="48.7964473938" lon="1.9869733067" /><trkpt lat="48.7964475744" lon="1.9869729294" /><trkpt lat="48.7964477536" lon="1.9869725514" /><trkpt lat="48.7964479353" lon="1.9869721696" /><trkpt lat="48.7964481147" lon="1.9869717898" /><trkpt lat="48.7964482945" lon="1.9869714118" /><trkpt lat="48.7964484751" lon="1.9869710306" /><trkpt lat="48.7964486552" lon="1.9869706527" /><trkpt lat="48.7964488359" lon="1.986970273" /><trkpt lat="48.7964490163" lon="1.986969896" /><trkpt lat="48.7964491971" lon="1.9869695183" /><trkpt lat="48.7964493792" lon="1.9869691386" /><trkpt lat="48.7964495592" lon="1.9869687605" /><trkpt lat="48.7964497403" lon="1.9869683835" /><trkpt lat="48.7964499221" lon="1.9869680072" /><trkpt lat="48.7964501027" lon="1.986967626" /><trkpt lat="48.7964502832" lon="1.9869672496" /><trkpt lat="48.7964504635" lon="1.9869668696" /><trkpt lat="48.7964506432" lon="1.986966492" /><trkpt lat="48.7964508232" lon="1.9869661141" /><trkpt lat="48.7964510028" lon="1.9869657328" /><trkpt lat="48.7964511817" lon="1.9869653541" /><trkpt lat="48.7964513621" lon="1.9869649746" /><trkpt lat="48.7964515421" lon="1.9869645955" /><trkpt lat="48.7964517223" lon="1.9869642166" /><trkpt lat="48.7964519009" lon="1.9869638387" /><trkpt lat="48.7964520812" lon="1.9869634583" /><trkpt lat="48.7964522616" lon="1.9869630804" /><trkpt lat="48.7964524414" lon="1.9869627016" /><trkpt lat="48.7964526231" lon="1.9869623223" /><trkpt lat="48.7964528027" lon="1.9869619433" /><trkpt lat="48.7964529849" lon="1.9869615646" /><trkpt lat="48.7964531672" lon="1.9869611881" /><trkpt lat="48.7964533464" lon="1.9869608095" /><trkpt lat="48.7964535283" lon="1.9869604316" /><trkpt lat="48.796453709" lon="1.9869600534" /><trkpt lat="48.7964538898" lon="1.9869596758" /><trkpt lat="48.7964540701" lon="1.9869592984" /><trkpt lat="48.7964542508" lon="1.98695892" /><trkpt lat="48.7964544308" lon="1.9869585412" /><trkpt lat="48.7964546104" lon="1.9869581637" /><trkpt lat="48.7964547909" lon="1.9869577873" /><trkpt lat="48.7964549699" lon="1.9869574049" /><trkpt lat="48.79645515" lon="1.986957028" /><trkpt lat="48.7964553289" lon="1.9869566487" /><trkpt lat="48.7964555093" lon="1.9869562705" /><trkpt lat="48.7964556882" lon="1.9869558927" /><trkpt lat="48.7964558689" lon="1.9869555146" /><trkpt lat="48.7964560479" lon="1.9869551374" /><trkpt lat="48.7964562281" lon="1.9869547588" /><trkpt lat="48.7964564087" lon="1.9869543816" /><trkpt lat="48.7964565887" lon="1.9869540027" /><trkpt lat="48.7964567695" lon="1.9869536254" /><trkpt lat="48.7964569485" lon="1.9869532481" /><trkpt lat="48.7964571289" lon="1.9869528695" /><trkpt lat="48.7964573092" lon="1.9869524921" /><trkpt lat="48.7964574889" lon="1.9869521148" /><trkpt lat="48.7964576693" lon="1.9869517366" /><trkpt lat="48.7964578483" lon="1.9869513582" /><trkpt lat="48.7964580279" lon="1.9869509781" /><trkpt lat="48.7964582071" lon="1.9869505974" /><trkpt lat="48.7964583869" lon="1.9869502198" /><trkpt lat="48.7964585663" lon="1.986949842" /><trkpt lat="48.7964587461" lon="1.9869494608" /><trkpt lat="48.7964589261" lon="1.986949081" /><trkpt lat="48.7964591042" lon="1.9869487012" /><trkpt lat="48.7964592836" lon="1.9869483242" /><trkpt lat="48.7964594629" lon="1.9869479451" /><trkpt lat="48.7964596421" lon="1.9869475675" /><trkpt lat="48.7964598202" lon="1.9869471895" /><trkpt lat="48.7964599995" lon="1.9869468121" /><trkpt lat="48.796460178" lon="1.9869464342" /><trkpt lat="48.7964603569" lon="1.9869460569" /><trkpt lat="48.7964605349" lon="1.9869456805" /><trkpt lat="48.7964607136" lon="1.9869453052" /><trkpt lat="48.7964608927" lon="1.9869449294" /><trkpt lat="48.7964610687" lon="1.9869445503" /><trkpt lat="48.7964612462" lon="1.9869441757" /><trkpt lat="48.7964614247" lon="1.986943797" /><trkpt lat="48.7964616021" lon="1.9869434206" /><trkpt lat="48.7964617798" lon="1.9869430428" /><trkpt lat="48.7964619586" lon="1.9869426643" /><trkpt lat="48.7964621381" lon="1.9869422861" /><trkpt lat="48.7964623152" lon="1.9869419076" /><trkpt lat="48.796462494" lon="1.9869415295" /><trkpt lat="48.7964626737" lon="1.9869411523" /><trkpt lat="48.796462853" lon="1.9869407758" /><trkpt lat="48.7964630289" lon="1.9869403984" /><trkpt lat="48.7964632062" lon="1.9869400218" /><trkpt lat="48.7964633874" lon="1.9869396437" /><trkpt lat="48.7964635643" lon="1.9869392656" /><trkpt lat="48.7964637418" lon="1.9869388895" /><trkpt lat="48.7964639198" lon="1.9869385135" /><trkpt lat="48.7964641003" lon="1.9869381345" /><trkpt lat="48.7964642768" lon="1.9869377595" /><trkpt lat="48.7964644555" lon="1.9869373855" /><trkpt lat="48.7964646337" lon="1.986937005" /><trkpt lat="48.7964648109" lon="1.9869366317" /><trkpt lat="48.7964649888" lon="1.9869362525" /><trkpt lat="48.7964651663" lon="1.9869358768" /><trkpt lat="48.7964653427" lon="1.9869355007" /><trkpt lat="48.79646552" lon="1.9869351225" /><trkpt lat="48.7964656972" lon="1.986934746" /><trkpt lat="48.7964658713" lon="1.9869343701" /><trkpt lat="48.796466049" lon="1.9869339928" /><trkpt lat="48.7964662252" lon="1.9869336149" /><trkpt lat="48.7964664014" lon="1.9869332395" /><trkpt lat="48.7964665767" lon="1.9869328631" /><trkpt lat="48.7964667523" lon="1.9869324851" /><trkpt lat="48.7964669276" lon="1.9869321086" /><trkpt lat="48.796467103" lon="1.9869317336" /><trkpt lat="48.7964672798" lon="1.986931357" /><trkpt lat="48.7964674543" lon="1.9869309803" /><trkpt lat="48.7964676303" lon="1.9869306035" /><trkpt lat="48.7964678062" lon="1.9869302283" /><trkpt lat="48.7964679809" lon="1.9869298527" /><trkpt lat="48.7964681563" lon="1.9869294767" /><trkpt lat="48.7964683317" lon="1.9869291005" /><trkpt lat="48.7964685079" lon="1.9869287261" /><trkpt lat="48.7964686811" lon="1.9869283503" /><trkpt lat="48.7964688572" lon="1.9869279747" /><trkpt lat="48.7964690309" lon="1.9869275989" /><trkpt lat="48.7964692059" lon="1.9869272239" /><trkpt lat="48.7964693804" lon="1.9869268486" /><trkpt lat="48.7964695556" lon="1.9869264744" /><trkpt lat="48.7964697317" lon="1.9869261" /><trkpt lat="48.7964699056" lon="1.9869257249" /><trkpt lat="48.7964700811" lon="1.9869253513" /><trkpt lat="48.7964702564" lon="1.9869249764" /><trkpt lat="48.7964704315" lon="1.9869246028" /><trkpt lat="48.796470605" lon="1.9869242281" /><trkpt lat="48.7964707812" lon="1.9869238544" /><trkpt lat="48.7964709556" lon="1.9869234797" /><trkpt lat="48.7964711299" lon="1.986923107" /><trkpt lat="48.7964713044" lon="1.9869227343" /><trkpt lat="48.796471479" lon="1.9869223563" /><trkpt lat="48.7964716523" lon="1.9869219815" /><trkpt lat="48.7964718267" lon="1.9869216074" /><trkpt lat="48.7964719997" lon="1.9869212332" /><trkpt lat="48.7964721741" lon="1.9869208583" /><trkpt lat="48.7964723467" lon="1.9869204837" /><trkpt lat="48.7964725196" lon="1.9869201088" /><trkpt lat="48.7964726921" lon="1.9869197343" /><trkpt lat="48.7964728649" lon="1.9869193603" /><trkpt lat="48.7964730387" lon="1.986918986" /><trkpt lat="48.7964732102" lon="1.9869186113" /><trkpt lat="48.7964733844" lon="1.9869182386" /><trkpt lat="48.7964735572" lon="1.9869178648" /><trkpt lat="48.7964737304" lon="1.9869174916" /><trkpt lat="48.7964739032" lon="1.9869171192" /><trkpt lat="48.7964740763" lon="1.986916746" /><trkpt lat="48.7964742499" lon="1.9869163738" /><trkpt lat="48.7964744224" lon="1.9869159995" /><trkpt lat="48.7964745955" lon="1.9869156282" /><trkpt lat="48.7964747666" lon="1.9869152537" /><trkpt lat="48.7964749398" lon="1.98691488" /><trkpt lat="48.7964751122" lon="1.986914507" /><trkpt lat="48.7964752845" lon="1.9869141354" /><trkpt lat="48.7964754553" lon="1.9869137632" /><trkpt lat="48.7964756285" lon="1.9869133922" /><trkpt lat="48.7964757975" lon="1.986913022" /><trkpt lat="48.7964759678" lon="1.9869126508" /><trkpt lat="48.7964761377" lon="1.9869122797" /><trkpt lat="48.7964763056" lon="1.9869119069" /><trkpt lat="48.7964764754" lon="1.9869115357" /><trkpt lat="48.7964766426" lon="1.986911167" /><trkpt lat="48.7964768133" lon="1.9869107939" /><trkpt lat="48.7964769809" lon="1.986910423" /><trkpt lat="48.7964771517" lon="1.9869100522" /><trkpt lat="48.7964773219" lon="1.9869096805" /><trkpt lat="48.7964774897" lon="1.9869093117" /><trkpt lat="48.7964776601" lon="1.9869089407" /><trkpt lat="48.7964778301" lon="1.9869085706" /><trkpt lat="48.7964780002" lon="1.9869081998" /><trkpt lat="48.7964781699" lon="1.9869078324" /><trkpt lat="48.7964783403" lon="1.9869074614" /><trkpt lat="48.7964785089" lon="1.9869070905" /><trkpt lat="48.7964786768" lon="1.9869067215" /><trkpt lat="48.796478846" lon="1.9869063506" /><trkpt lat="48.7964790159" lon="1.9869059817" /><trkpt lat="48.796479183" lon="1.9869056116" /><trkpt lat="48.7964793502" lon="1.9869052407" /><trkpt lat="48.7964795176" lon="1.9869048706" /><trkpt lat="48.7964796842" lon="1.9869044998" /><trkpt lat="48.7964798511" lon="1.9869041282" /><trkpt lat="48.7964800183" lon="1.9869037597" /><trkpt lat="48.7964801856" lon="1.9869033908" /><trkpt lat="48.7964803526" lon="1.9869030199" /><trkpt lat="48.7964805193" lon="1.9869026514" /><trkpt lat="48.7964806875" lon="1.9869022825" /><trkpt lat="48.796480855" lon="1.9869019127" /><trkpt lat="48.7964810214" lon="1.9869015458" /><trkpt lat="48.7964811894" lon="1.9869011757" /><trkpt lat="48.7964813576" lon="1.9869008071" /><trkpt lat="48.7964815238" lon="1.9869004395" /><trkpt lat="48.796481691" lon="1.9869000712" /><trkpt lat="48.7964818583" lon="1.9868997003" /><trkpt lat="48.7964820253" lon="1.9868993332" /><trkpt lat="48.7964821919" lon="1.9868989662" /><trkpt lat="48.7964823575" lon="1.9868985953" /><trkpt lat="48.7964825234" lon="1.9868982262" /><trkpt lat="48.7964826905" lon="1.9868978585" /><trkpt lat="48.7964828561" lon="1.9868974894" /><trkpt lat="48.7964830219" lon="1.98689712" /><trkpt lat="48.7964831872" lon="1.9868967523" /><trkpt lat="48.7964833538" lon="1.9868963833" /><trkpt lat="48.796483519" lon="1.986896015" /><trkpt lat="48.7964836846" lon="1.9868956482" /><trkpt lat="48.7964838516" lon="1.9868952807" /><trkpt lat="48.796484017" lon="1.9868949123" /><trkpt lat="48.796484182" lon="1.9868945431" /><trkpt lat="48.7964843479" lon="1.9868941768" /><trkpt lat="48.7964845139" lon="1.9868938089" /><trkpt lat="48.7964846796" lon="1.9868934411" /><trkpt lat="48.7964848443" lon="1.9868930728" /><trkpt lat="48.7964850099" lon="1.9868927048" /><trkpt lat="48.7964851762" lon="1.9868923376" /><trkpt lat="48.7964853385" lon="1.98689197" /><trkpt lat="48.7964855035" lon="1.9868916031" /><trkpt lat="48.7964856683" lon="1.9868912352" /><trkpt lat="48.7964858339" lon="1.9868908686" /><trkpt lat="48.7964859975" lon="1.9868905021" /><trkpt lat="48.7964861626" lon="1.9868901356" /><trkpt lat="48.7964863271" lon="1.9868897686" /><trkpt lat="48.7964864909" lon="1.9868894029" /><trkpt lat="48.7964866554" lon="1.9868890375" /><trkpt lat="48.79648682" lon="1.986888672" /><trkpt lat="48.7964869853" lon="1.986888306" /><trkpt lat="48.7964871496" lon="1.986887942" /><trkpt lat="48.7964873132" lon="1.9868875772" /><trkpt lat="48.7964874777" lon="1.9868872126" /><trkpt lat="48.7964876421" lon="1.9868868492" /><trkpt lat="48.7964878074" lon="1.986886485" /><trkpt lat="48.7964879717" lon="1.9868861217" /><trkpt lat="48.7964881361" lon="1.9868857572" /><trkpt lat="48.7964883009" lon="1.9868853932" /><trkpt lat="48.7964884648" lon="1.9868850306" /><trkpt lat="48.7964886294" lon="1.9868846681" /><trkpt lat="48.7964887938" lon="1.9868843042" /><trkpt lat="48.796488958" lon="1.986883939" /><trkpt lat="48.7964891216" lon="1.9868835765" /><trkpt lat="48.7964892867" lon="1.9868832116" /><trkpt lat="48.7964894504" lon="1.9868828478" /><trkpt lat="48.796489614" lon="1.9868824838" /><trkpt lat="48.7964897775" lon="1.9868821194" /><trkpt lat="48.7964899394" lon="1.9868817564" /><trkpt lat="48.7964901034" lon="1.9868813918" /><trkpt lat="48.7964902655" lon="1.9868810282" /><trkpt lat="48.7964904283" lon="1.9868806669" /><trkpt lat="48.7964905918" lon="1.9868803036" /><trkpt lat="48.7964907567" lon="1.9868799408" /><trkpt lat="48.7964909189" lon="1.9868795794" /><trkpt lat="48.7964910834" lon="1.9868792197" /><trkpt lat="48.7964912467" lon="1.9868788567" /><trkpt lat="48.7964914112" lon="1.9868784975" /><trkpt lat="48.7964915737" lon="1.9868781348" /><trkpt lat="48.7964917377" lon="1.9868777744" /><trkpt lat="48.7964919009" lon="1.9868774138" /><trkpt lat="48.7964920644" lon="1.9868770527" /><trkpt lat="48.7964922279" lon="1.9868766921" /><trkpt lat="48.7964923895" lon="1.9868763302" /><trkpt lat="48.7964925526" lon="1.9868759674" /><trkpt lat="48.7964927132" lon="1.9868756069" /><trkpt lat="48.7964928756" lon="1.9868752458" /><trkpt lat="48.7964930373" lon="1.9868748848" /><trkpt lat="48.7964931989" lon="1.9868745236" /><trkpt lat="48.7964933606" lon="1.9868741634" /><trkpt lat="48.796493522" lon="1.9868738034" /><trkpt lat="48.7964936841" lon="1.9868734436" /><trkpt lat="48.7964938459" lon="1.9868730846" /><trkpt lat="48.7964940075" lon="1.9868727259" /><trkpt lat="48.7964941696" lon="1.9868723657" /><trkpt lat="48.7964943316" lon="1.9868720076" /><trkpt lat="48.7964944932" lon="1.9868716497" /><trkpt lat="48.7964946559" lon="1.9868712906" /><trkpt lat="48.7964948172" lon="1.9868709341" /><trkpt lat="48.7964949793" lon="1.9868705766" /><trkpt lat="48.7964951413" lon="1.9868702185" /><trkpt lat="48.796495303" lon="1.9868698602" /><trkpt lat="48.7964954633" lon="1.9868695027" /><trkpt lat="48.796495625" lon="1.9868691467" /><trkpt lat="48.796495785" lon="1.9868687882" /><trkpt lat="48.7964959472" lon="1.9868684306" /><trkpt lat="48.7964961074" lon="1.9868680729" /><trkpt lat="48.7964962665" lon="1.9868677158" /><trkpt lat="48.796496427" lon="1.9868673578" /><trkpt lat="48.796496588" lon="1.9868670033" /><trkpt lat="48.7964967477" lon="1.9868666448" /><trkpt lat="48.7964969076" lon="1.9868662902" /><trkpt lat="48.7964970675" lon="1.9868659357" /><trkpt lat="48.7964972297" lon="1.9868655794" /><trkpt lat="48.7964973878" lon="1.986865223" /><trkpt lat="48.7964975494" lon="1.9868648699" /><trkpt lat="48.7964977082" lon="1.9868645138" /><trkpt lat="48.7964978696" lon="1.9868641594" /><trkpt lat="48.7964980287" lon="1.9868638056" /><trkpt lat="48.7964981886" lon="1.9868634538" /><trkpt lat="48.7964983488" lon="1.9868630995" /><trkpt lat="48.7964985084" lon="1.9868627453" /><trkpt lat="48.7964986671" lon="1.9868623918" /><trkpt lat="48.7964988261" lon="1.9868620402" /><trkpt lat="48.7964989844" lon="1.9868616866" /><trkpt lat="48.7964991437" lon="1.9868613337" /><trkpt lat="48.7964993025" lon="1.9868609813" /><trkpt lat="48.7964994615" lon="1.9868606302" /><trkpt lat="48.796499621" lon="1.9868602778" /><trkpt lat="48.796499779" lon="1.9868599256" /><trkpt lat="48.7964999386" lon="1.9868595741" /><trkpt lat="48.7965000992" lon="1.9868592236" /><trkpt lat="48.7965002564" lon="1.9868588719" /><trkpt lat="48.7965004172" lon="1.9868585217" /><trkpt lat="48.7965005751" lon="1.9868581707" /><trkpt lat="48.7965007347" lon="1.9868578215" /><trkpt lat="48.796500894" lon="1.9868574713" /><trkpt lat="48.7965010527" lon="1.9868571219" /><trkpt lat="48.7965012114" lon="1.9868567717" /><trkpt lat="48.7965013702" lon="1.9868564236" /><trkpt lat="48.7965015299" lon="1.9868560749" /><trkpt lat="48.7965016874" lon="1.9868557264" /><trkpt lat="48.7965018456" lon="1.9868553788" /><trkpt lat="48.7965020052" lon="1.9868550298" /><trkpt lat="48.7965021627" lon="1.9868546813" /><trkpt lat="48.7965023213" lon="1.9868543338" /><trkpt lat="48.7965024789" lon="1.9868539862" /><trkpt lat="48.7965026368" lon="1.9868536382" /><trkpt lat="48.7965027938" lon="1.9868532929" /><trkpt lat="48.7965029511" lon="1.9868529442" /><trkpt lat="48.7965031074" lon="1.9868525994" /><trkpt lat="48.7965032638" lon="1.9868522528" /><trkpt lat="48.7965034206" lon="1.9868519078" /><trkpt lat="48.7965035759" lon="1.9868515627" /><trkpt lat="48.796503733" lon="1.9868512182" /><trkpt lat="48.796503888" lon="1.9868508735" /><trkpt lat="48.7965040446" lon="1.9868505289" /><trkpt lat="48.796504201" lon="1.9868501834" /><trkpt lat="48.7965043564" lon="1.9868498395" /><trkpt lat="48.7965045112" lon="1.986849499" /><trkpt lat="48.7965046676" lon="1.9868491566" /><trkpt lat="48.796504824" lon="1.986848816" /><trkpt lat="48.7965049789" lon="1.986848476" /><trkpt lat="48.7965051342" lon="1.9868481373" /><trkpt lat="48.7965052892" lon="1.9868477988" /><trkpt lat="48.7965054441" lon="1.9868474601" /><trkpt lat="48.7965055992" lon="1.98684712" /><trkpt lat="48.7965057525" lon="1.9868467827" /><trkpt lat="48.7965059059" lon="1.9868464454" /><trkpt lat="48.7965060588" lon="1.9868461076" /><trkpt lat="48.7965062109" lon="1.98684577" /><trkpt lat="48.7965063615" lon="1.9868454322" /><trkpt lat="48.7965065122" lon="1.9868450964" /><trkpt lat="48.7965066628" lon="1.9868447602" /><trkpt lat="48.7965068133" lon="1.9868444254" /><trkpt lat="48.7965069627" lon="1.9868440911" /><trkpt lat="48.796507112" lon="1.9868437571" /><trkpt lat="48.7965072612" lon="1.9868434261" /><trkpt lat="48.7965074106" lon="1.986843095" /><trkpt lat="48.7965075586" lon="1.9868427642" /><trkpt lat="48.7965077063" lon="1.9868424364" /><trkpt lat="48.796507853" lon="1.9868421089" /><trkpt lat="48.7965080001" lon="1.9868417836" /><trkpt lat="48.796508147" lon="1.9868414574" /><trkpt lat="48.7965082926" lon="1.9868411337" /><trkpt lat="48.7965084377" lon="1.9868408111" /><trkpt lat="48.7965085833" lon="1.9868404889" /><trkpt lat="48.7965087291" lon="1.9868401693" /><trkpt lat="48.7965088741" lon="1.9868398498" /><trkpt lat="48.7965090185" lon="1.9868395327" /><trkpt lat="48.7965091625" lon="1.986839216" /><trkpt lat="48.7965093063" lon="1.9868389005" /><trkpt lat="48.7965094483" lon="1.986838587" /><trkpt lat="48.7965095915" lon="1.9868382747" /><trkpt lat="48.7965097329" lon="1.9868379635" /><trkpt lat="48.7965098737" lon="1.9868376533" /><trkpt lat="48.7965100135" lon="1.9868373454" /><trkpt lat="48.7965101528" lon="1.9868370378" /><trkpt lat="48.7965102916" lon="1.9868367335" /><trkpt lat="48.796510429" lon="1.9868364307" /><trkpt lat="48.796510566" lon="1.986836129" /><trkpt lat="48.7965107009" lon="1.986835829" /><trkpt lat="48.7965108371" lon="1.9868355326" /><trkpt lat="48.7965109715" lon="1.9868352354" /><trkpt lat="48.7965111051" lon="1.9868349411" /><trkpt lat="48.7965112382" lon="1.9868346484" /><trkpt lat="48.7965113705" lon="1.9868343589" /><trkpt lat="48.7965115027" lon="1.9868340701" /><trkpt lat="48.7965116342" lon="1.986833784" /><trkpt lat="48.7965117648" lon="1.9868334996" /><trkpt lat="48.7965118946" lon="1.9868332165" /><trkpt lat="48.7965120245" lon="1.9868329358" /><trkpt lat="48.7965121523" lon="1.9868326566" /><trkpt lat="48.7965122798" lon="1.9868323796" /><trkpt lat="48.796512407" lon="1.9868321031" /><trkpt lat="48.7965125326" lon="1.9868318293" /><trkpt lat="48.7965126578" lon="1.9868315567" /><trkpt lat="48.7965127812" lon="1.986831285" /><trkpt lat="48.7965129021" lon="1.9868310154" /><trkpt lat="48.7965130236" lon="1.9868307478" /><trkpt lat="48.7965131429" lon="1.9868304811" /><trkpt lat="48.7965132617" lon="1.9868302182" /><trkpt lat="48.7965133793" lon="1.9868299542" /><trkpt lat="48.7965134972" lon="1.9868296951" /><trkpt lat="48.7965136122" lon="1.9868294373" /><trkpt lat="48.7965137275" lon="1.9868291811" /><trkpt lat="48.7965138426" lon="1.9868289282" /><trkpt lat="48.7965139568" lon="1.9868286768" /><trkpt lat="48.7965140696" lon="1.9868284278" /><trkpt lat="48.7965141817" lon="1.9868281806" /><trkpt lat="48.7965142942" lon="1.986827936" /><trkpt lat="48.7965144056" lon="1.9868276926" /><trkpt lat="48.7965145155" lon="1.9868274524" /><trkpt lat="48.7965146245" lon="1.9868272133" /><trkpt lat="48.7965147333" lon="1.9868269759" /><trkpt lat="48.79651484" lon="1.9868267407" /><trkpt lat="48.796514946" lon="1.9868265068" /><trkpt lat="48.7965150496" lon="1.9868262738" /><trkpt lat="48.7965151536" lon="1.9868260427" /><trkpt lat="48.7965152552" lon="1.9868258144" /><trkpt lat="48.7965153566" lon="1.9868255877" /><trkpt lat="48.7965154573" lon="1.9868253618" /><trkpt lat="48.7965155558" lon="1.986825139" /><trkpt lat="48.7965156538" lon="1.9868249172" /><trkpt lat="48.7965157512" lon="1.9868246993" /><trkpt lat="48.7965158485" lon="1.9868244832" /><trkpt lat="48.7965159441" lon="1.9868242669" /><trkpt lat="48.7965160397" lon="1.986824055" /><trkpt lat="48.7965161341" lon="1.9868238449" /><trkpt lat="48.7965162286" lon="1.9868236372" /><trkpt lat="48.7965163228" lon="1.9868234327" /><trkpt lat="48.7965164164" lon="1.9868232305" /><trkpt lat="48.7965165087" lon="1.9868230305" /><trkpt lat="48.7965166005" lon="1.9868228315" /><trkpt lat="48.7965166919" lon="1.9868226358" /><trkpt lat="48.7965167814" lon="1.9868224425" /><trkpt lat="48.7965168715" lon="1.9868222515" /><trkpt lat="48.7965169596" lon="1.9868220612" /><trkpt lat="48.7965170463" lon="1.986821873" /><trkpt lat="48.7965171322" lon="1.9868216874" /><trkpt lat="48.7965172166" lon="1.9868215036" /><trkpt lat="48.7965173003" lon="1.9868213208" /><trkpt lat="48.7965173826" lon="1.9868211404" /><trkpt lat="48.7965174641" lon="1.9868209626" /><trkpt lat="48.7965175441" lon="1.9868207867" /><trkpt lat="48.7965176237" lon="1.9868206124" /><trkpt lat="48.7965177016" lon="1.9868204406" /><trkpt lat="48.7965177792" lon="1.9868202709" /><trkpt lat="48.7965178556" lon="1.9868201036" /><trkpt lat="48.7965179314" lon="1.9868199382" /><trkpt lat="48.7965180062" lon="1.9868197746" /><trkpt lat="48.7965180801" lon="1.9868196138" /><trkpt lat="48.796518153" lon="1.986819455" /><trkpt lat="48.7965182245" lon="1.9868192977" /><trkpt lat="48.7965182952" lon="1.9868191415" /><trkpt lat="48.7965183655" lon="1.9868189886" /><trkpt lat="48.7965184346" lon="1.9868188371" /><trkpt lat="48.7965185034" lon="1.9868186872" /><trkpt lat="48.7965185714" lon="1.9868185385" /><trkpt lat="48.7965186385" lon="1.9868183891" /><trkpt lat="48.7965187047" lon="1.9868182431" /><trkpt lat="48.7965187709" lon="1.9868180987" /><trkpt lat="48.7965188362" lon="1.9868179561" /><trkpt lat="48.7965189006" lon="1.9868178144" /><trkpt lat="48.7965189653" lon="1.986817673" /><trkpt lat="48.7965190285" lon="1.9868175315" /><trkpt lat="48.796519091" lon="1.9868173909" /><trkpt lat="48.7965191536" lon="1.9868172516" /><trkpt lat="48.7965192159" lon="1.9868171138" /><trkpt lat="48.7965192775" lon="1.9868169768" /><trkpt lat="48.7965193386" lon="1.9868168396" /><trkpt lat="48.7965193998" lon="1.9868167041" /><trkpt lat="48.7965194609" lon="1.9868165693" /><trkpt lat="48.7965195217" lon="1.9868164352" /><trkpt lat="48.7965195818" lon="1.986816301" /><trkpt lat="48.7965196418" lon="1.9868161676" /><trkpt lat="48.7965197021" lon="1.9868160352" /><trkpt lat="48.7965197615" lon="1.9868159028" /><trkpt lat="48.7965198208" lon="1.9868157707" /><trkpt lat="48.7965198802" lon="1.9868156396" /><trkpt lat="48.7965199393" lon="1.9868155073" /><trkpt lat="48.7965199984" lon="1.9868153761" /><trkpt lat="48.7965200575" lon="1.9868152451" /><trkpt lat="48.7965201164" lon="1.986815114" /><trkpt lat="48.7965201752" lon="1.9868149834" /><trkpt lat="48.7965202337" lon="1.9868148523" /><trkpt lat="48.7965202926" lon="1.986814722" /><trkpt lat="48.7965203521" lon="1.9868145922" /><trkpt lat="48.7965204114" lon="1.9868144634" /><trkpt lat="48.7965204701" lon="1.9868143326" /><trkpt lat="48.7965205294" lon="1.9868142026" /><trkpt lat="48.7965205892" lon="1.9868140731" /><trkpt lat="48.7965206487" lon="1.9868139446" /><trkpt lat="48.7965207073" lon="1.9868138153" /><trkpt lat="48.7965207666" lon="1.9868136869" /><trkpt lat="48.7965208257" lon="1.9868135572" /><trkpt lat="48.7965208848" lon="1.9868134288" /><trkpt lat="48.7965209434" lon="1.9868133004" /><trkpt lat="48.7965210023" lon="1.9868131714" /><trkpt lat="48.7965210609" lon="1.9868130432" /><trkpt lat="48.796521119" lon="1.9868129162" /><trkpt lat="48.7965211776" lon="1.9868127887" /><trkpt lat="48.7965212356" lon="1.9868126612" /><trkpt lat="48.796521294" lon="1.9868125338" /><trkpt lat="48.796521352" lon="1.986812407" /><trkpt lat="48.7965214104" lon="1.9868122796" /><trkpt lat="48.7965214684" lon="1.9868121524" /><trkpt lat="48.7965215263" lon="1.9868120258" /><trkpt lat="48.7965215847" lon="1.9868118996" /><trkpt lat="48.7965216425" lon="1.9868117734" /><trkpt lat="48.7965217004" lon="1.9868116479" /><trkpt lat="48.7965217578" lon="1.9868115216" /><trkpt lat="48.7965218157" lon="1.9868113971" /><trkpt lat="48.7965218728" lon="1.9868112711" /><trkpt lat="48.7965219304" lon="1.9868111458" /><trkpt lat="48.7965219873" lon="1.9868110212" /><trkpt lat="48.7965220444" lon="1.9868108965" /><trkpt lat="48.7965221015" lon="1.9868107725" /><trkpt lat="48.7965221583" lon="1.9868106484" /><trkpt lat="48.7965222158" lon="1.9868105252" /><trkpt lat="48.7965222733" lon="1.9868104018" /><trkpt lat="48.7965223305" lon="1.9868102796" /><trkpt lat="48.7965223876" lon="1.9868101561" /><trkpt lat="48.7965224449" lon="1.9868100333" /><trkpt lat="48.7965225021" lon="1.9868099109" /><trkpt lat="48.7965225591" lon="1.9868097884" /><trkpt lat="48.7965226157" lon="1.9868096658" /><trkpt lat="48.796522672" lon="1.9868095439" /><trkpt lat="48.7965227276" lon="1.9868094212" /><trkpt lat="48.7965227838" lon="1.9868092973" /><trkpt lat="48.796522839" lon="1.9868091743" /><trkpt lat="48.7965228944" lon="1.9868090514" /><trkpt lat="48.7965229492" lon="1.9868089279" /><trkpt lat="48.7965230043" lon="1.9868088051" /><trkpt lat="48.796523059" lon="1.9868086814" /><trkpt lat="48.796523114" lon="1.9868085585" /><trkpt lat="48.7965231692" lon="1.9868084358" /><trkpt lat="48.7965232241" lon="1.9868083135" /><trkpt lat="48.7965232795" lon="1.9868081915" /><trkpt lat="48.7965233345" lon="1.9868080702" /><trkpt lat="48.7965233901" lon="1.9868079485" /><trkpt lat="48.7965234461" lon="1.9868078274" /><trkpt lat="48.7965235014" lon="1.9868077061" /><trkpt lat="48.7965235572" lon="1.9868075859" /><trkpt lat="48.7965236128" lon="1.9868074656" /><trkpt lat="48.7965236687" lon="1.9868073448" /><trkpt lat="48.796523724" lon="1.9868072241" /><trkpt lat="48.7965237792" lon="1.9868071036" /><trkpt lat="48.7965238341" lon="1.9868069822" /><trkpt lat="48.7965238892" lon="1.9868068609" /><trkpt lat="48.7965239449" lon="1.9868067397" /><trkpt lat="48.7965240002" lon="1.9868066172" /><trkpt lat="48.7965240557" lon="1.9868064947" /><trkpt lat="48.7965241112" lon="1.9868063722" /><trkpt lat="48.7965241671" lon="1.9868062493" /><trkpt lat="48.7965242233" lon="1.9868061261" /><trkpt lat="48.7965242791" lon="1.9868060026" /><trkpt lat="48.7965243349" lon="1.9868058785" /><trkpt lat="48.7965243908" lon="1.9868057555" /><trkpt lat="48.796524447" lon="1.9868056307" /><trkpt lat="48.7965245036" lon="1.9868055067" /><trkpt lat="48.7965245601" lon="1.9868053832" /><trkpt lat="48.7965246159" lon="1.9868052586" /><trkpt lat="48.7965246728" lon="1.9868051341" /><trkpt lat="48.7965247293" lon="1.9868050094" /><trkpt lat="48.7965247861" lon="1.9868048844" /><trkpt lat="48.7965248428" lon="1.9868047591" /><trkpt lat="48.7965248996" lon="1.9868046347" /><trkpt lat="48.7965249571" lon="1.9868045096" /><trkpt lat="48.7965250136" lon="1.9868043843" /><trkpt lat="48.7965250709" lon="1.9868042583" /><trkpt lat="48.7965251278" lon="1.9868041318" /><trkpt lat="48.796525185" lon="1.9868040054" /><trkpt lat="48.7965252425" lon="1.9868038796" /><trkpt lat="48.7965252996" lon="1.9868037506" /><trkpt lat="48.7965253572" lon="1.9868036224" /><trkpt lat="48.7965254146" lon="1.9868034939" /><trkpt lat="48.7965254717" lon="1.9868033642" /><trkpt lat="48.79652553" lon="1.9868032347" /><trkpt lat="48.7965255882" lon="1.9868031052" /><trkpt lat="48.7965256455" lon="1.9868029728" /><trkpt lat="48.7965257042" lon="1.9868028421" /><trkpt lat="48.7965257617" lon="1.9868027099" /><trkpt lat="48.7965258201" lon="1.9868025786" /><trkpt lat="48.7965258795" lon="1.9868024444" /><trkpt lat="48.7965259382" lon="1.9868023108" /><trkpt lat="48.7965259971" lon="1.9868021759" /><trkpt lat="48.7965260558" lon="1.9868020405" /><trkpt lat="48.7965261146" lon="1.986801905" /><trkpt lat="48.7965261742" lon="1.9868017681" /><trkpt lat="48.7965262338" lon="1.9868016298" /><trkpt lat="48.7965262934" lon="1.9868014922" /><trkpt lat="48.7965263536" lon="1.9868013541" /><trkpt lat="48.7965264144" lon="1.9868012123" /><trkpt lat="48.7965264756" lon="1.9868010724" /><trkpt lat="48.7965265372" lon="1.9868009309" /><trkpt lat="48.7965265999" lon="1.9868007884" /><trkpt lat="48.7965266622" lon="1.9868006463" /><trkpt lat="48.7965267252" lon="1.9868005038" /><trkpt lat="48.7965267889" lon="1.9868003602" /><trkpt lat="48.7965268528" lon="1.9868002164" /><trkpt lat="48.7965269163" lon="1.9868000733" /><trkpt lat="48.7965269803" lon="1.9867999281" /><trkpt lat="48.796527044" lon="1.9867997825" /><trkpt lat="48.7965271064" lon="1.986799636" /><trkpt lat="48.7965271693" lon="1.9867994899" /><trkpt lat="48.7965272326" lon="1.986799343" /><trkpt lat="48.7965272959" lon="1.986799195" /><trkpt lat="48.796527359" lon="1.9867990466" /><trkpt lat="48.7965274222" lon="1.9867988985" /><trkpt lat="48.7965274861" lon="1.9867987513" /><trkpt lat="48.7965275505" lon="1.9867986016" /><trkpt lat="48.7965276147" lon="1.9867984531" /><trkpt lat="48.7965276783" lon="1.9867983015" /><trkpt lat="48.7965277429" lon="1.9867981512" /><trkpt lat="48.7965278079" lon="1.986798" /><trkpt lat="48.7965278726" lon="1.9867978481" /><trkpt lat="48.7965279376" lon="1.9867976955" /><trkpt lat="48.7965280029" lon="1.9867975428" /><trkpt lat="48.7965280686" lon="1.9867973905" /><trkpt lat="48.7965281344" lon="1.9867972368" /><trkpt lat="48.7965282007" lon="1.9867970828" /><trkpt lat="48.7965282667" lon="1.9867969282" /><trkpt lat="48.7965283338" lon="1.9867967735" /><trkpt lat="48.7965284015" lon="1.986796618" /><trkpt lat="48.7965284689" lon="1.9867964622" /><trkpt lat="48.796528537" lon="1.9867963056" /><trkpt lat="48.7965286052" lon="1.986796148" /><trkpt lat="48.7965286732" lon="1.9867959895" /><trkpt lat="48.7965287418" lon="1.9867958309" /><trkpt lat="48.7965288106" lon="1.9867956711" /><trkpt lat="48.7965288791" lon="1.9867955107" /><trkpt lat="48.7965289476" lon="1.9867953493" /><trkpt lat="48.7965290166" lon="1.9867951884" /><trkpt lat="48.7965290856" lon="1.9867950244" /><trkpt lat="48.7965291549" lon="1.9867948609" /><trkpt lat="48.7965292241" lon="1.9867946958" /><trkpt lat="48.7965292935" lon="1.9867945296" /><trkpt lat="48.7965293634" lon="1.9867943634" /><trkpt lat="48.7965294336" lon="1.9867941958" /><trkpt lat="48.7965295046" lon="1.9867940272" /><trkpt lat="48.796529576" lon="1.9867938578" /><trkpt lat="48.7965296481" lon="1.9867936878" /><trkpt lat="48.7965297206" lon="1.986793517" /><trkpt lat="48.7965297936" lon="1.9867933452" /><trkpt lat="48.7965298675" lon="1.9867931732" /><trkpt lat="48.7965299411" lon="1.9867929995" /><trkpt lat="48.7965300152" lon="1.9867928257" /><trkpt lat="48.7965300895" lon="1.9867926504" /><trkpt lat="48.7965301633" lon="1.9867924741" /><trkpt lat="48.7965302378" lon="1.9867922969" /><trkpt lat="48.7965303123" lon="1.9867921194" /><trkpt lat="48.796530388" lon="1.9867919402" /><trkpt lat="48.796530464" lon="1.9867917606" /><trkpt lat="48.7965305397" lon="1.986791581" /><trkpt lat="48.7965306159" lon="1.9867914004" /><trkpt lat="48.7965306921" lon="1.9867912188" /><trkpt lat="48.7965307684" lon="1.9867910367" /><trkpt lat="48.7965308451" lon="1.986790855" /><trkpt lat="48.796530922" lon="1.9867906702" /><trkpt lat="48.7965309993" lon="1.9867904851" /><trkpt lat="48.7965310759" lon="1.9867902989" /><trkpt lat="48.7965311528" lon="1.9867901113" /><trkpt lat="48.7965312298" lon="1.9867899222" /><trkpt lat="48.7965313073" lon="1.9867897329" /><trkpt lat="48.7965313847" lon="1.9867895428" /><trkpt lat="48.7965314624" lon="1.9867893522" /><trkpt lat="48.796531541" lon="1.9867891622" /><trkpt lat="48.7965316189" lon="1.9867889684" /><trkpt lat="48.796531697" lon="1.9867887758" /><trkpt lat="48.7965317755" lon="1.9867885821" /><trkpt lat="48.7965318549" lon="1.9867883887" /><trkpt lat="48.7965319336" lon="1.9867881921" /><trkpt lat="48.7965320129" lon="1.986787996" /><trkpt lat="48.7965320922" lon="1.9867877999" /><trkpt lat="48.7965321718" lon="1.9867876021" /><trkpt lat="48.7965322522" lon="1.9867874047" /><trkpt lat="48.7965323317" lon="1.986787204" /><trkpt lat="48.7965324119" lon="1.9867870031" /><trkpt lat="48.7965324916" lon="1.9867868009" /><trkpt lat="48.7965325717" lon="1.9867865987" /><trkpt lat="48.7965326517" lon="1.9867863942" /><trkpt lat="48.7965327324" lon="1.9867861908" /><trkpt lat="48.7965328116" lon="1.9867859842" /><trkpt lat="48.7965328921" lon="1.9867857775" /><trkpt lat="48.7965329723" lon="1.9867855697" /><trkpt lat="48.7965330528" lon="1.986785362" /><trkpt lat="48.7965331337" lon="1.9867851524" /><trkpt lat="48.7965332152" lon="1.9867849436" /><trkpt lat="48.7965332955" lon="1.9867847322" /><trkpt lat="48.7965333769" lon="1.9867845206" /><trkpt lat="48.7965334583" lon="1.9867843087" /><trkpt lat="48.7965335397" lon="1.9867840957" /><trkpt lat="48.7965336216" lon="1.9867838815" /><trkpt lat="48.7965337034" lon="1.986783667" /><trkpt lat="48.7965337854" lon="1.9867834509" /><trkpt lat="48.7965338679" lon="1.9867832339" /><trkpt lat="48.7965339504" lon="1.9867830169" /><trkpt lat="48.7965340333" lon="1.9867827998" /><trkpt lat="48.7965341162" lon="1.9867825775" /><trkpt lat="48.7965341984" lon="1.9867823572" /><trkpt lat="48.7965342812" lon="1.9867821351" /><trkpt lat="48.7965343641" lon="1.9867819116" /><trkpt lat="48.7965344469" lon="1.9867816876" /><trkpt lat="48.7965345301" lon="1.9867814625" /><trkpt lat="48.7965346133" lon="1.9867812354" /><trkpt lat="48.7965346962" lon="1.9867810088" /><trkpt lat="48.7965347795" lon="1.9867807807" /><trkpt lat="48.7965348623" lon="1.9867805522" /><trkpt lat="48.7965349457" lon="1.9867803241" /><trkpt lat="48.7965350289" lon="1.9867800917" /><trkpt lat="48.7965351122" lon="1.9867798599" /><trkpt lat="48.7965351957" lon="1.986779627" /><trkpt lat="48.7965352786" lon="1.9867793946" /><trkpt lat="48.7965353615" lon="1.9867791612" /><trkpt lat="48.7965354444" lon="1.9867789268" /><trkpt lat="48.7965355284" lon="1.9867786924" /><trkpt lat="48.7965356102" lon="1.9867784542" /><trkpt lat="48.7965356936" lon="1.9867782188" /><trkpt lat="48.7965357754" lon="1.9867779794" /><trkpt lat="48.7965358582" lon="1.9867777408" /><trkpt lat="48.7965359402" lon="1.9867775016" /><trkpt lat="48.7965360226" lon="1.9867772632" /><trkpt lat="48.7965361043" lon="1.9867770192" /><trkpt lat="48.7965361863" lon="1.9867767768" /><trkpt lat="48.796536268" lon="1.9867765335" /><trkpt lat="48.7965363497" lon="1.9867762901" /><trkpt lat="48.7965364317" lon="1.9867760466" /><trkpt lat="48.7965365129" lon="1.9867757993" /><trkpt lat="48.7965365949" lon="1.9867755526" /><trkpt lat="48.7965366763" lon="1.986775305" /><trkpt lat="48.7965367573" lon="1.986775057" /><trkpt lat="48.7965368383" lon="1.9867748079" /><trkpt lat="48.7965369187" lon="1.9867745577" /><trkpt lat="48.7965369993" lon="1.9867743073" /><trkpt lat="48.7965370796" lon="1.9867740558" /><trkpt lat="48.7965371594" lon="1.9867738043" /><trkpt lat="48.7965372389" lon="1.9867735506" /><trkpt lat="48.7965373168" lon="1.9867732954" /><trkpt lat="48.7965373948" lon="1.9867730397" /><trkpt lat="48.7965374723" lon="1.9867727841" /><trkpt lat="48.7965375494" lon="1.986772527" /><trkpt lat="48.7965376267" lon="1.9867722698" /><trkpt lat="48.7965377017" lon="1.9867720103" /><trkpt lat="48.7965377772" lon="1.9867717514" /><trkpt lat="48.7965378528" lon="1.98677149" /><trkpt lat="48.796537928" lon="1.9867712288" /><trkpt lat="48.7965380015" lon="1.9867709683" /><trkpt lat="48.7965380766" lon="1.9867707044" /><trkpt lat="48.7965381503" lon="1.986770441" /><trkpt lat="48.7965382242" lon="1.9867701772" /><trkpt lat="48.7965382983" lon="1.9867699104" /><trkpt lat="48.7965383717" lon="1.9867696473" /><trkpt lat="48.7965384436" lon="1.9867693797" /><trkpt lat="48.7965385171" lon="1.9867691124" /><trkpt lat="48.7965385892" lon="1.9867688407" /><trkpt lat="48.7965386618" lon="1.9867685704" /><trkpt lat="48.796538733" lon="1.9867682964" /><trkpt lat="48.7965388042" lon="1.9867680223" /><trkpt lat="48.7965388754" lon="1.9867677475" /><trkpt lat="48.7965389452" lon="1.9867674726" /><trkpt lat="48.7965390139" lon="1.9867671972" /><trkpt lat="48.7965390817" lon="1.9867669224" /><trkpt lat="48.7965391501" lon="1.9867666431" /><trkpt lat="48.7965392169" lon="1.9867663659" /><trkpt lat="48.7965392828" lon="1.9867660863" /><trkpt lat="48.7965393485" lon="1.9867658039" /><trkpt lat="48.7965394127" lon="1.9867655211" /><trkpt lat="48.7965394759" lon="1.9867652378" /><trkpt lat="48.7965395378" lon="1.9867649533" /><trkpt lat="48.7965395985" lon="1.986764668" /><trkpt lat="48.7965396583" lon="1.9867643825" /><trkpt lat="48.7965397181" lon="1.9867640962" /><trkpt lat="48.7965397769" lon="1.9867638099" /><trkpt lat="48.7965398353" lon="1.986763522" /><trkpt lat="48.7965398929" lon="1.986763235" /><trkpt lat="48.7965399513" lon="1.9867629465" /><trkpt lat="48.7965400095" lon="1.9867626567" /><trkpt lat="48.7965400671" lon="1.9867623691" /><trkpt lat="48.7965401247" lon="1.9867620825" /><trkpt lat="48.7965401814" lon="1.9867617931" /><trkpt lat="48.796540239" lon="1.9867615043" /><trkpt lat="48.7965402953" lon="1.9867612164" /><trkpt lat="48.7965403519" lon="1.9867609262" /><trkpt lat="48.796540408" lon="1.9867606355" /><trkpt lat="48.7965404631" lon="1.9867603457" /><trkpt lat="48.796540519" lon="1.9867600524" /><trkpt lat="48.7965405721" lon="1.9867597611" /><trkpt lat="48.7965406253" lon="1.9867594718" /><trkpt lat="48.7965406783" lon="1.9867591775" /><trkpt lat="48.79654073" lon="1.9867588842" /><trkpt lat="48.796540781" lon="1.9867585906" /><trkpt lat="48.7965408301" lon="1.9867582961" /><trkpt lat="48.7965408785" lon="1.9867579997" /><trkpt lat="48.7965409252" lon="1.9867577049" /><trkpt lat="48.7965409715" lon="1.9867574065" /><trkpt lat="48.796541016" lon="1.9867571079" /><trkpt lat="48.7965410594" lon="1.9867568095" /><trkpt lat="48.7965411025" lon="1.9867565085" /><trkpt lat="48.7965411434" lon="1.9867562076" /><trkpt lat="48.7965411838" lon="1.9867559074" /><trkpt lat="48.7965412231" lon="1.986755604" /><trkpt lat="48.7965412612" lon="1.9867552998" /><trkpt lat="48.7965412985" lon="1.9867549957" /><trkpt lat="48.7965413342" lon="1.9867546891" /><trkpt lat="48.7965413683" lon="1.9867543826" /><trkpt lat="48.7965414015" lon="1.9867540742" /><trkpt lat="48.7965414337" lon="1.9867537649" /><trkpt lat="48.796541465" lon="1.9867534544" /><trkpt lat="48.7965414953" lon="1.9867531431" /><trkpt lat="48.7965415242" lon="1.9867528309" /><trkpt lat="48.7965415518" lon="1.986752518" /><trkpt lat="48.796541579" lon="1.9867522029" /><trkpt lat="48.7965416042" lon="1.9867518874" /><trkpt lat="48.7965416288" lon="1.9867515715" /><trkpt lat="48.7965416521" lon="1.9867512555" /><trkpt lat="48.7965416746" lon="1.9867509373" /><trkpt lat="48.7965416959" lon="1.9867506198" /><trkpt lat="48.7965417168" lon="1.9867502987" /><trkpt lat="48.7965417352" lon="1.9867499786" /><trkpt lat="48.7965417534" lon="1.9867496575" /><trkpt lat="48.7965417707" lon="1.9867493357" /><trkpt lat="48.7965417862" lon="1.9867490118" /><trkpt lat="48.7965418015" lon="1.9867486878" /><trkpt lat="48.7965418151" lon="1.9867483638" /><trkpt lat="48.796541829" lon="1.9867480372" /><trkpt lat="48.7965418404" lon="1.9867477098" /><trkpt lat="48.7965418524" lon="1.9867473826" /><trkpt lat="48.7965418621" lon="1.9867470537" /><trkpt lat="48.7965418718" lon="1.9867467239" /><trkpt lat="48.7965418798" lon="1.986746394" /><trkpt lat="48.7965418862" lon="1.9867460647" /><trkpt lat="48.7965418929" lon="1.9867457307" /><trkpt lat="48.7965418972" lon="1.986745399" /><trkpt lat="48.7965419013" lon="1.9867450653" /><trkpt lat="48.796541903" lon="1.9867447322" /><trkpt lat="48.796541905" lon="1.986744396" /><trkpt lat="48.7965419041" lon="1.9867440618" /><trkpt lat="48.796541903" lon="1.9867437264" /><trkpt lat="48.7965419005" lon="1.9867433897" /><trkpt lat="48.7965418968" lon="1.9867430518" /><trkpt lat="48.7965418917" lon="1.9867427146" /><trkpt lat="48.7965418855" lon="1.9867423754" /><trkpt lat="48.7965418781" lon="1.9867420342" /><trkpt lat="48.7965418695" lon="1.9867416948" /><trkpt lat="48.7965418594" lon="1.9867413539" /><trkpt lat="48.7965418484" lon="1.9867410144" /><trkpt lat="48.7965418357" lon="1.9867406709" /><trkpt lat="48.7965418227" lon="1.9867403272" /><trkpt lat="48.7965418072" lon="1.9867399855" /><trkpt lat="48.7965417909" lon="1.9867396418" /><trkpt lat="48.7965417736" lon="1.9867392971" /><trkpt lat="48.7965417537" lon="1.9867389525" /><trkpt lat="48.7965417332" lon="1.9867386099" /><trkpt lat="48.7965417112" lon="1.9867382637" /><trkpt lat="48.7965416871" lon="1.986737918" /><trkpt lat="48.7965416624" lon="1.9867375727" /><trkpt lat="48.7965416357" lon="1.9867372271" /><trkpt lat="48.7965416083" lon="1.98673688" /><trkpt lat="48.7965415787" lon="1.9867365358" /><trkpt lat="48.7965415477" lon="1.9867361876" /><trkpt lat="48.7965415162" lon="1.9867358398" /><trkpt lat="48.7965414834" lon="1.9867354939" /><trkpt lat="48.7965414507" lon="1.9867351467" /><trkpt lat="48.7965414167" lon="1.9867347988" /><trkpt lat="48.7965413818" lon="1.9867344512" /><trkpt lat="48.7965413456" lon="1.9867341034" /><trkpt lat="48.7965413085" lon="1.9867337545" /><trkpt lat="48.7965412686" lon="1.9867334066" /><trkpt lat="48.7965412282" lon="1.9867330594" /><trkpt lat="48.7965411859" lon="1.9867327101" /><trkpt lat="48.7965411419" lon="1.9867323627" /><trkpt lat="48.7965410972" lon="1.9867320145" /><trkpt lat="48.7965410502" lon="1.9867316669" /><trkpt lat="48.7965410019" lon="1.986731319" /><trkpt lat="48.7965409523" lon="1.9867309716" /><trkpt lat="48.7965409012" lon="1.9867306233" /><trkpt lat="48.7965408495" lon="1.9867302758" /><trkpt lat="48.796540796" lon="1.9867299297" /><trkpt lat="48.7965407413" lon="1.9867295822" /><trkpt lat="48.7965406848" lon="1.9867292355" /><trkpt lat="48.7965406272" lon="1.9867288886" /><trkpt lat="48.7965405677" lon="1.9867285435" /><trkpt lat="48.7965405071" lon="1.9867281979" /><trkpt lat="48.7965404449" lon="1.9867278529" /><trkpt lat="48.7965403818" lon="1.9867275067" /><trkpt lat="48.7965403166" lon="1.986727164" /><trkpt lat="48.7965402508" lon="1.9867268196" /><trkpt lat="48.7965401835" lon="1.9867264767" /><trkpt lat="48.796540115" lon="1.9867261341" /><trkpt lat="48.7965400455" lon="1.9867257917" /><trkpt lat="48.7965399742" lon="1.9867254492" /><trkpt lat="48.7965399018" lon="1.9867251083" /><trkpt lat="48.7965398284" lon="1.9867247676" /><trkpt lat="48.796539753" lon="1.9867244274" /><trkpt lat="48.7965396765" lon="1.9867240867" /><trkpt lat="48.7965395991" lon="1.9867237474" /><trkpt lat="48.7965395194" lon="1.9867234098" /><trkpt lat="48.7965394394" lon="1.9867230715" /><trkpt lat="48.7965393579" lon="1.986722734" /><trkpt lat="48.7965392749" lon="1.986722397" /><trkpt lat="48.7965391903" lon="1.9867220608" /><trkpt lat="48.7965391044" lon="1.9867217249" /><trkpt lat="48.7965390174" lon="1.9867213901" /><trkpt lat="48.7965389277" lon="1.9867210556" /><trkpt lat="48.7965388383" lon="1.9867207228" /><trkpt lat="48.7965387462" lon="1.986720389" /><trkpt lat="48.7965386537" lon="1.9867200558" /><trkpt lat="48.7965385593" lon="1.9867197255" /><trkpt lat="48.7965384633" lon="1.9867193951" /><trkpt lat="48.796538366" lon="1.9867190614" /><trkpt lat="48.7965382678" lon="1.9867187331" /><trkpt lat="48.7965381689" lon="1.9867184059" /><trkpt lat="48.7965380681" lon="1.9867180747" /><trkpt lat="48.7965379667" lon="1.9867177474" /><trkpt lat="48.796537863" lon="1.9867174222" /><trkpt lat="48.7965377589" lon="1.9867170939" /><trkpt lat="48.7965376531" lon="1.9867167697" /><trkpt lat="48.7965375465" lon="1.9867164455" /><trkpt lat="48.7965374385" lon="1.9867161208" /><trkpt lat="48.7965373296" lon="1.9867157977" /><trkpt lat="48.7965372201" lon="1.986715476" /><trkpt lat="48.7965371088" lon="1.9867151539" /><trkpt lat="48.7965369963" lon="1.9867148314" /><trkpt lat="48.7965368839" lon="1.9867145123" /><trkpt lat="48.7965367695" lon="1.9867141911" /><trkpt lat="48.7965366544" lon="1.9867138714" /><trkpt lat="48.7965365378" lon="1.9867135524" /><trkpt lat="48.796536421" lon="1.9867132332" /><trkpt lat="48.796536303" lon="1.9867129145" /><trkpt lat="48.7965361834" lon="1.9867125959" /><trkpt lat="48.7965360632" lon="1.9867122792" /><trkpt lat="48.7965359415" lon="1.9867119615" /><trkpt lat="48.7965358181" lon="1.9867116474" /><trkpt lat="48.7965356946" lon="1.986711331" /><trkpt lat="48.7965355693" lon="1.9867110175" /><trkpt lat="48.7965354439" lon="1.9867107012" /><trkpt lat="48.7965353156" lon="1.98671039" /><trkpt lat="48.7965351863" lon="1.9867100774" /><trkpt lat="48.796535056" lon="1.9867097644" /><trkpt lat="48.7965349245" lon="1.9867094555" /><trkpt lat="48.796534792" lon="1.9867091462" /><trkpt lat="48.7965346571" lon="1.9867088388" /><trkpt lat="48.7965345222" lon="1.9867085301" /><trkpt lat="48.7965343844" lon="1.9867082247" /><trkpt lat="48.7965342472" lon="1.9867079187" /><trkpt lat="48.7965341088" lon="1.986707613" /><trkpt lat="48.7965339691" lon="1.9867073089" /><trkpt lat="48.7965338277" lon="1.9867070067" /><trkpt lat="48.7965336856" lon="1.9867067038" /><trkpt lat="48.7965335439" lon="1.9867064016" /><trkpt lat="48.7965334009" lon="1.9867061027" /><trkpt lat="48.7965332572" lon="1.9867057995" /><trkpt lat="48.7965331117" lon="1.9867055023" /><trkpt lat="48.7965329676" lon="1.9867052015" /><trkpt lat="48.796532822" lon="1.986704904" /><trkpt lat="48.7965326759" lon="1.986704606" /><trkpt lat="48.7965325293" lon="1.986704308" /><trkpt lat="48.7965323806" lon="1.986704013" /><trkpt lat="48.7965322329" lon="1.9867037166" /><trkpt lat="48.7965320833" lon="1.9867034249" /><trkpt lat="48.796531934" lon="1.9867031288" /><trkpt lat="48.7965317828" lon="1.9867028371" /><trkpt lat="48.796531631" lon="1.9867025463" /><trkpt lat="48.7965314784" lon="1.9867022569" /><trkpt lat="48.7965313242" lon="1.9867019675" /><trkpt lat="48.79653117" lon="1.9867016811" /><trkpt lat="48.7965310144" lon="1.9867013956" /><trkpt lat="48.7965308588" lon="1.986701108" /><trkpt lat="48.796530701" lon="1.9867008246" /><trkpt lat="48.7965305446" lon="1.9867005405" /><trkpt lat="48.7965303869" lon="1.9867002579" /><trkpt lat="48.7965302287" lon="1.9866999754" /><trkpt lat="48.7965300696" lon="1.9866996945" /><trkpt lat="48.79652991" lon="1.9866994133" /><trkpt lat="48.7965297491" lon="1.9866991347" /><trkpt lat="48.7965295883" lon="1.9866988557" /><trkpt lat="48.7965294286" lon="1.9866985776" /><trkpt lat="48.7965292659" lon="1.9866983013" /><trkpt lat="48.7965291027" lon="1.9866980255" /><trkpt lat="48.7965289391" lon="1.9866977518" /><trkpt lat="48.7965287755" lon="1.9866974796" /><trkpt lat="48.7965286105" lon="1.9866972063" /><trkpt lat="48.7965284449" lon="1.9866969353" /><trkpt lat="48.7965282785" lon="1.9866966674" /><trkpt lat="48.7965281122" lon="1.9866963976" /><trkpt lat="48.7965279445" lon="1.9866961303" /><trkpt lat="48.7965277768" lon="1.9866958626" /><trkpt lat="48.7965276078" lon="1.9866955975" /><trkpt lat="48.7965274384" lon="1.9866953326" /><trkpt lat="48.7965272696" lon="1.9866950688" /><trkpt lat="48.7965271" lon="1.9866948028" /><trkpt lat="48.7965269286" lon="1.9866945403" /><trkpt lat="48.7965267575" lon="1.9866942785" /><trkpt lat="48.7965265871" lon="1.9866940173" /><trkpt lat="48.7965264145" lon="1.9866937561" /><trkpt lat="48.7965262421" lon="1.9866934959" /><trkpt lat="48.7965260691" lon="1.9866932374" /><trkpt lat="48.7965258947" lon="1.9866929806" /><trkpt lat="48.7965257209" lon="1.9866927226" /><trkpt lat="48.7965255455" lon="1.9866924672" /><trkpt lat="48.7965253694" lon="1.986692214" /><trkpt lat="48.7965251924" lon="1.9866919595" /><trkpt lat="48.7965250149" lon="1.9866917079" /><trkpt lat="48.7965248377" lon="1.986691458" /><trkpt lat="48.7965246591" lon="1.9866912067" /><trkpt lat="48.7965244794" lon="1.9866909583" /><trkpt lat="48.7965243007" lon="1.9866907085" /><trkpt lat="48.7965241206" lon="1.9866904601" /><trkpt lat="48.7965239398" lon="1.9866902138" /><trkpt lat="48.796523759" lon="1.9866899664" /><trkpt lat="48.796523578" lon="1.9866897214" /><trkpt lat="48.796523397" lon="1.9866894759" /><trkpt lat="48.7965232151" lon="1.9866892302" /><trkpt lat="48.7965230326" lon="1.9866889865" /><trkpt lat="48.7965228503" lon="1.9866887427" /><trkpt lat="48.7965226671" lon="1.9866885007" /><trkpt lat="48.7965224832" lon="1.9866882593" /><trkpt lat="48.7965222993" lon="1.9866880179" /><trkpt lat="48.7965221152" lon="1.986687777" /><trkpt lat="48.7965219308" lon="1.986687537" /><trkpt lat="48.7965217454" lon="1.9866872998" /><trkpt lat="48.7965215589" lon="1.9866870616" /><trkpt lat="48.7965213728" lon="1.9866868243" /><trkpt lat="48.7965211869" lon="1.986686588" /><trkpt lat="48.796521" lon="1.9866863532" /><trkpt lat="48.7965208127" lon="1.9866861172" /><trkpt lat="48.796520625" lon="1.9866858844" /><trkpt lat="48.7965204372" lon="1.9866856495" /><trkpt lat="48.796520249" lon="1.9866854165" /><trkpt lat="48.796520061" lon="1.9866851838" /><trkpt lat="48.7965198727" lon="1.986684951" /><trkpt lat="48.7965196836" lon="1.9866847188" /><trkpt lat="48.7965194949" lon="1.9866844858" /><trkpt lat="48.7965193051" lon="1.9866842563" /><trkpt lat="48.7965191152" lon="1.9866840245" /><trkpt lat="48.7965189265" lon="1.9866837932" /><trkpt lat="48.7965187367" lon="1.9866835636" /><trkpt lat="48.796518547" lon="1.9866833318" /><trkpt lat="48.796518357" lon="1.9866831032" /><trkpt lat="48.7965181673" lon="1.9866828744" /><trkpt lat="48.7965179782" lon="1.9866826448" /><trkpt lat="48.7965177879" lon="1.9866824157" /><trkpt lat="48.796517598" lon="1.986682187" /><trkpt lat="48.796517408" lon="1.9866819595" /><trkpt lat="48.7965172183" lon="1.986681732" /><trkpt lat="48.7965170276" lon="1.9866815059" /><trkpt lat="48.796516837" lon="1.9866812794" /><trkpt lat="48.7965166457" lon="1.9866810557" /><trkpt lat="48.7965164544" lon="1.9866808327" /><trkpt lat="48.7965162624" lon="1.9866806109" /><trkpt lat="48.7965160698" lon="1.9866803882" /><trkpt lat="48.7965158788" lon="1.9866801667" /><trkpt lat="48.7965156852" lon="1.9866799487" /><trkpt lat="48.7965154926" lon="1.9866797274" /><trkpt lat="48.7965153009" lon="1.9866795081" /><trkpt lat="48.7965151074" lon="1.9866792893" /><trkpt lat="48.7965149156" lon="1.9866790715" /><trkpt lat="48.7965147241" lon="1.9866788537" /><trkpt lat="48.7965145322" lon="1.9866786353" /><trkpt lat="48.7965143415" lon="1.9866784153" /><trkpt lat="48.7965141455" lon="1.9866781994" /><trkpt lat="48.796513949" lon="1.9866779837" /><trkpt lat="48.796513752" lon="1.986677768" /><trkpt lat="48.7965135549" lon="1.9866775516" /><trkpt lat="48.7965133586" lon="1.9866773353" /><trkpt lat="48.7965131626" lon="1.9866771202" /><trkpt lat="48.796512969" lon="1.9866769055" /><trkpt lat="48.7965127705" lon="1.9866766885" /><trkpt lat="48.7965125741" lon="1.9866764744" /><trkpt lat="48.7965123792" lon="1.9866762596" /><trkpt lat="48.7965121831" lon="1.986676045" /><trkpt lat="48.7965119869" lon="1.986675833" /><trkpt lat="48.7965117917" lon="1.986675618" /><trkpt lat="48.7965115956" lon="1.9866754062" /><trkpt lat="48.796511399" lon="1.9866751925" /><trkpt lat="48.7965112044" lon="1.9866749813" /><trkpt lat="48.7965110081" lon="1.98667477" /><trkpt lat="48.7965108116" lon="1.9866745585" /><trkpt lat="48.7965106161" lon="1.9866743485" /><trkpt lat="48.7965104202" lon="1.9866741384" /><trkpt lat="48.7965102245" lon="1.9866739281" /><trkpt lat="48.7965100284" lon="1.9866737196" /><trkpt lat="48.7965098327" lon="1.9866735097" /><trkpt lat="48.7965096391" lon="1.9866732997" /><trkpt lat="48.796509442" lon="1.986673092" /><trkpt lat="48.7965092467" lon="1.9866728836" /><trkpt lat="48.7965090511" lon="1.9866726757" /><trkpt lat="48.7965088561" lon="1.9866724669" /><trkpt lat="48.7965086612" lon="1.9866722589" /><trkpt lat="48.7965084687" lon="1.9866720505" /><trkpt lat="48.7965082717" lon="1.9866718427" /><trkpt lat="48.7965080797" lon="1.9866716334" /><trkpt lat="48.7965078858" lon="1.986671427" /><trkpt lat="48.7965076903" lon="1.9866712183" /><trkpt lat="48.7965074963" lon="1.9866710103" /><trkpt lat="48.796507303" lon="1.9866708026" /><trkpt lat="48.7965071107" lon="1.9866705929" /><trkpt lat="48.7965069176" lon="1.9866703855" /><trkpt lat="48.7965067256" lon="1.9866701756" /><trkpt lat="48.7965065337" lon="1.9866699663" /><trkpt lat="48.7965063421" lon="1.9866697583" /><trkpt lat="48.7965061506" lon="1.9866695477" /><trkpt lat="48.7965059591" lon="1.9866693387" /><trkpt lat="48.7965057674" lon="1.9866691288" /><trkpt lat="48.7965055771" lon="1.9866689183" /><trkpt lat="48.7965053856" lon="1.9866687086" /><trkpt lat="48.7965051937" lon="1.9866684983" /><trkpt lat="48.7965050028" lon="1.9866682893" /><trkpt lat="48.796504812" lon="1.986668079" /><trkpt lat="48.7965046203" lon="1.9866678695" /><trkpt lat="48.7965044292" lon="1.9866676604" /><trkpt lat="48.7965042378" lon="1.9866674507" /><trkpt lat="48.796504047" lon="1.9866672413" /><trkpt lat="48.7965038562" lon="1.9866670322" /><trkpt lat="48.7965036652" lon="1.986666822" /><trkpt lat="48.7965034737" lon="1.9866666139" /><trkpt lat="48.7965032834" lon="1.9866664049" /><trkpt lat="48.796503095" lon="1.9866661959" /><trkpt lat="48.7965029027" lon="1.9866659865" /><trkpt lat="48.796502713" lon="1.9866657779" /><trkpt lat="48.7965025228" lon="1.9866655683" /><trkpt lat="48.7965023323" lon="1.986665361" /><trkpt lat="48.7965021429" lon="1.9866651513" /><trkpt lat="48.7965019533" lon="1.9866649424" /><trkpt lat="48.7965017643" lon="1.9866647336" /><trkpt lat="48.7965015749" lon="1.986664525" /><trkpt lat="48.7965013869" lon="1.9866643165" /><trkpt lat="48.7965011966" lon="1.9866641075" /><trkpt lat="48.7965010078" lon="1.9866638986" /><trkpt lat="48.7965008198" lon="1.9866636908" /><trkpt lat="48.7965006308" lon="1.9866634827" /><trkpt lat="48.7965004433" lon="1.9866632744" /><trkpt lat="48.7965002578" lon="1.9866630644" /><trkpt lat="48.7965000676" lon="1.9866628564" /><trkpt lat="48.7964998805" lon="1.986662648" /><trkpt lat="48.7964996929" lon="1.9866624383" /><trkpt lat="48.796499506" lon="1.9866622298" /><trkpt lat="48.79649932" lon="1.9866620197" /><trkpt lat="48.7964991354" lon="1.9866618085" /><trkpt lat="48.7964989477" lon="1.9866615995" /><trkpt lat="48.7964987616" lon="1.9866613895" /><trkpt lat="48.7964985758" lon="1.9866611794" /><trkpt lat="48.7964983911" lon="1.986660968" /><trkpt lat="48.7964982056" lon="1.9866607577" /><trkpt lat="48.7964980217" lon="1.9866605472" /><trkpt lat="48.7964978391" lon="1.9866603327" /><trkpt lat="48.7964976567" lon="1.9866601197" /><trkpt lat="48.7964974742" lon="1.9866599093" /><trkpt lat="48.7964972926" lon="1.9866596972" /><trkpt lat="48.7964971103" lon="1.9866594864" /><trkpt lat="48.7964969295" lon="1.9866592739" /><trkpt lat="48.7964967486" lon="1.9866590649" /><trkpt lat="48.7964965694" lon="1.9866588542" /><trkpt lat="48.7964963873" lon="1.9866586445" /><trkpt lat="48.7964962058" lon="1.9866584373" /><trkpt lat="48.796496025" lon="1.9866582295" /><trkpt lat="48.7964958469" lon="1.986658022" /><trkpt lat="48.796495664" lon="1.9866578174" /><trkpt lat="48.796495484" lon="1.9866576106" /><trkpt lat="48.7964953038" lon="1.9866574065" /><trkpt lat="48.796495125" lon="1.9866572005" /><trkpt lat="48.7964949483" lon="1.9866569944" /><trkpt lat="48.7964947722" lon="1.9866567884" /><trkpt lat="48.7964945895" lon="1.9866565886" /><trkpt lat="48.7964944032" lon="1.9866563938" /><trkpt lat="48.7964942201" lon="1.9866561968" /><trkpt lat="48.7964940371" lon="1.9866559998" /><trkpt lat="48.7964938542" lon="1.9866558031" /><trkpt lat="48.7964936715" lon="1.9866556071" /><trkpt lat="48.7964934893" lon="1.9866554101" /><trkpt lat="48.7964933073" lon="1.9866552117" /><trkpt lat="48.7964931252" lon="1.9866550161" /><trkpt lat="48.7964929433" lon="1.9866548203" /><trkpt lat="48.7964927621" lon="1.9866546234" /><trkpt lat="48.796492581" lon="1.9866544267" /><trkpt lat="48.7964923998" lon="1.9866542301" /><trkpt lat="48.7964922189" lon="1.9866540339" /><trkpt lat="48.7964920386" lon="1.9866538384" /><trkpt lat="48.796491861" lon="1.9866536398" /><trkpt lat="48.7964916774" lon="1.9866534466" /><trkpt lat="48.7964914998" lon="1.9866532487" /><trkpt lat="48.7964913176" lon="1.9866530569" /><trkpt lat="48.7964911377" lon="1.9866528616" /><trkpt lat="48.7964909573" lon="1.9866526666" /><trkpt lat="48.7964907802" lon="1.9866524702" /><trkpt lat="48.7964905984" lon="1.9866522783" /><trkpt lat="48.7964904194" lon="1.9866520842" /><trkpt lat="48.7964902404" lon="1.9866518902" /><trkpt lat="48.7964900617" lon="1.9866516968" /><trkpt lat="48.7964898832" lon="1.9866515031" /><trkpt lat="48.7964897077" lon="1.9866513065" /><trkpt lat="48.7964895276" lon="1.9866511145" /><trkpt lat="48.7964893499" lon="1.9866509204" /><trkpt lat="48.7964891714" lon="1.9866507248" /><trkpt lat="48.7964889937" lon="1.9866505304" /><trkpt lat="48.7964888161" lon="1.9866503361" /><trkpt lat="48.7964886409" lon="1.9866501377" /><trkpt lat="48.7964884593" lon="1.9866499464" /><trkpt lat="48.7964882815" lon="1.9866497515" /><trkpt lat="48.7964881035" lon="1.9866495574" /><trkpt lat="48.7964879246" lon="1.9866493627" /><trkpt lat="48.7964877487" lon="1.9866491648" /><trkpt lat="48.7964875675" lon="1.986648973" /><trkpt lat="48.7964873889" lon="1.9866487766" /><trkpt lat="48.7964872091" lon="1.9866485802" /><trkpt lat="48.7964870302" lon="1.9866483836" /><trkpt lat="48.7964868514" lon="1.9866481855" /><trkpt lat="48.7964866725" lon="1.9866479879" /><trkpt lat="48.7964864963" lon="1.9866477872" /><trkpt lat="48.796486314" lon="1.986647589" /><trkpt lat="48.7964861357" lon="1.9866473895" /><trkpt lat="48.7964859567" lon="1.9866471886" /><trkpt lat="48.7964857771" lon="1.9866469881" /><trkpt lat="48.7964855977" lon="1.986646787" /><trkpt lat="48.7964854175" lon="1.9866465866" /><trkpt lat="48.7964852369" lon="1.9866463859" /><trkpt lat="48.7964850579" lon="1.9866461828" /><trkpt lat="48.7964848744" lon="1.9866459852" /><trkpt lat="48.7964846918" lon="1.9866457846" /><trkpt lat="48.796484509" lon="1.9866455845" /><trkpt lat="48.7964843255" lon="1.9866453844" /><trkpt lat="48.7964841414" lon="1.9866451851" /><trkpt lat="48.7964839569" lon="1.9866449853" /><trkpt lat="48.7964837721" lon="1.986644786" /><trkpt lat="48.796483587" lon="1.9866445851" /><trkpt lat="48.7964834016" lon="1.9866443848" /><trkpt lat="48.796483216" lon="1.986644183" /><trkpt lat="48.79648303" lon="1.9866439814" /><trkpt lat="48.7964828441" lon="1.9866437786" /><trkpt lat="48.7964826584" lon="1.986643575" /><trkpt lat="48.7964824727" lon="1.9866433705" /><trkpt lat="48.7964822857" lon="1.9866431654" /><trkpt lat="48.7964821" lon="1.9866429598" /><trkpt lat="48.7964819132" lon="1.9866427534" /><trkpt lat="48.7964817273" lon="1.9866425458" /><trkpt lat="48.7964815405" lon="1.9866423378" /><trkpt lat="48.7964813533" lon="1.98664213" /><trkpt lat="48.7964811659" lon="1.9866419207" /><trkpt lat="48.7964809783" lon="1.9866417127" /><trkpt lat="48.7964807903" lon="1.9866415023" /><trkpt lat="48.7964806043" lon="1.9866412896" /><trkpt lat="48.7964804127" lon="1.9866410846" /><trkpt lat="48.7964802235" lon="1.9866408745" /><trkpt lat="48.796480034" lon="1.9866406645" /><trkpt lat="48.7964798441" lon="1.9866404548" /><trkpt lat="48.796479654" lon="1.9866402442" /><trkpt lat="48.7964794633" lon="1.986640033" /><trkpt lat="48.7964792725" lon="1.9866398222" /><trkpt lat="48.7964790816" lon="1.9866396107" /><trkpt lat="48.7964788894" lon="1.9866393979" /><trkpt lat="48.7964787005" lon="1.9866391815" /><trkpt lat="48.7964785066" lon="1.9866389723" /><trkpt lat="48.7964783138" lon="1.9866387584" /><trkpt lat="48.7964781205" lon="1.9866385448" /><trkpt lat="48.7964779288" lon="1.9866383301" /><trkpt lat="48.796477735" lon="1.9866381149" /><trkpt lat="48.7964775443" lon="1.9866378959" /><trkpt lat="48.7964773477" lon="1.9866376841" /><trkpt lat="48.7964771526" lon="1.9866374678" /><trkpt lat="48.7964769609" lon="1.9866372471" /><trkpt lat="48.7964767614" lon="1.9866370317" /><trkpt lat="48.7964765635" lon="1.9866368133" /><trkpt lat="48.7964763651" lon="1.9866365938" /><trkpt lat="48.7964761671" lon="1.9866363734" /><trkpt lat="48.7964759684" lon="1.9866361526" /><trkpt lat="48.7964757688" lon="1.9866359308" /><trkpt lat="48.7964755688" lon="1.9866357095" /><trkpt lat="48.7964753691" lon="1.9866354873" /><trkpt lat="48.7964751689" lon="1.9866352644" /><trkpt lat="48.7964749684" lon="1.986635041" /><trkpt lat="48.7964747673" lon="1.9866348175" /><trkpt lat="48.7964745656" lon="1.9866345939" /><trkpt lat="48.7964743633" lon="1.9866343713" /><trkpt lat="48.7964741606" lon="1.9866341471" /><trkpt lat="48.7964739574" lon="1.9866339237" /><trkpt lat="48.7964737543" lon="1.9866336994" /><trkpt lat="48.7964735502" lon="1.986633475" /><trkpt lat="48.7964733452" lon="1.9866332508" /><trkpt lat="48.7964731402" lon="1.9866330263" /><trkpt lat="48.7964729345" lon="1.9866328014" /><trkpt lat="48.7964727285" lon="1.9866325754" /><trkpt lat="48.7964725218" lon="1.9866323495" /><trkpt lat="48.7964723154" lon="1.9866321216" /><trkpt lat="48.7964721083" lon="1.9866318922" /><trkpt lat="48.796471901" lon="1.9866316619" /><trkpt lat="48.7964716934" lon="1.9866314328" /><trkpt lat="48.7964714857" lon="1.9866312018" /><trkpt lat="48.7964712772" lon="1.9866309686" /><trkpt lat="48.7964710691" lon="1.9866307368" /><trkpt lat="48.7964708595" lon="1.986630503" /><trkpt lat="48.7964706496" lon="1.9866302687" /><trkpt lat="48.7964704398" lon="1.9866300347" /><trkpt lat="48.7964702284" lon="1.9866298" /><trkpt lat="48.7964700168" lon="1.9866295649" /><trkpt lat="48.7964698047" lon="1.9866293288" /><trkpt lat="48.7964695929" lon="1.9866290923" /><trkpt lat="48.7964693801" lon="1.9866288572" /><trkpt lat="48.7964691672" lon="1.9866286194" /><trkpt lat="48.7964689546" lon="1.9866283824" /><trkpt lat="48.7964687416" lon="1.9866281456" /><trkpt lat="48.7964685279" lon="1.9866279066" /><trkpt lat="48.7964683129" lon="1.9866276688" /><trkpt lat="48.7964680985" lon="1.9866274285" /><trkpt lat="48.7964678834" lon="1.9866271891" /><trkpt lat="48.7964676674" lon="1.9866269462" /><trkpt lat="48.7964674538" lon="1.9866267046" /><trkpt lat="48.7964672348" lon="1.9866264678" /><trkpt lat="48.7964670176" lon="1.9866262282" /><trkpt lat="48.7964667995" lon="1.9866259863" /><trkpt lat="48.7964665816" lon="1.9866257454" /><trkpt lat="48.7964663627" lon="1.986625504" /><trkpt lat="48.7964661427" lon="1.9866252628" /><trkpt lat="48.7964659231" lon="1.9866250199" /><trkpt lat="48.7964657023" lon="1.9866247764" /><trkpt lat="48.7964654822" lon="1.9866245318" /><trkpt lat="48.7964652617" lon="1.9866242855" /><trkpt lat="48.7964650404" lon="1.9866240393" /><trkpt lat="48.7964648192" lon="1.9866237904" /><trkpt lat="48.7964645976" lon="1.9866235422" /><trkpt lat="48.7964643751" lon="1.9866232919" /><trkpt lat="48.7964641521" lon="1.9866230417" /><trkpt lat="48.7964639287" lon="1.9866227913" /><trkpt lat="48.7964637047" lon="1.986622539" /><trkpt lat="48.7964634805" lon="1.9866222865" /><trkpt lat="48.7964632552" lon="1.9866220342" /><trkpt lat="48.7964630297" lon="1.986621782" /><trkpt lat="48.7964628056" lon="1.9866215278" /><trkpt lat="48.7964625767" lon="1.9866212765" /><trkpt lat="48.7964623489" lon="1.9866210247" /><trkpt lat="48.7964621219" lon="1.9866207702" /><trkpt lat="48.7964618939" lon="1.9866205175" /><trkpt lat="48.7964616676" lon="1.9866202614" /><trkpt lat="48.7964614372" lon="1.9866200079" /><trkpt lat="48.7964612082" lon="1.9866197532" /><trkpt lat="48.7964609793" lon="1.9866194974" /><trkpt lat="48.7964607489" lon="1.9866192409" /><trkpt lat="48.7964605207" lon="1.9866189822" /><trkpt lat="48.7964602908" lon="1.9866187237" /><trkpt lat="48.796460061" lon="1.9866184669" /><trkpt lat="48.7964598305" lon="1.9866182077" /><trkpt lat="48.7964596007" lon="1.9866179487" /><trkpt lat="48.79645937" lon="1.9866176887" /><trkpt lat="48.7964591389" lon="1.9866174298" /><trkpt lat="48.796458908" lon="1.9866171701" /><trkpt lat="48.7964586784" lon="1.9866169081" /><trkpt lat="48.7964584426" lon="1.9866166512" /><trkpt lat="48.7964582105" lon="1.98661639" /><trkpt lat="48.7964579803" lon="1.9866161269" /><trkpt lat="48.7964577431" lon="1.9866158713" /><trkpt lat="48.7964575088" lon="1.9866156109" /><trkpt lat="48.7964572741" lon="1.9866153496" /><trkpt lat="48.7964570399" lon="1.986615089" /><trkpt lat="48.7964568054" lon="1.9866148264" /><trkpt lat="48.7964565733" lon="1.986614562" /><trkpt lat="48.7964563346" lon="1.9866143044" /><trkpt lat="48.7964561002" lon="1.9866140408" /><trkpt lat="48.7964558682" lon="1.986613776" /><trkpt lat="48.7964556297" lon="1.9866135118" /><trkpt lat="48.7964553954" lon="1.9866132482" /><trkpt lat="48.7964551623" lon="1.9866129801" /><trkpt lat="48.7964549228" lon="1.9866127173" /><trkpt lat="48.7964546875" lon="1.9866124547" /><trkpt lat="48.7964544515" lon="1.9866121907" /><trkpt lat="48.796454216" lon="1.9866119273" /><trkpt lat="48.79645398" lon="1.9866116633" /><trkpt lat="48.7964537455" lon="1.9866113979" /><trkpt lat="48.7964535072" lon="1.9866111357" /><trkpt lat="48.7964532704" lon="1.9866108729" /><trkpt lat="48.7964530334" lon="1.9866106086" /><trkpt lat="48.7964527969" lon="1.9866103459" /><trkpt lat="48.7964525593" lon="1.9866100815" /><trkpt lat="48.796452324" lon="1.9866098163" /><trkpt lat="48.7964520857" lon="1.9866095521" /><trkpt lat="48.7964518478" lon="1.9866092871" /><trkpt lat="48.7964516112" lon="1.9866090231" /><trkpt lat="48.7964513735" lon="1.9866087585" /><trkpt lat="48.7964511357" lon="1.9866084916" /><trkpt lat="48.7964508985" lon="1.9866082252" /><trkpt lat="48.7964506616" lon="1.98660796" /><trkpt lat="48.7964504236" lon="1.9866076926" /><trkpt lat="48.7964501881" lon="1.986607423" /><trkpt lat="48.7964499493" lon="1.9866071595" /><trkpt lat="48.7964497111" lon="1.9866068933" /><trkpt lat="48.7964494732" lon="1.9866066276" /><trkpt lat="48.7964492353" lon="1.9866063607" /><trkpt lat="48.7964489975" lon="1.9866060967" /><trkpt lat="48.7964487621" lon="1.9866058288" /><trkpt lat="48.7964485205" lon="1.9866055643" /><trkpt lat="48.7964482824" lon="1.9866052991" /><trkpt lat="48.7964480449" lon="1.9866050341" /><trkpt lat="48.7964478062" lon="1.9866047684" /><trkpt lat="48.7964475674" lon="1.986604501" /><trkpt lat="48.7964473304" lon="1.9866042372" /><trkpt lat="48.7964470924" lon="1.9866039702" /><trkpt lat="48.7964468541" lon="1.9866037035" /><trkpt lat="48.7964466172" lon="1.986603437" /><trkpt lat="48.7964463788" lon="1.9866031692" /><trkpt lat="48.7964461407" lon="1.9866029021" /><trkpt lat="48.7964459033" lon="1.9866026341" /><trkpt lat="48.7964456658" lon="1.9866023679" /><trkpt lat="48.7964454277" lon="1.9866020988" /><trkpt lat="48.7964451899" lon="1.9866018319" /><trkpt lat="48.7964449525" lon="1.9866015642" /><trkpt lat="48.7964447143" lon="1.9866012968" /><trkpt lat="48.7964444765" lon="1.9866010301" /><trkpt lat="48.796444241" lon="1.9866007597" /><trkpt lat="48.7964440006" lon="1.9866004961" /><trkpt lat="48.7964437625" lon="1.9866002288" /><trkpt lat="48.796443524" lon="1.9865999617" /><trkpt lat="48.7964432865" lon="1.9865996954" /><trkpt lat="48.7964430475" lon="1.9865994296" /><trkpt lat="48.7964428091" lon="1.9865991632" /><trkpt lat="48.7964425705" lon="1.9865988973" /><trkpt lat="48.7964423326" lon="1.9865986311" /><trkpt lat="48.7964420936" lon="1.9865983645" /><trkpt lat="48.7964418549" lon="1.9865980999" /><trkpt lat="48.7964416164" lon="1.9865978332" /><trkpt lat="48.7964413775" lon="1.9865975668" /><trkpt lat="48.7964411404" lon="1.9865973031" /><trkpt lat="48.7964409014" lon="1.9865970372" /><trkpt lat="48.7964406625" lon="1.9865967706" /><trkpt lat="48.7964404254" lon="1.986596504" /><trkpt lat="48.7964401882" lon="1.9865962391" /><trkpt lat="48.7964399508" lon="1.9865959731" /><trkpt lat="48.7964397127" lon="1.9865957051" /><trkpt lat="48.7964394756" lon="1.9865954368" /><trkpt lat="48.79643924" lon="1.986595169" /><trkpt lat="48.7964390016" lon="1.9865949059" /><trkpt lat="48.7964387643" lon="1.9865946397" /><trkpt lat="48.7964385259" lon="1.9865943723" /><trkpt lat="48.7964382892" lon="1.9865941077" /><trkpt lat="48.7964380527" lon="1.9865938433" /><trkpt lat="48.7964378149" lon="1.9865935769" /><trkpt lat="48.7964375777" lon="1.9865933114" /><trkpt lat="48.7964373405" lon="1.9865930464" /><trkpt lat="48.7964371047" lon="1.9865927816" /><trkpt lat="48.7964368678" lon="1.9865925171" /><trkpt lat="48.7964366309" lon="1.9865922526" /><trkpt lat="48.796436394" lon="1.9865919881" /><trkpt lat="48.7964361573" lon="1.9865917235" /><trkpt lat="48.7964359212" lon="1.9865914599" /><trkpt lat="48.7964356843" lon="1.9865911953" /><trkpt lat="48.7964354479" lon="1.9865909314" /><trkpt lat="48.7964352138" lon="1.9865906641" /><trkpt lat="48.796434977" lon="1.9865904011" /><trkpt lat="48.7964347402" lon="1.9865901372" /><trkpt lat="48.7964345069" lon="1.9865898695" /><trkpt lat="48.7964342694" lon="1.9865896063" /><trkpt lat="48.796434035" lon="1.9865893398" /><trkpt lat="48.7964338" lon="1.9865890767" /><trkpt lat="48.7964335653" lon="1.9865888094" /><trkpt lat="48.7964333307" lon="1.9865885433" /><trkpt lat="48.7964330981" lon="1.9865882753" /><trkpt lat="48.7964328612" lon="1.9865880125" /><trkpt lat="48.7964326263" lon="1.9865877474" /><trkpt lat="48.7964323943" lon="1.9865874779" /><trkpt lat="48.7964321579" lon="1.9865872153" /><trkpt lat="48.7964319243" lon="1.9865869476" /><trkpt lat="48.7964316935" lon="1.9865866803" /><trkpt lat="48.7964314573" lon="1.9865864154" /><trkpt lat="48.7964312254" lon="1.9865861474" /><trkpt lat="48.7964309962" lon="1.9865858788" /><trkpt lat="48.7964307634" lon="1.9865856082" /><trkpt lat="48.796430529" lon="1.9865853409" /><trkpt lat="48.7964302959" lon="1.9865850733" /><trkpt lat="48.7964300621" lon="1.9865848069" /><trkpt lat="48.7964298286" lon="1.9865845389" /><trkpt lat="48.796429595" lon="1.9865842743" /><trkpt lat="48.7964293616" lon="1.9865840075" /><trkpt lat="48.796429127" lon="1.9865837416" /><trkpt lat="48.7964288934" lon="1.9865834746" /><trkpt lat="48.796428659" lon="1.9865832111" /><trkpt lat="48.7964284243" lon="1.9865829453" /><trkpt lat="48.7964281905" lon="1.9865826826" /><trkpt lat="48.7964279564" lon="1.9865824189" /><trkpt lat="48.7964277221" lon="1.9865821539" /><trkpt lat="48.7964274887" lon="1.986581891" /><trkpt lat="48.7964272569" lon="1.9865816248" /><trkpt lat="48.7964270208" lon="1.9865813604" /><trkpt lat="48.7964267874" lon="1.9865810955" /><trkpt lat="48.796426556" lon="1.9865808296" /><trkpt lat="48.7964263206" lon="1.9865805639" /><trkpt lat="48.7964260876" lon="1.9865802993" /><trkpt lat="48.7964258562" lon="1.9865800335" /><trkpt lat="48.7964256209" lon="1.9865797694" /><trkpt lat="48.7964253875" lon="1.9865795037" /><trkpt lat="48.7964251549" lon="1.9865792389" /><trkpt lat="48.7964249211" lon="1.9865789735" /><trkpt lat="48.7964246897" lon="1.9865787059" /><trkpt lat="48.7964244573" lon="1.986578444" /><trkpt lat="48.7964242246" lon="1.9865781771" /><trkpt lat="48.7964239928" lon="1.986577915" /><trkpt lat="48.7964237605" lon="1.9865776493" /><trkpt lat="48.7964235285" lon="1.9865773848" /><trkpt lat="48.796423296" lon="1.9865771218" /><trkpt lat="48.7964230649" lon="1.9865768603" /><trkpt lat="48.796422832" lon="1.9865765986" /><trkpt lat="48.7964225993" lon="1.9865763359" /><trkpt lat="48.7964223702" lon="1.9865760728" /><trkpt lat="48.7964221371" lon="1.9865758175" /><trkpt lat="48.7964219053" lon="1.9865755558" /><trkpt lat="48.7964216752" lon="1.9865752992" /><trkpt lat="48.7964214447" lon="1.9865750362" /><trkpt lat="48.7964212137" lon="1.9865747756" /><trkpt lat="48.7964209833" lon="1.9865745166" /><trkpt lat="48.7964207545" lon="1.9865742545" /><trkpt lat="48.7964205252" lon="1.9865739959" /><trkpt lat="48.7964202973" lon="1.9865737356" /><trkpt lat="48.7964200655" lon="1.9865734769" /><trkpt lat="48.7964198359" lon="1.9865732185" /><trkpt lat="48.7964196066" lon="1.9865729608" /><trkpt lat="48.7964193773" lon="1.9865726992" /><trkpt lat="48.7964191488" lon="1.9865724418" /><trkpt lat="48.7964189206" lon="1.9865721822" /><trkpt lat="48.7964186919" lon="1.986571923" /><trkpt lat="48.7964184636" lon="1.9865716638" /><trkpt lat="48.7964182349" lon="1.9865714063" /><trkpt lat="48.7964180085" lon="1.9865711452" /><trkpt lat="48.796417779" lon="1.9865708871" /><trkpt lat="48.7964175517" lon="1.9865706263" /><trkpt lat="48.7964173257" lon="1.9865703656" /><trkpt lat="48.7964170995" lon="1.9865701047" /><trkpt lat="48.7964168717" lon="1.9865698447" /><trkpt lat="48.7964166473" lon="1.9865695838" /><trkpt lat="48.7964164214" lon="1.986569323" /><trkpt lat="48.796416195" lon="1.9865690633" /><trkpt lat="48.7964159688" lon="1.9865688062" /><trkpt lat="48.7964157438" lon="1.9865685464" /><trkpt lat="48.7964155172" lon="1.9865682894" /><trkpt lat="48.7964152914" lon="1.9865680326" /><trkpt lat="48.7964150655" lon="1.9865677772" /><trkpt lat="48.7964148392" lon="1.9865675218" /><trkpt lat="48.7964146127" lon="1.986567266" /><trkpt lat="48.796414387" lon="1.9865670111" /><trkpt lat="48.7964141615" lon="1.9865667562" /><trkpt lat="48.796413935" lon="1.9865665027" /><trkpt lat="48.7964137113" lon="1.9865662472" /><trkpt lat="48.7964134842" lon="1.9865659921" /><trkpt lat="48.7964132599" lon="1.9865657383" /><trkpt lat="48.7964130347" lon="1.9865654833" /><trkpt lat="48.7964128104" lon="1.9865652274" /><trkpt lat="48.7964125879" lon="1.9865649708" /><trkpt lat="48.7964123628" lon="1.9865647146" /><trkpt lat="48.7964121395" lon="1.9865644583" /><trkpt lat="48.7964119157" lon="1.9865642012" /><trkpt lat="48.7964116931" lon="1.9865639431" /><trkpt lat="48.7964114708" lon="1.986563686" /><trkpt lat="48.796411248" lon="1.9865634279" /><trkpt lat="48.7964110251" lon="1.9865631706" /><trkpt lat="48.7964108034" lon="1.9865629135" /><trkpt lat="48.7964105839" lon="1.9865626541" /><trkpt lat="48.7964103588" lon="1.9865623986" /><trkpt lat="48.7964101374" lon="1.9865621408" /><trkpt lat="48.7964099169" lon="1.9865618824" /><trkpt lat="48.7964096921" lon="1.9865616289" /><trkpt lat="48.7964094703" lon="1.9865613733" /><trkpt lat="48.7964092482" lon="1.9865611155" /><trkpt lat="48.7964090269" lon="1.9865608602" /><trkpt lat="48.7964088048" lon="1.9865606058" /><trkpt lat="48.7964085825" lon="1.9865603511" /><trkpt lat="48.7964083625" lon="1.9865600927" /><trkpt lat="48.796408138" lon="1.9865598403" /><trkpt lat="48.7964079161" lon="1.9865595862" /><trkpt lat="48.7964076947" lon="1.9865593336" /><trkpt lat="48.7964074718" lon="1.9865590811" /><trkpt lat="48.7964072514" lon="1.9865588268" /><trkpt lat="48.7964070305" lon="1.9865585745" /><trkpt lat="48.7964068102" lon="1.9865583215" /><trkpt lat="48.7964065895" lon="1.9865580695" /><trkpt lat="48.796406369" lon="1.9865578146" /><trkpt lat="48.7964061486" lon="1.9865575627" /><trkpt lat="48.7964059285" lon="1.98655731" /><trkpt lat="48.7964057077" lon="1.9865570574" /><trkpt lat="48.7964054867" lon="1.9865568064" /><trkpt lat="48.7964052661" lon="1.9865565549" /><trkpt lat="48.7964050458" lon="1.9865563042" /><trkpt lat="48.7964048261" lon="1.9865560518" /><trkpt lat="48.7964046067" lon="1.9865558016" /><trkpt lat="48.7964043871" lon="1.9865555506" /><trkpt lat="48.7964041674" lon="1.9865553009" /><trkpt lat="48.7964039499" lon="1.9865550503" /><trkpt lat="48.7964037299" lon="1.9865547991" /><trkpt lat="48.7964035111" lon="1.9865545478" /><trkpt lat="48.7964032933" lon="1.986554298" /><trkpt lat="48.7964030743" lon="1.9865540474" /><trkpt lat="48.7964028565" lon="1.9865537946" /><trkpt lat="48.7964026387" lon="1.9865535468" /><trkpt lat="48.7964024196" lon="1.9865532972" /><trkpt lat="48.7964022" lon="1.9865530511" /><trkpt lat="48.7964019828" lon="1.9865527998" /><trkpt lat="48.7964017662" lon="1.9865525509" /><trkpt lat="48.7964015495" lon="1.9865523005" /><trkpt lat="48.796401333" lon="1.9865520523" /><trkpt lat="48.7964011148" lon="1.9865518069" /><trkpt lat="48.796400898" lon="1.9865515591" /><trkpt lat="48.7964006818" lon="1.9865513131" /><trkpt lat="48.7964004656" lon="1.9865510648" /><trkpt lat="48.7964002481" lon="1.9865508195" /><trkpt lat="48.7964000313" lon="1.9865505731" /><trkpt lat="48.7963998147" lon="1.9865503293" /><trkpt lat="48.7963995967" lon="1.9865500853" /><trkpt lat="48.79639938" lon="1.9865498396" /><trkpt lat="48.7963991636" lon="1.9865495956" /><trkpt lat="48.7963989465" lon="1.9865493511" /><trkpt lat="48.7963987295" lon="1.9865491058" /><trkpt lat="48.7963985133" lon="1.9865488593" /><trkpt lat="48.7963982971" lon="1.9865486145" /><trkpt lat="48.7963980833" lon="1.9865483663" /><trkpt lat="48.7963978674" lon="1.9865481205" /><trkpt lat="48.7963976524" lon="1.9865478726" /><trkpt lat="48.7963974381" lon="1.9865476258" /><trkpt lat="48.7963972242" lon="1.9865473782" /><trkpt lat="48.7963970105" lon="1.9865471295" /><trkpt lat="48.7963967988" lon="1.9865468815" /><trkpt lat="48.7963965841" lon="1.9865466343" /><trkpt lat="48.7963963705" lon="1.9865463898" /><trkpt lat="48.796396159" lon="1.9865461437" /><trkpt lat="48.7963959438" lon="1.9865458995" /><trkpt lat="48.7963957308" lon="1.986545655" /><trkpt lat="48.7963955175" lon="1.986545412" /><trkpt lat="48.7963953042" lon="1.9865451697" /><trkpt lat="48.7963950904" lon="1.9865449268" /><trkpt lat="48.7963948776" lon="1.9865446863" /><trkpt lat="48.796394665" lon="1.986544445" /><trkpt lat="48.7963944512" lon="1.9865442061" /><trkpt lat="48.7963942401" lon="1.9865439645" /><trkpt lat="48.7963940267" lon="1.9865437256" /><trkpt lat="48.7963938148" lon="1.986543485" /><trkpt lat="48.7963936041" lon="1.986543243" /><trkpt lat="48.7963933912" lon="1.9865430047" /><trkpt lat="48.7963931799" lon="1.9865427641" /><trkpt lat="48.7963929691" lon="1.9865425237" /><trkpt lat="48.7963927584" lon="1.9865422834" /><trkpt lat="48.7963925474" lon="1.9865420426" /><trkpt lat="48.7963923374" lon="1.9865418028" /><trkpt lat="48.7963921272" lon="1.9865415625" /><trkpt lat="48.7963919167" lon="1.9865413222" /><trkpt lat="48.7963917065" lon="1.9865410827" /><trkpt lat="48.7963914963" lon="1.9865408429" /><trkpt lat="48.796391286" lon="1.9865406035" /><trkpt lat="48.7963910765" lon="1.9865403638" /><trkpt lat="48.7963908668" lon="1.9865401247" /><trkpt lat="48.796390657" lon="1.9865398848" /><trkpt lat="48.7963904479" lon="1.9865396455" /><trkpt lat="48.7963902395" lon="1.9865394064" /><trkpt lat="48.7963900302" lon="1.9865391676" /><trkpt lat="48.7963898215" lon="1.9865389274" /><trkpt lat="48.7963896139" lon="1.9865386871" /><trkpt lat="48.7963894045" lon="1.9865384493" /><trkpt lat="48.7963891955" lon="1.9865382103" /><trkpt lat="48.7963889874" lon="1.9865379722" /><trkpt lat="48.7963887795" lon="1.9865377326" /><trkpt lat="48.796388571" lon="1.9865374949" /><trkpt lat="48.7963883626" lon="1.9865372566" /><trkpt lat="48.7963881545" lon="1.9865370187" /><trkpt lat="48.7963879475" lon="1.9865367798" /><trkpt lat="48.7963877381" lon="1.9865365445" /><trkpt lat="48.7963875295" lon="1.9865363091" /><trkpt lat="48.7963873209" lon="1.9865360723" /><trkpt lat="48.7963871128" lon="1.9865358365" /><trkpt lat="48.7963869041" lon="1.9865356007" /><trkpt lat="48.7963866968" lon="1.9865353631" /><trkpt lat="48.7963864882" lon="1.9865351264" /><trkpt lat="48.7963862801" lon="1.9865348904" /><trkpt lat="48.7963860727" lon="1.9865346528" /><trkpt lat="48.796385864" lon="1.9865344179" /><trkpt lat="48.796385656" lon="1.9865341808" /><trkpt lat="48.7963854482" lon="1.9865339449" /><trkpt lat="48.7963852402" lon="1.9865337086" /><trkpt lat="48.7963850329" lon="1.9865334722" /><trkpt lat="48.796384825" lon="1.9865332362" /><trkpt lat="48.7963846185" lon="1.9865330002" /><trkpt lat="48.7963844111" lon="1.986532764" /><trkpt lat="48.7963842046" lon="1.9865325267" /><trkpt lat="48.7963839979" lon="1.9865322916" /><trkpt lat="48.7963837911" lon="1.9865320549" /><trkpt lat="48.7963835846" lon="1.9865318194" /><trkpt lat="48.7963833786" lon="1.9865315829" /><trkpt lat="48.7963831728" lon="1.9865313474" /><trkpt lat="48.7963829682" lon="1.9865311104" /><trkpt lat="48.7963827613" lon="1.9865308744" /><trkpt lat="48.7963825557" lon="1.986530638" /><trkpt lat="48.7963823502" lon="1.986530401" /><trkpt lat="48.7963821451" lon="1.9865301653" /><trkpt lat="48.7963819403" lon="1.9865299285" /><trkpt lat="48.7963817351" lon="1.9865296921" /><trkpt lat="48.7963815306" lon="1.9865294562" /><trkpt lat="48.7963813259" lon="1.9865292189" /><trkpt lat="48.7963811221" lon="1.9865289824" /><trkpt lat="48.7963809179" lon="1.9865287447" /><trkpt lat="48.7963807141" lon="1.9865285085" /><trkpt lat="48.7963805101" lon="1.9865282723" /><trkpt lat="48.7963803063" lon="1.9865280354" /><trkpt lat="48.796380102" lon="1.9865278012" /><trkpt lat="48.796379898" lon="1.9865275655" /><trkpt lat="48.7963796938" lon="1.9865273317" /><trkpt lat="48.7963794897" lon="1.9865270961" /><trkpt lat="48.7963792863" lon="1.9865268636" /><trkpt lat="48.796379082" lon="1.9865266292" /><trkpt lat="48.7963788786" lon="1.9865263964" /><trkpt lat="48.7963786746" lon="1.9865261621" /><trkpt lat="48.796378471" lon="1.9865259291" /><trkpt lat="48.7963782677" lon="1.9865256962" /><trkpt lat="48.796378064" lon="1.9865254619" /><trkpt lat="48.7963778612" lon="1.9865252287" /><trkpt lat="48.7963776582" lon="1.9865249953" /><trkpt lat="48.7963774556" lon="1.9865247626" /><trkpt lat="48.7963772538" lon="1.9865245294" /><trkpt lat="48.7963770503" lon="1.986524296" /><trkpt lat="48.7963768478" lon="1.9865240637" /><trkpt lat="48.7963766455" lon="1.9865238312" /><trkpt lat="48.7963764436" lon="1.9865236001" /><trkpt lat="48.7963762415" lon="1.9865233685" /><trkpt lat="48.7963760389" lon="1.9865231377" /><trkpt lat="48.7963758371" lon="1.9865229078" /><trkpt lat="48.7963756351" lon="1.9865226789" /><trkpt lat="48.7963754339" lon="1.9865224489" /><trkpt lat="48.7963752319" lon="1.9865222205" /><trkpt lat="48.7963750295" lon="1.9865219919" /><trkpt lat="48.7963748276" lon="1.9865217644" /><trkpt lat="48.7963746257" lon="1.9865215364" /><trkpt lat="48.7963744242" lon="1.9865213097" /><trkpt lat="48.7963742232" lon="1.986521083" /><trkpt lat="48.796374021" lon="1.9865208556" /><trkpt lat="48.7963738197" lon="1.9865206297" /><trkpt lat="48.7963736181" lon="1.9865204036" /><trkpt lat="48.7963734166" lon="1.9865201774" /><trkpt lat="48.7963732157" lon="1.9865199515" /><trkpt lat="48.7963730152" lon="1.9865197264" /><trkpt lat="48.7963728141" lon="1.9865195003" /><trkpt lat="48.7963726138" lon="1.9865192758" /><trkpt lat="48.7963724133" lon="1.9865190494" /><trkpt lat="48.7963722133" lon="1.9865188241" /><trkpt lat="48.7963720132" lon="1.9865185975" /><trkpt lat="48.7963718138" lon="1.9865183725" /><trkpt lat="48.7963716138" lon="1.9865181481" /><trkpt lat="48.7963714152" lon="1.9865179206" /><trkpt lat="48.7963712152" lon="1.9865176966" /><trkpt lat="48.7963710166" lon="1.9865174715" /><trkpt lat="48.796370818" lon="1.9865172473" /><trkpt lat="48.7963706189" lon="1.9865170234" /><trkpt lat="48.7963704202" lon="1.9865168002" /><trkpt lat="48.7963702209" lon="1.9865165784" /><trkpt lat="48.7963700221" lon="1.9865163562" /><trkpt lat="48.7963698233" lon="1.9865161347" /><trkpt lat="48.7963696245" lon="1.9865159148" /><trkpt lat="48.7963694254" lon="1.9865156948" /><trkpt lat="48.7963692265" lon="1.986515475" /><trkpt lat="48.7963690285" lon="1.9865152566" /><trkpt lat="48.7963688295" lon="1.9865150376" /><trkpt lat="48.796368631" lon="1.9865148193" /><trkpt lat="48.7963684333" lon="1.9865146024" /><trkpt lat="48.7963682349" lon="1.9865143838" /><trkpt lat="48.796368037" lon="1.9865141662" /><trkpt lat="48.7963678389" lon="1.9865139491" /><trkpt lat="48.7963676419" lon="1.9865137313" /><trkpt lat="48.7963674438" lon="1.9865135154" /><trkpt lat="48.7963672469" lon="1.9865132978" /><trkpt lat="48.7963670487" lon="1.9865130818" /><trkpt lat="48.7963668507" lon="1.9865128652" /><trkpt lat="48.7963666512" lon="1.9865126506" /><trkpt lat="48.7963664511" lon="1.9865124355" /><trkpt lat="48.7963662505" lon="1.9865122215" /><trkpt lat="48.7963660503" lon="1.9865120086" /><trkpt lat="48.79636585" lon="1.9865117954" /><trkpt lat="48.7963656514" lon="1.9865115827" /><trkpt lat="48.7963654489" lon="1.9865113691" /><trkpt lat="48.7963652486" lon="1.9865111575" /><trkpt lat="48.7963650484" lon="1.9865109458" /><trkpt lat="48.7963648478" lon="1.9865107334" /><trkpt lat="48.7963646479" lon="1.9865105221" /><trkpt lat="48.7963644492" lon="1.9865103102" /><trkpt lat="48.7963642475" lon="1.9865100992" /><trkpt lat="48.7963640479" lon="1.9865098879" /><trkpt lat="48.7963638483" lon="1.9865096772" /><trkpt lat="48.7963636475" lon="1.9865094662" /><trkpt lat="48.7963634486" lon="1.9865092562" /><trkpt lat="48.7963632476" lon="1.9865090472" /><trkpt lat="48.7963630469" lon="1.9865088379" /><trkpt lat="48.7963628478" lon="1.9865086287" /><trkpt lat="48.7963626461" lon="1.9865084225" /><trkpt lat="48.7963624452" lon="1.9865082148" /><trkpt lat="48.7963622459" lon="1.9865080075" /><trkpt lat="48.796362044" lon="1.9865078011" /><trkpt lat="48.7963618433" lon="1.9865075954" /><trkpt lat="48.7963616427" lon="1.9865073893" /><trkpt lat="48.7963614439" lon="1.986507183" /><trkpt lat="48.796361243" lon="1.9865069767" /><trkpt lat="48.7963610441" lon="1.9865067718" /><trkpt lat="48.7963608439" lon="1.9865065665" /><trkpt lat="48.796360644" lon="1.9865063609" /><trkpt lat="48.7963604449" lon="1.9865061566" /><trkpt lat="48.7963602471" lon="1.9865059519" /><trkpt lat="48.7963600469" lon="1.986505749" /><trkpt lat="48.7963598477" lon="1.9865055467" /><trkpt lat="48.79635965" lon="1.9865053446" /><trkpt lat="48.7963594495" lon="1.9865051453" /><trkpt lat="48.7963592518" lon="1.9865049463" /><trkpt lat="48.7963590511" lon="1.986504749" /><trkpt lat="48.796358852" lon="1.9865045527" /><trkpt lat="48.7963586531" lon="1.986504358" /><trkpt lat="48.7963584541" lon="1.9865041637" /><trkpt lat="48.7963582547" lon="1.9865039703" /><trkpt lat="48.7963580564" lon="1.9865037783" /><trkpt lat="48.796357858" lon="1.9865035869" /><trkpt lat="48.7963576584" lon="1.9865033962" /><trkpt lat="48.7963574613" lon="1.986503206" /><trkpt lat="48.7963572626" lon="1.9865030172" /><trkpt lat="48.7963570643" lon="1.986502828" /><trkpt lat="48.796356866" lon="1.98650264" /><trkpt lat="48.7963566681" lon="1.9865024527" /><trkpt lat="48.7963564694" lon="1.9865022661" /><trkpt lat="48.7963562716" lon="1.9865020801" /><trkpt lat="48.7963560734" lon="1.9865018953" /><trkpt lat="48.7963558749" lon="1.9865017109" /><trkpt lat="48.7963556768" lon="1.9865015278" /><trkpt lat="48.7963554798" lon="1.986501346" /><trkpt lat="48.7963552794" lon="1.9865011659" /><trkpt lat="48.7963550811" lon="1.9865009867" /><trkpt lat="48.7963548823" lon="1.9865008087" /><trkpt lat="48.7963546831" lon="1.986500632" /><trkpt lat="48.7963544837" lon="1.9865004563" /><trkpt lat="48.7963542848" lon="1.9865002828" /><trkpt lat="48.7963540853" lon="1.9865001097" /><trkpt lat="48.796353886" lon="1.9864999381" /><trkpt lat="48.7963536866" lon="1.9864997673" /><trkpt lat="48.7963534871" lon="1.9864995975" /><trkpt lat="48.7963532877" lon="1.9864994286" /><trkpt lat="48.7963530877" lon="1.9864992604" /><trkpt lat="48.7963528884" lon="1.9864990936" /><trkpt lat="48.7963526892" lon="1.9864989279" /><trkpt lat="48.7963524913" lon="1.986498763" /><trkpt lat="48.79635229" lon="1.9864985987" /><trkpt lat="48.7963520912" lon="1.986498436" /><trkpt lat="48.7963518934" lon="1.9864982741" /><trkpt lat="48.7963516925" lon="1.9864981126" /><trkpt lat="48.7963514937" lon="1.986497953" /><trkpt lat="48.7963512951" lon="1.9864977946" /><trkpt lat="48.7963510962" lon="1.986497637" /><trkpt lat="48.7963508974" lon="1.9864974811" /><trkpt lat="48.7963506991" lon="1.9864973271" /><trkpt lat="48.7963505002" lon="1.9864971746" /><trkpt lat="48.7963503015" lon="1.9864970231" /><trkpt lat="48.7963501031" lon="1.9864968736" /><trkpt lat="48.7963499046" lon="1.9864967251" /><trkpt lat="48.7963497059" lon="1.9864965783" /><trkpt lat="48.7963495087" lon="1.9864964327" /><trkpt lat="48.7963493088" lon="1.9864962885" /><trkpt lat="48.7963491099" lon="1.9864961462" /><trkpt lat="48.7963489117" lon="1.9864960046" /><trkpt lat="48.7963487131" lon="1.9864958652" /><trkpt lat="48.7963485143" lon="1.9864957263" /><trkpt lat="48.7963483155" lon="1.9864955893" /><trkpt lat="48.7963481171" lon="1.9864954532" /><trkpt lat="48.7963479187" lon="1.9864953186" /><trkpt lat="48.7963477203" lon="1.9864951845" /><trkpt lat="48.7963475219" lon="1.986495052" /><trkpt lat="48.7963473234" lon="1.9864949203" /><trkpt lat="48.7963471264" lon="1.9864947897" /><trkpt lat="48.7963469274" lon="1.9864946605" /><trkpt lat="48.7963467307" lon="1.9864945318" /><trkpt lat="48.7963465351" lon="1.9864944031" /><trkpt lat="48.7963463399" lon="1.9864942774" /><trkpt lat="48.7963461441" lon="1.9864941459" /><trkpt lat="48.7963459483" lon="1.9864940156" /><trkpt lat="48.7963457533" lon="1.9864938874" /><trkpt lat="48.7963455571" lon="1.9864937601" /><trkpt lat="48.7963453609" lon="1.9864936339" /><trkpt lat="48.7963451646" lon="1.9864935116" /><trkpt lat="48.7963449685" lon="1.9864933855" /><trkpt lat="48.7963447714" lon="1.986493264" /><trkpt lat="48.7963445746" lon="1.9864931455" /><trkpt lat="48.796344378" lon="1.9864930256" /><trkpt lat="48.7963441805" lon="1.9864929075" /><trkpt lat="48.7963439834" lon="1.9864927911" /><trkpt lat="48.7963437864" lon="1.9864926767" /><trkpt lat="48.7963435885" lon="1.9864925632" /><trkpt lat="48.7963433912" lon="1.9864924523" /><trkpt lat="48.7963431937" lon="1.9864923413" /><trkpt lat="48.7963429963" lon="1.9864922316" /><trkpt lat="48.7963427991" lon="1.9864921239" /><trkpt lat="48.7963426018" lon="1.9864920159" /><trkpt lat="48.7963424048" lon="1.9864919102" /><trkpt lat="48.7963422081" lon="1.9864918049" /><trkpt lat="48.796342011" lon="1.9864917002" /><trkpt lat="48.7963418149" lon="1.9864915977" /><trkpt lat="48.7963416188" lon="1.9864914957" /><trkpt lat="48.7963414227" lon="1.9864913941" /><trkpt lat="48.7963412268" lon="1.9864912945" /><trkpt lat="48.7963410317" lon="1.9864911949" /><trkpt lat="48.7963408357" lon="1.9864910972" /><trkpt lat="48.7963406404" lon="1.9864910002" /><trkpt lat="48.796340446" lon="1.9864909039" /><trkpt lat="48.7963402513" lon="1.9864908095" /><trkpt lat="48.7963400555" lon="1.9864907142" /><trkpt lat="48.7963398616" lon="1.9864906216" /><trkpt lat="48.7963396677" lon="1.9864905301" /><trkpt lat="48.796339473" lon="1.9864904409" /><trkpt lat="48.7963392787" lon="1.9864903498" /><trkpt lat="48.7963390849" lon="1.9864902621" /><trkpt lat="48.7963388907" lon="1.986490176" /><trkpt lat="48.7963386963" lon="1.9864900913" /><trkpt lat="48.7963385031" lon="1.9864900082" /><trkpt lat="48.7963383098" lon="1.9864899287" /><trkpt lat="48.7963381159" lon="1.9864898462" /><trkpt lat="48.7963379222" lon="1.9864897685" /><trkpt lat="48.7963377291" lon="1.9864896928" /><trkpt lat="48.796337535" lon="1.9864896158" /><trkpt lat="48.7963373413" lon="1.986489543" /><trkpt lat="48.7963371484" lon="1.9864894713" /><trkpt lat="48.7963369554" lon="1.9864894004" /><trkpt lat="48.7963367616" lon="1.986489332" /><trkpt lat="48.7963365686" lon="1.9864892642" /><trkpt lat="48.7963363761" lon="1.9864891979" /><trkpt lat="48.7963361831" lon="1.9864891324" /><trkpt lat="48.7963359902" lon="1.9864890706" /><trkpt lat="48.7963357985" lon="1.9864890055" /><trkpt lat="48.7963356059" lon="1.986488943" /><trkpt lat="48.796335414" lon="1.9864888809" /><trkpt lat="48.7963352227" lon="1.9864888209" /><trkpt lat="48.7963350308" lon="1.9864887606" /><trkpt lat="48.7963348393" lon="1.9864887025" /><trkpt lat="48.7963346476" lon="1.9864886453" /><trkpt lat="48.7963344562" lon="1.9864885889" /><trkpt lat="48.7963342646" lon="1.9864885343" /><trkpt lat="48.7963340735" lon="1.9864884801" /><trkpt lat="48.7963338821" lon="1.9864884288" /><trkpt lat="48.796333691" lon="1.9864883781" /><trkpt lat="48.7963334996" lon="1.9864883279" /><trkpt lat="48.7963333078" lon="1.9864882796" /><trkpt lat="48.7963331172" lon="1.9864882321" /><trkpt lat="48.796332926" lon="1.9864881863" /><trkpt lat="48.7963327351" lon="1.9864881409" /><trkpt lat="48.7963325443" lon="1.9864880972" /><trkpt lat="48.7963323536" lon="1.9864880536" /><trkpt lat="48.796332163" lon="1.9864880113" /><trkpt lat="48.7963319729" lon="1.9864879694" /><trkpt lat="48.7963317824" lon="1.9864879288" /><trkpt lat="48.7963315923" lon="1.9864878886" /><trkpt lat="48.796331403" lon="1.9864878503" /><trkpt lat="48.7963312131" lon="1.9864878143" /><trkpt lat="48.7963310225" lon="1.9864877734" /><trkpt lat="48.7963308327" lon="1.9864877376" /><trkpt lat="48.7963306427" lon="1.9864877017" /><trkpt lat="48.7963304538" lon="1.9864876699" /><trkpt lat="48.7963302644" lon="1.9864876375" /><trkpt lat="48.7963300747" lon="1.9864876081" /><trkpt lat="48.7963298864" lon="1.9864875774" /><trkpt lat="48.7963296974" lon="1.9864875479" /><trkpt lat="48.7963295078" lon="1.9864875194" /><trkpt lat="48.7963293197" lon="1.9864874934" /><trkpt lat="48.796329131" lon="1.9864874694" /><trkpt lat="48.7963289424" lon="1.9864874473" /><trkpt lat="48.7963287539" lon="1.9864874287" /><trkpt lat="48.7963285662" lon="1.9864874046" /><trkpt lat="48.7963283775" lon="1.9864873864" /><trkpt lat="48.79632819" lon="1.9864873681" /><trkpt lat="48.7963280027" lon="1.986487351" /><trkpt lat="48.7963278152" lon="1.9864873384" /><trkpt lat="48.7963276271" lon="1.9864873208" /><trkpt lat="48.7963274406" lon="1.9864873072" /><trkpt lat="48.7963272541" lon="1.986487297" /><trkpt lat="48.7963270659" lon="1.9864872824" /><trkpt lat="48.7963268775" lon="1.9864872716" /><trkpt lat="48.7963266888" lon="1.9864872627" /><trkpt lat="48.7963265016" lon="1.9864872555" /><trkpt lat="48.7963263135" lon="1.9864872484" /><trkpt lat="48.7963261267" lon="1.986487242" /><trkpt lat="48.7963259393" lon="1.9864872377" /><trkpt lat="48.7963257533" lon="1.9864872348" /><trkpt lat="48.7963255667" lon="1.9864872305" /><trkpt lat="48.7963253807" lon="1.9864872288" /><trkpt lat="48.7963251942" lon="1.9864872274" /><trkpt lat="48.7963250087" lon="1.9864872276" /><trkpt lat="48.7963248237" lon="1.9864872285" /><trkpt lat="48.7963246388" lon="1.9864872297" /><trkpt lat="48.7963244548" lon="1.9864872337" /><trkpt lat="48.7963242693" lon="1.9864872353" /><trkpt lat="48.7963240855" lon="1.9864872396" /><trkpt lat="48.7963239022" lon="1.9864872451" /><trkpt lat="48.7963237175" lon="1.9864872491" /><trkpt lat="48.796323534" lon="1.9864872557" /><trkpt lat="48.796323351" lon="1.9864872629" /><trkpt lat="48.7963231685" lon="1.9864872707" /><trkpt lat="48.7963229855" lon="1.9864872797" /><trkpt lat="48.7963228027" lon="1.9864872892" /><trkpt lat="48.7963226216" lon="1.9864873017" /><trkpt lat="48.7963224397" lon="1.9864873121" /><trkpt lat="48.7963222578" lon="1.9864873243" /><trkpt lat="48.7963220772" lon="1.9864873377" /><trkpt lat="48.7963218972" lon="1.9864873532" /><trkpt lat="48.7963217174" lon="1.986487369" /><trkpt lat="48.7963215377" lon="1.9864873867" /><trkpt lat="48.7963213585" lon="1.9864874053" /><trkpt lat="48.7963211795" lon="1.9864874252" /><trkpt lat="48.7963210011" lon="1.9864874459" /><trkpt lat="48.7963208231" lon="1.9864874679" /><trkpt lat="48.7963206451" lon="1.9864874909" /><trkpt lat="48.7963204675" lon="1.9864875153" /><trkpt lat="48.7963202907" lon="1.986487541" /><trkpt lat="48.7963201138" lon="1.9864875672" /><trkpt lat="48.7963199373" lon="1.9864875945" /><trkpt lat="48.796319761" lon="1.9864876236" /><trkpt lat="48.7963195863" lon="1.9864876547" /><trkpt lat="48.79631941" lon="1.9864876831" /><trkpt lat="48.7963192345" lon="1.9864877146" /><trkpt lat="48.7963190592" lon="1.9864877469" /><trkpt lat="48.7963188852" lon="1.9864877801" /><trkpt lat="48.7963187105" lon="1.9864878133" /><trkpt lat="48.7963185365" lon="1.9864878492" /><trkpt lat="48.7963183632" lon="1.9864878849" /><trkpt lat="48.7963181903" lon="1.9864879214" /><trkpt lat="48.7963180171" lon="1.9864879589" /><trkpt lat="48.7963178444" lon="1.9864879967" /><trkpt lat="48.7963176721" lon="1.9864880354" /><trkpt lat="48.7963175" lon="1.9864880744" /><trkpt lat="48.7963173277" lon="1.9864881137" /><trkpt lat="48.7963171565" lon="1.9864881538" /><trkpt lat="48.796316985" lon="1.986488195" /><trkpt lat="48.7963168135" lon="1.986488236" /><trkpt lat="48.7963166424" lon="1.9864882784" /><trkpt lat="48.7963164728" lon="1.9864883224" /><trkpt lat="48.796316301" lon="1.9864883637" /><trkpt lat="48.7963161306" lon="1.9864884082" /><trkpt lat="48.796315961" lon="1.986488453" /><trkpt lat="48.7963157904" lon="1.9864884986" /><trkpt lat="48.7963156209" lon="1.9864885452" /><trkpt lat="48.7963154525" lon="1.9864885926" /><trkpt lat="48.7963152831" lon="1.986488642" /><trkpt lat="48.7963151137" lon="1.9864886907" /><trkpt lat="48.7963149464" lon="1.9864887397" /><trkpt lat="48.7963147778" lon="1.9864887902" /><trkpt lat="48.7963146094" lon="1.9864888432" /><trkpt lat="48.7963144427" lon="1.9864888957" /><trkpt lat="48.7963142755" lon="1.9864889486" /><trkpt lat="48.7963141086" lon="1.9864890037" /><trkpt lat="48.7963139428" lon="1.9864890606" /><trkpt lat="48.7963137761" lon="1.9864891146" /><trkpt lat="48.7963136107" lon="1.9864891721" /><trkpt lat="48.7963134447" lon="1.9864892295" /><trkpt lat="48.7963132796" lon="1.9864892872" /><trkpt lat="48.7963131158" lon="1.9864893467" /><trkpt lat="48.7963129506" lon="1.9864894053" /><trkpt lat="48.7963127872" lon="1.9864894665" /><trkpt lat="48.7963126237" lon="1.9864895264" /><trkpt lat="48.7963124604" lon="1.9864895873" /><trkpt lat="48.7963122972" lon="1.9864896493" /><trkpt lat="48.7963121348" lon="1.9864897103" /><trkpt lat="48.7963119732" lon="1.986489773" /><trkpt lat="48.7963118104" lon="1.9864898356" /><trkpt lat="48.7963116501" lon="1.9864899002" /><trkpt lat="48.7963114881" lon="1.9864899622" /><trkpt lat="48.7963113266" lon="1.9864900262" /><trkpt lat="48.7963111659" lon="1.9864900923" /><trkpt lat="48.7963110065" lon="1.9864901604" /><trkpt lat="48.796310846" lon="1.9864902262" /><trkpt lat="48.7963106859" lon="1.9864902941" /><trkpt lat="48.7963105268" lon="1.9864903632" /><trkpt lat="48.7963103684" lon="1.986490435" /><trkpt lat="48.7963102087" lon="1.9864905045" /><trkpt lat="48.7963100508" lon="1.9864905784" /><trkpt lat="48.7963098917" lon="1.9864906499" /><trkpt lat="48.7963097326" lon="1.9864907244" /><trkpt lat="48.7963095737" lon="1.9864908011" /><trkpt lat="48.7963094158" lon="1.9864908798" /><trkpt lat="48.7963092562" lon="1.9864909559" /><trkpt lat="48.796309098" lon="1.9864910353" /><trkpt lat="48.7963089389" lon="1.9864911146" /><trkpt lat="48.7963087807" lon="1.9864911955" /><trkpt lat="48.7963086217" lon="1.9864912762" /><trkpt lat="48.7963084627" lon="1.9864913586" /><trkpt lat="48.7963083036" lon="1.9864914411" /><trkpt lat="48.7963081442" lon="1.9864915246" /><trkpt lat="48.7963079857" lon="1.9864916099" /><trkpt lat="48.7963078248" lon="1.9864916936" /><trkpt lat="48.796307665" lon="1.9864917783" /><trkpt lat="48.7963075069" lon="1.9864918661" /><trkpt lat="48.7963073452" lon="1.9864919518" /><trkpt lat="48.796307185" lon="1.98649204" /><trkpt lat="48.7963070253" lon="1.9864921288" /><trkpt lat="48.7963068648" lon="1.9864922173" /><trkpt lat="48.7963067041" lon="1.9864923067" /><trkpt lat="48.796306544" lon="1.9864923987" /><trkpt lat="48.7963063825" lon="1.9864924891" /><trkpt lat="48.7963062217" lon="1.9864925819" /><trkpt lat="48.7963060611" lon="1.986492676" /><trkpt lat="48.7963058997" lon="1.98649277" /><trkpt lat="48.796305739" lon="1.9864928646" /><trkpt lat="48.7963055785" lon="1.9864929618" /><trkpt lat="48.7963054169" lon="1.9864930588" /><trkpt lat="48.7963052572" lon="1.9864931571" /><trkpt lat="48.7963050968" lon="1.9864932553" /><trkpt lat="48.7963049363" lon="1.9864933554" /><trkpt lat="48.7963047761" lon="1.9864934562" /><trkpt lat="48.7963046164" lon="1.9864935569" /><trkpt lat="48.7963044559" lon="1.9864936598" /><trkpt lat="48.7963042948" lon="1.9864937619" /><trkpt lat="48.7963041354" lon="1.9864938667" /><trkpt lat="48.7963039747" lon="1.9864939717" /><trkpt lat="48.7963038143" lon="1.9864940771" /><trkpt lat="48.7963036535" lon="1.9864941831" /><trkpt lat="48.7963034934" lon="1.9864942902" /><trkpt lat="48.7963033316" lon="1.9864943958" /><trkpt lat="48.7963031697" lon="1.9864945037" /><trkpt lat="48.7963030082" lon="1.9864946124" /><trkpt lat="48.7963028468" lon="1.9864947215" /><trkpt lat="48.7963026855" lon="1.986494832" /><trkpt lat="48.7963025243" lon="1.986494943" /><trkpt lat="48.7963023631" lon="1.9864950549" /><trkpt lat="48.7963022018" lon="1.9864951693" /><trkpt lat="48.7963020409" lon="1.9864952841" /><trkpt lat="48.7963018805" lon="1.9864954008" /><trkpt lat="48.7963017197" lon="1.9864955185" /><trkpt lat="48.7963015591" lon="1.9864956375" /><trkpt lat="48.7963013996" lon="1.9864957572" /><trkpt lat="48.7963012392" lon="1.986495878" /><trkpt lat="48.7963010793" lon="1.9864959994" /><trkpt lat="48.7963009202" lon="1.9864961225" /><trkpt lat="48.79630076" lon="1.9864962463" /><trkpt lat="48.7963006013" lon="1.9864963709" /><trkpt lat="48.7963004417" lon="1.9864964954" /><trkpt lat="48.796300282" lon="1.9864966215" /><trkpt lat="48.7963001245" lon="1.9864967499" /><trkpt lat="48.796299965" lon="1.9864968754" /><trkpt lat="48.7962998065" lon="1.9864970044" /><trkpt lat="48.7962996477" lon="1.9864971351" /><trkpt lat="48.7962994912" lon="1.9864972651" /><trkpt lat="48.7962993339" lon="1.9864973971" /><trkpt lat="48.7962991769" lon="1.9864975305" /><trkpt lat="48.7962990212" lon="1.986497665" /><trkpt lat="48.7962988647" lon="1.9864978013" /><trkpt lat="48.7962987101" lon="1.9864979391" /><trkpt lat="48.7962985542" lon="1.9864980752" /><trkpt lat="48.7962983994" lon="1.9864982139" /><trkpt lat="48.7962982443" lon="1.986498353" /><trkpt lat="48.7962980898" lon="1.9864984914" /><trkpt lat="48.7962979363" lon="1.9864986311" /><trkpt lat="48.79629778" lon="1.9864987702" /><trkpt lat="48.796297625" lon="1.9864989094" /><trkpt lat="48.7962974714" lon="1.9864990506" /><trkpt lat="48.7962973154" lon="1.9864991909" /><trkpt lat="48.7962971607" lon="1.9864993334" /><trkpt lat="48.7962970056" lon="1.9864994756" /><trkpt lat="48.7962968514" lon="1.9864996201" /><trkpt lat="48.7962966974" lon="1.9864997653" /><trkpt lat="48.7962965432" lon="1.9864999117" /><trkpt lat="48.7962963899" lon="1.9865000602" /><trkpt lat="48.7962962367" lon="1.9865002096" /><trkpt lat="48.7962960844" lon="1.9865003612" /><trkpt lat="48.796295932" lon="1.9865005149" /><trkpt lat="48.7962957806" lon="1.9865006706" /><trkpt lat="48.7962956299" lon="1.9865008275" /><trkpt lat="48.7962954805" lon="1.9865009878" /><trkpt lat="48.7962953295" lon="1.9865011475" /><trkpt lat="48.7962951796" lon="1.9865013093" /><trkpt lat="48.7962950296" lon="1.9865014732" /><trkpt lat="48.7962948807" lon="1.9865016369" /><trkpt lat="48.7962947315" lon="1.9865018025" /><trkpt lat="48.7962945814" lon="1.9865019686" /><trkpt lat="48.7962944318" lon="1.9865021353" /><trkpt lat="48.7962942809" lon="1.9865023034" /><trkpt lat="48.7962941286" lon="1.986502474" /><trkpt lat="48.7962939758" lon="1.9865026442" /><trkpt lat="48.7962938231" lon="1.9865028143" /><trkpt lat="48.7962936701" lon="1.9865029849" /><trkpt lat="48.796293517" lon="1.986503155" /><trkpt lat="48.7962933634" lon="1.9865033263" /><trkpt lat="48.796293211" lon="1.9865034967" /><trkpt lat="48.7962930559" lon="1.9865036682" /><trkpt lat="48.796292903" lon="1.9865038394" /><trkpt lat="48.7962927474" lon="1.9865040132" /><trkpt lat="48.7962925934" lon="1.9865041865" /><trkpt lat="48.7962924396" lon="1.9865043615" /><trkpt lat="48.7962922857" lon="1.9865045379" /><trkpt lat="48.7962921327" lon="1.9865047143" /><trkpt lat="48.7962919792" lon="1.9865048939" /><trkpt lat="48.7962918271" lon="1.9865050737" /><trkpt lat="48.7962916749" lon="1.9865052555" /><trkpt lat="48.7962915233" lon="1.9865054389" /><trkpt lat="48.7962913718" lon="1.9865056239" /><trkpt lat="48.7962912207" lon="1.9865058096" /><trkpt lat="48.7962910694" lon="1.9865059974" /><trkpt lat="48.7962909183" lon="1.9865061868" /><trkpt lat="48.7962907682" lon="1.9865063775" /><trkpt lat="48.7962906174" lon="1.9865065698" /><trkpt lat="48.796290467" lon="1.9865067632" /><trkpt lat="48.796290317" lon="1.9865069574" /><trkpt lat="48.796290167" lon="1.9865071531" /><trkpt lat="48.7962900171" lon="1.98650735" /><trkpt lat="48.7962898665" lon="1.9865075473" /><trkpt lat="48.7962897179" lon="1.9865077454" /><trkpt lat="48.7962895665" lon="1.9865079457" /><trkpt lat="48.7962894164" lon="1.9865081455" /><trkpt lat="48.7962892663" lon="1.9865083459" /><trkpt lat="48.7962891159" lon="1.9865085478" /><trkpt lat="48.796288966" lon="1.9865087492" /><trkpt lat="48.7962888153" lon="1.9865089536" /><trkpt lat="48.7962886656" lon="1.9865091576" /><trkpt lat="48.7962885159" lon="1.9865093624" /><trkpt lat="48.7962883654" lon="1.9865095688" /><trkpt lat="48.7962882167" lon="1.9865097762" /><trkpt lat="48.7962880658" lon="1.9865099841" /><trkpt lat="48.7962879158" lon="1.9865101933" /><trkpt lat="48.7962877663" lon="1.9865104052" /><trkpt lat="48.7962876169" lon="1.9865106178" /><trkpt lat="48.7962874671" lon="1.9865108317" /><trkpt lat="48.7962873182" lon="1.9865110462" /><trkpt lat="48.7962871699" lon="1.9865112615" /><trkpt lat="48.7962870229" lon="1.9865114781" /><trkpt lat="48.7962868723" lon="1.9865116987" /><trkpt lat="48.7962867243" lon="1.9865119179" /><trkpt lat="48.7962865759" lon="1.9865121395" /><trkpt lat="48.7962864282" lon="1.9865123635" /><trkpt lat="48.7962862799" lon="1.9865125876" /><trkpt lat="48.7962861324" lon="1.9865128138" /><trkpt lat="48.796285983" lon="1.9865130433" /><trkpt lat="48.796285836" lon="1.9865132717" /><trkpt lat="48.7962856892" lon="1.9865135015" /><trkpt lat="48.796285543" lon="1.9865137297" /><trkpt lat="48.7962853962" lon="1.9865139578" /><trkpt lat="48.7962852498" lon="1.9865141878" /><trkpt lat="48.7962851046" lon="1.9865144168" /><trkpt lat="48.7962849589" lon="1.9865146463" /><trkpt lat="48.7962848135" lon="1.9865148773" /><trkpt lat="48.7962846676" lon="1.9865151106" /><trkpt lat="48.7962845229" lon="1.9865153443" /><trkpt lat="48.7962843758" lon="1.9865155779" /><trkpt lat="48.7962842296" lon="1.9865158117" /><trkpt lat="48.7962840835" lon="1.9865160454" /><trkpt lat="48.7962839392" lon="1.9865162794" /><trkpt lat="48.7962837935" lon="1.9865165142" /><trkpt lat="48.7962836482" lon="1.9865167514" /><trkpt lat="48.796283503" lon="1.9865169878" /><trkpt lat="48.7962833579" lon="1.9865172249" /><trkpt lat="48.7962832114" lon="1.9865174626" /><trkpt lat="48.7962830673" lon="1.9865177023" /><trkpt lat="48.796282925" lon="1.986517942" /><trkpt lat="48.7962827825" lon="1.986518185" /><trkpt lat="48.7962826394" lon="1.9865184252" /><trkpt lat="48.7962824969" lon="1.9865186654" /><trkpt lat="48.796282356" lon="1.986518908" /><trkpt lat="48.7962822147" lon="1.9865191533" /><trkpt lat="48.7962820748" lon="1.9865193985" /><trkpt lat="48.7962819336" lon="1.986519644" /><trkpt lat="48.7962817941" lon="1.9865198908" /><trkpt lat="48.7962816539" lon="1.9865201385" /><trkpt lat="48.7962815145" lon="1.9865203876" /><trkpt lat="48.7962813752" lon="1.9865206355" /><trkpt lat="48.7962812354" lon="1.9865208854" /><trkpt lat="48.796281096" lon="1.9865211351" /><trkpt lat="48.7962809564" lon="1.9865213847" /><trkpt lat="48.7962808185" lon="1.9865216342" /><trkpt lat="48.7962806769" lon="1.9865218851" /><trkpt lat="48.7962805382" lon="1.9865221359" /><trkpt lat="48.7962803981" lon="1.9865223881" /><trkpt lat="48.7962802605" lon="1.9865226403" /><trkpt lat="48.7962801203" lon="1.9865228925" /><trkpt lat="48.7962799818" lon="1.9865231466" /><trkpt lat="48.796279843" lon="1.9865234016" /><trkpt lat="48.7962797049" lon="1.9865236569" /><trkpt lat="48.7962795678" lon="1.9865239183" /><trkpt lat="48.7962794297" lon="1.9865241843" /><trkpt lat="48.796279293" lon="1.9865244482" /><trkpt lat="48.7962791568" lon="1.9865247136" /><trkpt lat="48.7962790207" lon="1.9865249792" /><trkpt lat="48.7962788849" lon="1.9865252459" /><trkpt lat="48.7962787491" lon="1.9865255138" /><trkpt lat="48.7962786129" lon="1.9865257824" /><trkpt lat="48.7962784778" lon="1.9865260509" /><trkpt lat="48.7962783419" lon="1.9865263209" /><trkpt lat="48.7962782061" lon="1.986526592" /><trkpt lat="48.7962780705" lon="1.9865268627" /><trkpt lat="48.7962779347" lon="1.9865271345" /><trkpt lat="48.7962777989" lon="1.9865274072" /><trkpt lat="48.7962776641" lon="1.9865276804" /><trkpt lat="48.7962775289" lon="1.9865279545" /><trkpt lat="48.7962773942" lon="1.9865282301" /><trkpt lat="48.7962772597" lon="1.9865285056" /><trkpt lat="48.7962771261" lon="1.98652878" /><trkpt lat="48.7962769909" lon="1.9865290591" /><trkpt lat="48.7962768574" lon="1.9865293366" /><trkpt lat="48.7962767232" lon="1.9865296157" /><trkpt lat="48.7962765897" lon="1.9865298949" /><trkpt lat="48.7962764568" lon="1.9865301723" /><trkpt lat="48.7962763223" lon="1.9865304544" /><trkpt lat="48.796276189" lon="1.9865307351" /><trkpt lat="48.796276055" lon="1.9865310161" /><trkpt lat="48.7962759213" lon="1.9865312967" /><trkpt lat="48.7962757879" lon="1.9865315784" /><trkpt lat="48.7962756537" lon="1.9865318603" /><trkpt lat="48.7962755193" lon="1.9865321425" /><trkpt lat="48.796275385" lon="1.9865324248" /><trkpt lat="48.796275251" lon="1.9865327079" /><trkpt lat="48.7962751166" lon="1.9865329909" /><trkpt lat="48.7962749822" lon="1.9865332747" /><trkpt lat="48.7962748479" lon="1.986533559" /><trkpt lat="48.7962747136" lon="1.9865338439" /><trkpt lat="48.7962745805" lon="1.9865341293" /><trkpt lat="48.7962744463" lon="1.9865344155" /><trkpt lat="48.7962743128" lon="1.986534702" /><trkpt lat="48.7962741792" lon="1.9865349891" /><trkpt lat="48.7962740465" lon="1.9865352782" /><trkpt lat="48.796273914" lon="1.9865355672" /><trkpt lat="48.7962737808" lon="1.9865358563" /><trkpt lat="48.7962736493" lon="1.9865361472" /><trkpt lat="48.7962735166" lon="1.9865364377" /><trkpt lat="48.7962733849" lon="1.9865367302" /><trkpt lat="48.7962732518" lon="1.9865370214" /><trkpt lat="48.7962731199" lon="1.986537314" /><trkpt lat="48.7962729888" lon="1.9865376046" /><trkpt lat="48.7962728554" lon="1.9865378999" /><trkpt lat="48.796272723" lon="1.9865381934" /><trkpt lat="48.7962725916" lon="1.9865384847" /><trkpt lat="48.7962724582" lon="1.9865387818" /><trkpt lat="48.7962723257" lon="1.9865390759" /><trkpt lat="48.7962721935" lon="1.9865393702" /><trkpt lat="48.7962720605" lon="1.9865396653" /><trkpt lat="48.7962719278" lon="1.9865399605" /><trkpt lat="48.7962717954" lon="1.9865402531" /><trkpt lat="48.7962716618" lon="1.9865405507" /><trkpt lat="48.7962715294" lon="1.986540847" /><trkpt lat="48.7962713963" lon="1.9865411433" /><trkpt lat="48.796271264" lon="1.9865414401" /><trkpt lat="48.7962711313" lon="1.9865417366" /><trkpt lat="48.7962709993" lon="1.9865420345" /><trkpt lat="48.7962708664" lon="1.9865423321" /><trkpt lat="48.7962707346" lon="1.9865426305" /><trkpt lat="48.7962706023" lon="1.9865429286" /><trkpt lat="48.79627047" lon="1.9865432268" /><trkpt lat="48.7962703373" lon="1.9865435253" /><trkpt lat="48.7962702049" lon="1.9865438239" /><trkpt lat="48.7962700728" lon="1.9865441233" /><trkpt lat="48.7962699394" lon="1.9865444216" /><trkpt lat="48.7962698062" lon="1.9865447215" /><trkpt lat="48.7962696727" lon="1.9865450193" /><trkpt lat="48.796269539" lon="1.9865453184" /><trkpt lat="48.7962694045" lon="1.9865456179" /><trkpt lat="48.7962692702" lon="1.9865459169" /><trkpt lat="48.796269135" lon="1.9865462162" /><trkpt lat="48.7962690004" lon="1.9865465154" /><trkpt lat="48.796268865" lon="1.9865468154" /><trkpt lat="48.7962687294" lon="1.9865471152" /><trkpt lat="48.7962685937" lon="1.9865474159" /><trkpt lat="48.7962684575" lon="1.9865477149" /><trkpt lat="48.7962683214" lon="1.9865480162" /><trkpt lat="48.7962681858" lon="1.9865483181" /><trkpt lat="48.7962680507" lon="1.9865486194" /><trkpt lat="48.7962679141" lon="1.9865489211" /><trkpt lat="48.7962677785" lon="1.9865492233" /><trkpt lat="48.7962676436" lon="1.9865495266" /><trkpt lat="48.7962675076" lon="1.9865498298" /><trkpt lat="48.7962673732" lon="1.9865501309" /><trkpt lat="48.7962672381" lon="1.986550434" /><trkpt lat="48.7962671019" lon="1.9865507401" /><trkpt lat="48.7962669667" lon="1.9865510448" /><trkpt lat="48.7962668309" lon="1.9865513488" /><trkpt lat="48.7962666958" lon="1.9865516529" /><trkpt lat="48.7962665597" lon="1.9865519579" /><trkpt lat="48.7962664238" lon="1.9865522629" /><trkpt lat="48.7962662882" lon="1.986552568" /><trkpt lat="48.7962661539" lon="1.9865528752" /><trkpt lat="48.7962660212" lon="1.9865531856" /><trkpt lat="48.796265888" lon="1.9865534951" /><trkpt lat="48.7962657552" lon="1.9865538057" /><trkpt lat="48.7962656218" lon="1.9865541166" /><trkpt lat="48.7962654884" lon="1.9865544282" /><trkpt lat="48.7962653548" lon="1.9865547398" /><trkpt lat="48.7962652212" lon="1.986555052" /><trkpt lat="48.7962650875" lon="1.9865553635" /><trkpt lat="48.7962649531" lon="1.9865556768" /><trkpt lat="48.7962648197" lon="1.9865559893" /><trkpt lat="48.7962646846" lon="1.9865563024" /><trkpt lat="48.79626455" lon="1.9865566157" /><trkpt lat="48.796264415" lon="1.9865569259" /><trkpt lat="48.7962642814" lon="1.9865572434" /><trkpt lat="48.7962641461" lon="1.986557554" /><trkpt lat="48.796264012" lon="1.9865578716" /><trkpt lat="48.7962638771" lon="1.9865581862" /><trkpt lat="48.7962637418" lon="1.9865584994" /><trkpt lat="48.7962636063" lon="1.9865588134" /><trkpt lat="48.7962634715" lon="1.986559131" /><trkpt lat="48.7962633361" lon="1.9865594465" /><trkpt lat="48.7962632003" lon="1.9865597629" /><trkpt lat="48.796263065" lon="1.9865600786" /><trkpt lat="48.7962629287" lon="1.9865603941" /><trkpt lat="48.7962627932" lon="1.9865607109" /><trkpt lat="48.7962626561" lon="1.9865610278" /><trkpt lat="48.7962625205" lon="1.9865613445" /><trkpt lat="48.7962623838" lon="1.9865616614" /><trkpt lat="48.7962622473" lon="1.9865619795" /><trkpt lat="48.7962621107" lon="1.9865622947" /><trkpt lat="48.7962619744" lon="1.9865626164" /><trkpt lat="48.7962618381" lon="1.9865629345" /><trkpt lat="48.796261701" lon="1.9865632501" /><trkpt lat="48.7962615655" lon="1.9865635734" /><trkpt lat="48.7962614289" lon="1.9865638931" /><trkpt lat="48.7962612917" lon="1.9865642129" /><trkpt lat="48.7962611549" lon="1.986564533" /><trkpt lat="48.7962610167" lon="1.9865648539" /><trkpt lat="48.7962608799" lon="1.9865651746" /><trkpt lat="48.7962607419" lon="1.9865654955" /><trkpt lat="48.7962606036" lon="1.9865658173" /><trkpt lat="48.7962604656" lon="1.986566139" /><trkpt lat="48.7962603271" lon="1.9865664616" /><trkpt lat="48.7962601882" lon="1.986566784" /><trkpt lat="48.7962600496" lon="1.9865671069" /><trkpt lat="48.7962599108" lon="1.9865674301" /><trkpt lat="48.7962597721" lon="1.9865677551" /><trkpt lat="48.7962596327" lon="1.9865680798" /><trkpt lat="48.7962594941" lon="1.9865684041" /><trkpt lat="48.7962593545" lon="1.9865687295" /><trkpt lat="48.7962592151" lon="1.9865690563" /><trkpt lat="48.7962590759" lon="1.9865693831" /><trkpt lat="48.7962589357" lon="1.9865697094" /><trkpt lat="48.7962587958" lon="1.9865700375" /><trkpt lat="48.7962586556" lon="1.9865703625" /><trkpt lat="48.796258516" lon="1.9865706939" /><trkpt lat="48.7962583751" lon="1.9865710222" /><trkpt lat="48.7962582343" lon="1.9865713517" /><trkpt lat="48.7962580933" lon="1.9865716809" /><trkpt lat="48.7962579522" lon="1.9865720116" /><trkpt lat="48.7962578113" lon="1.9865723417" /><trkpt lat="48.7962576686" lon="1.9865726719" /><trkpt lat="48.7962575271" lon="1.986573004" /><trkpt lat="48.796257385" lon="1.9865733352" /><trkpt lat="48.796257242" lon="1.9865736673" /><trkpt lat="48.7962570989" lon="1.9865740003" /><trkpt lat="48.7962569569" lon="1.9865743337" /><trkpt lat="48.796256814" lon="1.9865746679" /><trkpt lat="48.7962566706" lon="1.9865750036" /><trkpt lat="48.7962565281" lon="1.9865753374" /><trkpt lat="48.7962563841" lon="1.9865756733" /><trkpt lat="48.7962562407" lon="1.9865760102" /><trkpt lat="48.7962560967" lon="1.986576347" /><trkpt lat="48.7962559529" lon="1.9865766832" /><trkpt lat="48.7962558082" lon="1.9865770212" /><trkpt lat="48.7962556644" lon="1.9865773593" /><trkpt lat="48.7962555193" lon="1.9865776976" /><trkpt lat="48.7962553742" lon="1.9865780361" /><trkpt lat="48.796255229" lon="1.9865783755" /><trkpt lat="48.796255084" lon="1.986578716" /><trkpt lat="48.7962549381" lon="1.9865790556" /><trkpt lat="48.7962547923" lon="1.9865793963" /><trkpt lat="48.7962546457" lon="1.9865797367" /><trkpt lat="48.7962544992" lon="1.9865800788" /><trkpt lat="48.7962543532" lon="1.9865804213" /><trkpt lat="48.7962542058" lon="1.9865807631" /><trkpt lat="48.7962540581" lon="1.9865811062" /><trkpt lat="48.7962539104" lon="1.9865814496" /><trkpt lat="48.7962537633" lon="1.9865817945" /><trkpt lat="48.7962536151" lon="1.986582139" /><trkpt lat="48.7962534667" lon="1.9865824832" /><trkpt lat="48.7962533175" lon="1.98658283" /><trkpt lat="48.7962531682" lon="1.9865831756" /><trkpt lat="48.796253019" lon="1.9865835218" /><trkpt lat="48.7962528683" lon="1.9865838657" /><trkpt lat="48.7962527176" lon="1.9865842133" /><trkpt lat="48.7962525675" lon="1.9865845645" /><trkpt lat="48.796252417" lon="1.9865849132" /><trkpt lat="48.7962522653" lon="1.9865852633" /><trkpt lat="48.7962521145" lon="1.9865856131" /><trkpt lat="48.7962519629" lon="1.9865859621" /><trkpt lat="48.7962518121" lon="1.9865863142" /><trkpt lat="48.7962516605" lon="1.9865866656" /><trkpt lat="48.7962515086" lon="1.9865870188" /><trkpt lat="48.7962513571" lon="1.986587371" /><trkpt lat="48.7962512045" lon="1.9865877215" /><trkpt lat="48.7962510529" lon="1.9865880785" /><trkpt lat="48.7962509002" lon="1.9865884331" /><trkpt lat="48.7962507478" lon="1.9865887889" /><trkpt lat="48.796250595" lon="1.9865891446" /><trkpt lat="48.7962504423" lon="1.9865895017" /><trkpt lat="48.7962502894" lon="1.9865898592" /><trkpt lat="48.7962501364" lon="1.9865902178" /><trkpt lat="48.7962499828" lon="1.9865905765" /><trkpt lat="48.7962498293" lon="1.9865909359" /><trkpt lat="48.7962496757" lon="1.9865912959" /><trkpt lat="48.7962495217" lon="1.9865916562" /><trkpt lat="48.7962493674" lon="1.9865920176" /><trkpt lat="48.7962492133" lon="1.9865923786" /><trkpt lat="48.7962490586" lon="1.9865927409" /><trkpt lat="48.7962489036" lon="1.9865931029" /><trkpt lat="48.7962487485" lon="1.9865934663" /><trkpt lat="48.7962485928" lon="1.9865938295" /><trkpt lat="48.7962484367" lon="1.9865941931" /><trkpt lat="48.7962482802" lon="1.9865945577" /><trkpt lat="48.7962481238" lon="1.9865949219" /><trkpt lat="48.7962479669" lon="1.9865952871" /><trkpt lat="48.7962478097" lon="1.9865956517" /><trkpt lat="48.7962476522" lon="1.9865960184" /><trkpt lat="48.7962474929" lon="1.9865963831" /><trkpt lat="48.7962473371" lon="1.9865967523" /><trkpt lat="48.7962471782" lon="1.9865971195" /><trkpt lat="48.7962470197" lon="1.9865974853" /><trkpt lat="48.7962468609" lon="1.9865978543" /><trkpt lat="48.7962467023" lon="1.9865982266" /><trkpt lat="48.7962465428" lon="1.9865985947" /><trkpt lat="48.7962463836" lon="1.9865989681" /><trkpt lat="48.7962462243" lon="1.9865993392" /><trkpt lat="48.7962460644" lon="1.9865997113" /><trkpt lat="48.7962459043" lon="1.9866000847" /><trkpt lat="48.7962457438" lon="1.9866004568" /><trkpt lat="48.7962455832" lon="1.9866008311" /><trkpt lat="48.7962454213" lon="1.9866012047" /><trkpt lat="48.7962452603" lon="1.9866015795" /><trkpt lat="48.7962450981" lon="1.9866019549" /><trkpt lat="48.7962449364" lon="1.9866023297" /><trkpt lat="48.7962447737" lon="1.9866027063" /><trkpt lat="48.796244611" lon="1.9866030839" /><trkpt lat="48.7962444476" lon="1.98660346" /><trkpt lat="48.7962442847" lon="1.9866038387" /><trkpt lat="48.7962441219" lon="1.9866042173" /><trkpt lat="48.7962439579" lon="1.9866045974" /><trkpt lat="48.7962437948" lon="1.9866049769" /><trkpt lat="48.7962436314" lon="1.986605358" /><trkpt lat="48.796243468" lon="1.98660574" /><trkpt lat="48.7962433046" lon="1.9866061223" /><trkpt lat="48.7962431402" lon="1.9866065046" /><trkpt lat="48.7962429757" lon="1.9866068871" /><trkpt lat="48.7962428105" lon="1.9866072714" /><trkpt lat="48.7962426461" lon="1.9866076553" /><trkpt lat="48.7962424804" lon="1.9866080391" /><trkpt lat="48.796242314" lon="1.9866084236" /><trkpt lat="48.7962421481" lon="1.9866088084" /><trkpt lat="48.7962419811" lon="1.9866091942" /><trkpt lat="48.7962418135" lon="1.9866095797" /><trkpt lat="48.796241646" lon="1.9866099649" /><trkpt lat="48.7962414779" lon="1.9866103517" /><trkpt lat="48.7962413104" lon="1.9866107395" /><trkpt lat="48.7962411414" lon="1.9866111271" /><trkpt lat="48.7962409735" lon="1.9866115152" /><trkpt lat="48.7962408052" lon="1.9866119035" /><trkpt lat="48.7962406368" lon="1.986612294" /><trkpt lat="48.7962404686" lon="1.9866126843" /><trkpt lat="48.7962402996" lon="1.9866130748" /><trkpt lat="48.7962401309" lon="1.9866134646" /><trkpt lat="48.7962399621" lon="1.9866138575" /><trkpt lat="48.7962397919" lon="1.9866142487" /><trkpt lat="48.7962396228" lon="1.9866146412" /><trkpt lat="48.7962394521" lon="1.9866150324" /><trkpt lat="48.7962392807" lon="1.9866154254" /><trkpt lat="48.7962391096" lon="1.9866158174" /><trkpt lat="48.7962389372" lon="1.9866162103" /><trkpt lat="48.7962387645" lon="1.9866166033" /><trkpt lat="48.7962385915" lon="1.9866169974" /><trkpt lat="48.7962384167" lon="1.9866173887" /><trkpt lat="48.7962382432" lon="1.9866177842" /><trkpt lat="48.7962380688" lon="1.98661818" /><trkpt lat="48.7962378947" lon="1.9866185756" /><trkpt lat="48.7962377198" lon="1.9866189716" /><trkpt lat="48.7962375452" lon="1.9866193678" /><trkpt lat="48.7962373702" lon="1.986619764" /><trkpt lat="48.7962371961" lon="1.9866201614" /><trkpt lat="48.7962370214" lon="1.98662056" /><trkpt lat="48.7962368461" lon="1.9866209582" /><trkpt lat="48.7962366713" lon="1.9866213567" /><trkpt lat="48.796236496" lon="1.9866217549" /><trkpt lat="48.7962363199" lon="1.986622152" /><trkpt lat="48.7962361451" lon="1.9866225553" /><trkpt lat="48.7962359701" lon="1.9866229557" /><trkpt lat="48.796235794" lon="1.9866233567" /><trkpt lat="48.7962356186" lon="1.9866237592" /><trkpt lat="48.7962354424" lon="1.986624161" /><trkpt lat="48.7962352662" lon="1.986624564" /><trkpt lat="48.7962350888" lon="1.9866249667" /><trkpt lat="48.7962349119" lon="1.9866253696" /><trkpt lat="48.7962347348" lon="1.9866257744" /><trkpt lat="48.7962345567" lon="1.9866261798" /><trkpt lat="48.7962343791" lon="1.9866265846" /><trkpt lat="48.7962342008" lon="1.9866269905" /><trkpt lat="48.7962340229" lon="1.9866273979" /><trkpt lat="48.7962338438" lon="1.9866278047" /><trkpt lat="48.796233666" lon="1.9866282122" /><trkpt lat="48.7962334867" lon="1.9866286213" /><trkpt lat="48.796233309" lon="1.9866290294" /><trkpt lat="48.79623313" lon="1.9866294397" /><trkpt lat="48.7962329505" lon="1.9866298491" /><trkpt lat="48.796232772" lon="1.9866302596" /><trkpt lat="48.7962325929" lon="1.9866306694" /><trkpt lat="48.7962324139" lon="1.9866310825" /><trkpt lat="48.7962322333" lon="1.9866314929" /><trkpt lat="48.7962320548" lon="1.9866319039" /><trkpt lat="48.7962318744" lon="1.9866323169" /><trkpt lat="48.7962316948" lon="1.9866327286" /><trkpt lat="48.796231514" lon="1.9866331426" /><trkpt lat="48.7962313324" lon="1.9866335544" /><trkpt lat="48.7962311502" lon="1.9866339657" /><trkpt lat="48.7962309692" lon="1.9866343819" /><trkpt lat="48.7962307871" lon="1.986634795" /><trkpt lat="48.7962306044" lon="1.9866352085" /><trkpt lat="48.7962304207" lon="1.9866356238" /><trkpt lat="48.7962302379" lon="1.9866360368" /><trkpt lat="48.796230056" lon="1.9866364521" /><trkpt lat="48.7962298718" lon="1.9866368666" /><trkpt lat="48.7962296897" lon="1.9866372814" /><trkpt lat="48.796229507" lon="1.9866376994" /><trkpt lat="48.7962293249" lon="1.9866381186" /><trkpt lat="48.7962291436" lon="1.9866385368" /><trkpt lat="48.7962289614" lon="1.9866389542" /><trkpt lat="48.7962287778" lon="1.986639374" /><trkpt lat="48.7962285943" lon="1.9866397921" /><trkpt lat="48.7962284108" lon="1.9866402105" /><trkpt lat="48.7962282263" lon="1.9866406313" /><trkpt lat="48.7962280412" lon="1.986641049" /><trkpt lat="48.796227855" lon="1.9866414683" /><trkpt lat="48.7962276688" lon="1.9866418866" /><trkpt lat="48.7962274812" lon="1.9866423042" /><trkpt lat="48.7962272943" lon="1.9866427247" /><trkpt lat="48.7962271065" lon="1.9866431429" /><trkpt lat="48.7962269176" lon="1.9866435629" /><trkpt lat="48.7962267316" lon="1.9866439828" /><trkpt lat="48.7962265422" lon="1.9866444027" /><trkpt lat="48.7962263546" lon="1.9866448232" /><trkpt lat="48.7962261689" lon="1.9866452463" /><trkpt lat="48.7962259798" lon="1.9866456659" /><trkpt lat="48.7962257937" lon="1.9866460896" /><trkpt lat="48.7962256053" lon="1.9866465111" /><trkpt lat="48.7962254161" lon="1.9866469328" /><trkpt lat="48.7962252294" lon="1.9866473581" /><trkpt lat="48.7962250401" lon="1.9866477798" /><trkpt lat="48.7962248507" lon="1.9866482032" /><trkpt lat="48.7962246616" lon="1.9866486273" /><trkpt lat="48.796224471" lon="1.9866490486" /><trkpt lat="48.7962242803" lon="1.9866494735" /><trkpt lat="48.7962240893" lon="1.9866498953" /><trkpt lat="48.7962238979" lon="1.9866503185" /><trkpt lat="48.7962237052" lon="1.9866507421" /><trkpt lat="48.7962235139" lon="1.9866511659" /><trkpt lat="48.7962233219" lon="1.9866515896" /><trkpt lat="48.7962231296" lon="1.9866520144" /><trkpt lat="48.7962229378" lon="1.9866524398" /><trkpt lat="48.7962227464" lon="1.9866528648" /><trkpt lat="48.7962225537" lon="1.986653291" /><trkpt lat="48.7962223614" lon="1.9866537173" /><trkpt lat="48.7962221696" lon="1.9866541426" /><trkpt lat="48.7962219773" lon="1.9866545694" /><trkpt lat="48.7962217846" lon="1.9866549967" /><trkpt lat="48.7962215926" lon="1.9866554239" /><trkpt lat="48.7962213998" lon="1.9866558518" /><trkpt lat="48.7962212074" lon="1.986656279" /><trkpt lat="48.7962210147" lon="1.9866567077" /><trkpt lat="48.7962208223" lon="1.986657136" /><trkpt lat="48.7962206279" lon="1.9866575642" /><trkpt lat="48.7962204363" lon="1.9866579925" /><trkpt lat="48.7962202421" lon="1.9866584225" /><trkpt lat="48.7962200482" lon="1.9866588507" /><trkpt lat="48.7962198542" lon="1.9866592804" /><trkpt lat="48.79621966" lon="1.9866597091" /><trkpt lat="48.7962194653" lon="1.9866601385" /><trkpt lat="48.7962192713" lon="1.9866605688" /><trkpt lat="48.7962190766" lon="1.9866609988" /><trkpt lat="48.7962188822" lon="1.9866614289" /><trkpt lat="48.7962186869" lon="1.986661858" /><trkpt lat="48.7962184917" lon="1.9866622914" /><trkpt lat="48.796218296" lon="1.9866627216" /><trkpt lat="48.7962181014" lon="1.9866631548" /><trkpt lat="48.7962179059" lon="1.9866635859" /><trkpt lat="48.7962177096" lon="1.9866640158" /><trkpt lat="48.7962175144" lon="1.9866644506" /><trkpt lat="48.7962173183" lon="1.9866648809" /><trkpt lat="48.7962171218" lon="1.9866653132" /><trkpt lat="48.7962169246" lon="1.9866657463" /><trkpt lat="48.7962167274" lon="1.9866661802" /><trkpt lat="48.7962165307" lon="1.9866666137" /><trkpt lat="48.7962163337" lon="1.9866670475" /><trkpt lat="48.7962161352" lon="1.9866674821" /><trkpt lat="48.7962159373" lon="1.9866679188" /><trkpt lat="48.7962157374" lon="1.986668353" /><trkpt lat="48.7962155415" lon="1.9866687879" /><trkpt lat="48.7962153434" lon="1.9866692223" /><trkpt lat="48.796215145" lon="1.986669657" /><trkpt lat="48.7962149466" lon="1.9866700925" /><trkpt lat="48.7962147477" lon="1.9866705254" /><trkpt lat="48.7962145512" lon="1.9866709625" /><trkpt lat="48.7962143499" lon="1.9866713963" /><trkpt lat="48.7962141493" lon="1.9866718324" /><trkpt lat="48.7962139493" lon="1.9866722663" /><trkpt lat="48.7962137484" lon="1.9866727004" /><trkpt lat="48.7962135465" lon="1.9866731357" /><trkpt lat="48.7962133453" lon="1.9866735701" /><trkpt lat="48.7962131431" lon="1.9866740045" /><trkpt lat="48.7962129409" lon="1.9866744392" /><trkpt lat="48.7962127377" lon="1.9866748758" /><trkpt lat="48.7962125348" lon="1.9866753109" /><trkpt lat="48.796212332" lon="1.9866757486" /><trkpt lat="48.7962121289" lon="1.9866761851" /><trkpt lat="48.7962119256" lon="1.986676621" /><trkpt lat="48.796211721" lon="1.9866770605" /><trkpt lat="48.7962115176" lon="1.9866774979" /><trkpt lat="48.7962113133" lon="1.9866779357" /><trkpt lat="48.79621111" lon="1.9866783743" /><trkpt lat="48.7962109051" lon="1.9866788134" /><trkpt lat="48.796210701" lon="1.9866792519" /><trkpt lat="48.7962104971" lon="1.9866796916" /><trkpt lat="48.7962102936" lon="1.9866801338" /><trkpt lat="48.796210089" lon="1.9866805743" /><trkpt lat="48.7962098845" lon="1.9866810148" /><trkpt lat="48.7962096792" lon="1.9866814556" /><trkpt lat="48.7962094754" lon="1.9866818984" /><trkpt lat="48.7962092697" lon="1.9866823387" /><trkpt lat="48.7962090642" lon="1.9866827797" /><trkpt lat="48.7962088589" lon="1.986683223" /><trkpt lat="48.7962086537" lon="1.9866836652" /><trkpt lat="48.7962084479" lon="1.9866841079" /><trkpt lat="48.7962082418" lon="1.9866845505" /><trkpt lat="48.7962080358" lon="1.9866849931" /><trkpt lat="48.7962078284" lon="1.9866854345" /><trkpt lat="48.7962076213" lon="1.9866858788" /><trkpt lat="48.7962074145" lon="1.9866863221" /><trkpt lat="48.7962072073" lon="1.9866867646" /><trkpt lat="48.7962070009" lon="1.9866872082" /><trkpt lat="48.796206793" lon="1.9866876517" /><trkpt lat="48.7962065856" lon="1.9866880955" /><trkpt lat="48.796206377" lon="1.9866885398" /><trkpt lat="48.7962061689" lon="1.9866889841" /><trkpt lat="48.7962059596" lon="1.9866894293" /><trkpt lat="48.7962057519" lon="1.9866898739" /><trkpt lat="48.7962055417" lon="1.9866903184" /><trkpt lat="48.7962053333" lon="1.986690763" /><trkpt lat="48.7962051227" lon="1.9866912091" /><trkpt lat="48.7962049135" lon="1.9866916553" /><trkpt lat="48.7962047032" lon="1.9866921009" /><trkpt lat="48.7962044932" lon="1.9866925473" /><trkpt lat="48.7962042839" lon="1.9866929952" /><trkpt lat="48.7962040738" lon="1.9866934418" /><trkpt lat="48.7962038647" lon="1.9866938903" /><trkpt lat="48.7962036537" lon="1.9866943389" /><trkpt lat="48.7962034444" lon="1.9866947884" /><trkpt lat="48.7962032353" lon="1.9866952378" /><trkpt lat="48.7962030245" lon="1.9866956873" /><trkpt lat="48.7962028151" lon="1.9866961386" /><trkpt lat="48.7962026033" lon="1.9866965899" /><trkpt lat="48.7962023931" lon="1.9866970411" /><trkpt lat="48.7962021822" lon="1.986697492" /><trkpt lat="48.7962019702" lon="1.9866979444" /><trkpt lat="48.7962017587" lon="1.986698396" /><trkpt lat="48.7962015463" lon="1.9866988485" /><trkpt lat="48.7962013339" lon="1.986699301" /><trkpt lat="48.7962011213" lon="1.9866997532" /><trkpt lat="48.7962009076" lon="1.9867002054" /><trkpt lat="48.7962006936" lon="1.9867006594" /><trkpt lat="48.7962004797" lon="1.9867011108" /><trkpt lat="48.7962002662" lon="1.9867015647" /><trkpt lat="48.7962000504" lon="1.9867020187" /><trkpt lat="48.7961998373" lon="1.9867024725" /><trkpt lat="48.796199622" lon="1.9867029272" /><trkpt lat="48.796199407" lon="1.9867033808" /><trkpt lat="48.7961991921" lon="1.9867038353" /><trkpt lat="48.7961989771" lon="1.9867042902" /><trkpt lat="48.796198762" lon="1.9867047452" /><trkpt lat="48.7961985469" lon="1.9867052023" /><trkpt lat="48.7961983299" lon="1.9867056584" /><trkpt lat="48.7961981148" lon="1.9867061153" /><trkpt lat="48.7961978995" lon="1.9867065717" /><trkpt lat="48.7961976839" lon="1.9867070283" /><trkpt lat="48.7961974678" lon="1.9867074858" /><trkpt lat="48.7961972515" lon="1.9867079423" /><trkpt lat="48.7961970356" lon="1.9867083995" /><trkpt lat="48.7961968179" lon="1.986708858" /><trkpt lat="48.7961966023" lon="1.9867093137" /><trkpt lat="48.7961963869" lon="1.986709768" /><trkpt lat="48.796196172" lon="1.9867102248" /><trkpt lat="48.7961959565" lon="1.9867106807" /><trkpt lat="48.7961957409" lon="1.9867111361" /><trkpt lat="48.7961955258" lon="1.9867115922" /><trkpt lat="48.7961953102" lon="1.9867120499" /><trkpt lat="48.7961950942" lon="1.9867125071" /><trkpt lat="48.7961948785" lon="1.9867129636" /><trkpt lat="48.7961946634" lon="1.9867134204" /><trkpt lat="48.7961944471" lon="1.9867138785" /><trkpt lat="48.7961942308" lon="1.9867143374" /><trkpt lat="48.7961940148" lon="1.9867147946" /><trkpt lat="48.7961937994" lon="1.9867152533" /><trkpt lat="48.7961935817" lon="1.9867157123" /><trkpt lat="48.7961933677" lon="1.9867161721" /><trkpt lat="48.7961931508" lon="1.9867166313" /><trkpt lat="48.7961929351" lon="1.9867170913" /><trkpt lat="48.7961927185" lon="1.9867175516" /><trkpt lat="48.7961925038" lon="1.9867180122" /><trkpt lat="48.7961922856" lon="1.986718474" /><trkpt lat="48.79619207" lon="1.9867189351" /><trkpt lat="48.7961918536" lon="1.9867193954" /><trkpt lat="48.796191637" lon="1.986719858" /><trkpt lat="48.7961914206" lon="1.9867203191" /><trkpt lat="48.7961912032" lon="1.9867207823" /><trkpt lat="48.7961909876" lon="1.9867212445" /><trkpt lat="48.79619077" lon="1.9867217087" /><trkpt lat="48.7961905536" lon="1.9867221714" /><trkpt lat="48.7961903354" lon="1.9867226361" /><trkpt lat="48.7961901183" lon="1.9867231004" /><trkpt lat="48.7961899003" lon="1.9867235654" /><trkpt lat="48.7961896825" lon="1.9867240309" /><trkpt lat="48.796189465" lon="1.9867244962" /><trkpt lat="48.7961892467" lon="1.9867249617" /><trkpt lat="48.7961890293" lon="1.9867254276" /><trkpt lat="48.796188811" lon="1.9867258939" /><trkpt lat="48.7961885931" lon="1.9867263586" /><trkpt lat="48.796188375" lon="1.9867268259" /><trkpt lat="48.796188157" lon="1.9867272922" /><trkpt lat="48.7961879372" lon="1.9867277566" /><trkpt lat="48.7961877182" lon="1.9867282237" /><trkpt lat="48.796187497" lon="1.9867286898" /><trkpt lat="48.7961872772" lon="1.9867291543" /><trkpt lat="48.7961870562" lon="1.9867296208" /><trkpt lat="48.7961868343" lon="1.9867300857" /><trkpt lat="48.796186614" lon="1.9867305516" /><trkpt lat="48.7961863917" lon="1.9867310188" /><trkpt lat="48.7961861707" lon="1.9867314847" /><trkpt lat="48.7961859488" lon="1.9867319518" /><trkpt lat="48.7961857275" lon="1.9867324183" /><trkpt lat="48.7961855066" lon="1.9867328864" /><trkpt lat="48.7961852853" lon="1.9867333544" /><trkpt lat="48.7961850642" lon="1.9867338213" /><trkpt lat="48.7961848425" lon="1.9867342908" /><trkpt lat="48.7961846218" lon="1.9867347592" /><trkpt lat="48.7961844003" lon="1.9867352263" /><trkpt lat="48.7961841774" lon="1.9867356932" /><trkpt lat="48.7961839556" lon="1.9867361626" /><trkpt lat="48.7961837342" lon="1.9867366292" /><trkpt lat="48.796183512" lon="1.9867370966" /><trkpt lat="48.7961832892" lon="1.986737565" /><trkpt lat="48.7961830663" lon="1.9867380317" /><trkpt lat="48.7961828449" lon="1.986738499" /><trkpt lat="48.7961826203" lon="1.9867389665" /><trkpt lat="48.796182396" lon="1.9867394337" /><trkpt lat="48.7961821756" lon="1.9867399004" /><trkpt lat="48.7961819506" lon="1.9867403685" /><trkpt lat="48.7961817292" lon="1.9867408356" /><trkpt lat="48.7961815054" lon="1.9867413021" /><trkpt lat="48.796181283" lon="1.9867417691" /><trkpt lat="48.7961810581" lon="1.9867422369" /><trkpt lat="48.7961808356" lon="1.9867427047" /><trkpt lat="48.7961806114" lon="1.9867431719" /><trkpt lat="48.7961803884" lon="1.9867436393" /><trkpt lat="48.7961801639" lon="1.9867441075" /><trkpt lat="48.7961799402" lon="1.9867445756" /><trkpt lat="48.7961797165" lon="1.9867450436" /><trkpt lat="48.7961794927" lon="1.986745514" /><trkpt lat="48.7961792688" lon="1.9867459817" /><trkpt lat="48.7961790459" lon="1.9867464518" /><trkpt lat="48.7961788232" lon="1.9867469212" /><trkpt lat="48.7961785996" lon="1.9867473931" /><trkpt lat="48.7961783773" lon="1.9867478649" /><trkpt lat="48.7961781544" lon="1.986748335" /><trkpt lat="48.7961779314" lon="1.9867488072" /><trkpt lat="48.7961777089" lon="1.9867492811" /><trkpt lat="48.7961774869" lon="1.9867497524" /><trkpt lat="48.7961772637" lon="1.9867502238" /><trkpt lat="48.7961770396" lon="1.9867506967" /><trkpt lat="48.7961768159" lon="1.9867511681" /><trkpt lat="48.7961765922" lon="1.9867516417" /><trkpt lat="48.7961763695" lon="1.9867521125" /><trkpt lat="48.796176144" lon="1.9867525853" /><trkpt lat="48.7961759206" lon="1.9867530588" /><trkpt lat="48.7961756963" lon="1.986753533" /><trkpt lat="48.7961754724" lon="1.9867540049" /><trkpt lat="48.7961752473" lon="1.9867544793" /><trkpt lat="48.7961750226" lon="1.9867549528" /><trkpt lat="48.7961747983" lon="1.9867554265" /><trkpt lat="48.796174575" lon="1.986755901" /><trkpt lat="48.7961743533" lon="1.9867563744" /><trkpt lat="48.7961741314" lon="1.9867568486" /><trkpt lat="48.7961739092" lon="1.9867573223" /><trkpt lat="48.7961736867" lon="1.9867577965" /><trkpt lat="48.7961734648" lon="1.9867582703" /><trkpt lat="48.7961732426" lon="1.9867587439" /><trkpt lat="48.7961730203" lon="1.9867592185" /><trkpt lat="48.7961727976" lon="1.9867596918" /><trkpt lat="48.7961725754" lon="1.9867601667" /><trkpt lat="48.7961723502" lon="1.9867606409" /><trkpt lat="48.7961721288" lon="1.9867611149" /><trkpt lat="48.7961719064" lon="1.9867615891" /><trkpt lat="48.7961716825" lon="1.9867620634" /><trkpt lat="48.7961714592" lon="1.9867625369" /><trkpt lat="48.796171236" lon="1.9867630112" /><trkpt lat="48.7961710123" lon="1.9867634869" /><trkpt lat="48.7961707898" lon="1.9867639612" /><trkpt lat="48.7961705641" lon="1.9867644359" /><trkpt lat="48.7961703436" lon="1.9867649111" /><trkpt lat="48.7961701199" lon="1.9867653841" /><trkpt lat="48.7961698973" lon="1.9867658614" /><trkpt lat="48.7961696729" lon="1.9867663345" /><trkpt lat="48.7961694495" lon="1.9867668091" /><trkpt lat="48.7961692241" lon="1.9867672855" /><trkpt lat="48.7961690007" lon="1.9867677589" /><trkpt lat="48.7961687751" lon="1.9867682334" /><trkpt lat="48.7961685516" lon="1.9867687089" /><trkpt lat="48.7961683249" lon="1.9867691849" /><trkpt lat="48.7961681031" lon="1.9867696583" /><trkpt lat="48.7961678771" lon="1.9867701348" /><trkpt lat="48.7961676526" lon="1.9867706099" /><trkpt lat="48.7961674281" lon="1.9867710838" /><trkpt lat="48.796167203" lon="1.9867715616" /><trkpt lat="48.7961669775" lon="1.9867720365" /><trkpt lat="48.7961667525" lon="1.9867725116" /><trkpt lat="48.7961665274" lon="1.9867729883" /><trkpt lat="48.7961663018" lon="1.9867734642" /><trkpt lat="48.7961660763" lon="1.9867739394" /><trkpt lat="48.79616585" lon="1.9867744165" /><trkpt lat="48.796165625" lon="1.9867748924" /><trkpt lat="48.7961653995" lon="1.9867753695" /><trkpt lat="48.7961651729" lon="1.9867758478" /><trkpt lat="48.7961649482" lon="1.9867763245" /><trkpt lat="48.7961647233" lon="1.9867768015" /><trkpt lat="48.796164498" lon="1.9867772796" /><trkpt lat="48.7961642724" lon="1.986777758" /><trkpt lat="48.796164047" lon="1.9867782348" /><trkpt lat="48.7961638209" lon="1.9867787142" /><trkpt lat="48.796163597" lon="1.9867791924" /><trkpt lat="48.79616337" lon="1.9867796699" /><trkpt lat="48.7961631439" lon="1.9867801492" /><trkpt lat="48.7961629175" lon="1.9867806278" /><trkpt lat="48.7961626896" lon="1.9867811062" /><trkpt lat="48.7961624641" lon="1.9867815838" /><trkpt lat="48.7961622383" lon="1.9867820634" /><trkpt lat="48.7961620114" lon="1.9867825416" /><trkpt lat="48.7961617842" lon="1.9867830201" /><trkpt lat="48.7961615585" lon="1.9867835001" /><trkpt lat="48.7961613324" lon="1.9867839797" /><trkpt lat="48.7961611056" lon="1.9867844594" /><trkpt lat="48.7961608771" lon="1.9867849401" /><trkpt lat="48.7961606543" lon="1.9867854192" /><trkpt lat="48.7961604275" lon="1.9867859002" /><trkpt lat="48.7961602017" lon="1.9867863797" /><trkpt lat="48.7961599744" lon="1.9867868613" /><trkpt lat="48.7961597495" lon="1.9867873412" /><trkpt lat="48.7961595224" lon="1.9867878218" /><trkpt lat="48.7961592959" lon="1.9867883019" /><trkpt lat="48.7961590682" lon="1.9867887829" /><trkpt lat="48.7961588414" lon="1.9867892639" /><trkpt lat="48.7961586151" lon="1.9867897432" /><trkpt lat="48.7961583875" lon="1.986790225" /><trkpt lat="48.7961581597" lon="1.986790705" /><trkpt lat="48.7961579328" lon="1.9867911846" /><trkpt lat="48.7961577036" lon="1.9867916642" /><trkpt lat="48.796157476" lon="1.9867921447" /><trkpt lat="48.7961572481" lon="1.9867926248" /><trkpt lat="48.7961570199" lon="1.9867931049" /><trkpt lat="48.7961567917" lon="1.9867935843" /><trkpt lat="48.7961565639" lon="1.9867940655" /><trkpt lat="48.7961563359" lon="1.986794545" /><trkpt lat="48.7961561055" lon="1.9867950265" /><trkpt lat="48.7961558788" lon="1.986795506" /><trkpt lat="48.7961556516" lon="1.9867959882" /><trkpt lat="48.7961554226" lon="1.9867964683" /><trkpt lat="48.7961551921" lon="1.9867969485" /><trkpt lat="48.7961549663" lon="1.9867974311" /><trkpt lat="48.7961547381" lon="1.9867979127" /><trkpt lat="48.79615451" lon="1.9867983932" /><trkpt lat="48.7961542825" lon="1.9867988759" /><trkpt lat="48.7961540537" lon="1.9867993571" /><trkpt lat="48.7961538271" lon="1.9867998371" /><trkpt lat="48.7961535982" lon="1.9868003184" /><trkpt lat="48.7961533702" lon="1.9868008013" /><trkpt lat="48.7961531403" lon="1.9868012826" /><trkpt lat="48.7961529129" lon="1.9868017654" /><trkpt lat="48.7961526841" lon="1.9868022464" /><trkpt lat="48.796152453" lon="1.9868027292" /><trkpt lat="48.796152226" lon="1.9868032113" /><trkpt lat="48.7961519943" lon="1.9868036948" /><trkpt lat="48.7961517622" lon="1.9868041775" /><trkpt lat="48.7961515286" lon="1.9868046598" /><trkpt lat="48.7961512975" lon="1.9868051435" /><trkpt lat="48.7961510647" lon="1.9868056269" /><trkpt lat="48.7961508335" lon="1.9868061109" /><trkpt lat="48.7961506007" lon="1.986806595" /><trkpt lat="48.7961503675" lon="1.9868070806" /><trkpt lat="48.7961501378" lon="1.9868075643" /><trkpt lat="48.7961499052" lon="1.9868080497" /><trkpt lat="48.7961496748" lon="1.9868085347" /><trkpt lat="48.7961494412" lon="1.9868090199" /><trkpt lat="48.7961492097" lon="1.9868095049" /><trkpt lat="48.7961489773" lon="1.9868099907" /><trkpt lat="48.7961487463" lon="1.9868104749" /><trkpt lat="48.7961485131" lon="1.9868109598" /><trkpt lat="48.7961482794" lon="1.9868114462" /><trkpt lat="48.796148049" lon="1.9868119302" /><trkpt lat="48.7961478152" lon="1.986812416" /><trkpt lat="48.7961475832" lon="1.9868128999" /><trkpt lat="48.7961473503" lon="1.9868133862" /><trkpt lat="48.7961471174" lon="1.9868138712" /><trkpt lat="48.7961468857" lon="1.9868143569" /><trkpt lat="48.7961466528" lon="1.9868148422" /><trkpt lat="48.7961464211" lon="1.9868153273" /><trkpt lat="48.7961461897" lon="1.986815814" /><trkpt lat="48.7961459575" lon="1.9868163006" /><trkpt lat="48.7961457261" lon="1.9868167858" /><trkpt lat="48.7961454936" lon="1.986817272" /><trkpt lat="48.7961452624" lon="1.9868177586" /><trkpt lat="48.7961450302" lon="1.9868182461" /><trkpt lat="48.7961447981" lon="1.9868187316" /><trkpt lat="48.7961445654" lon="1.9868192167" /><trkpt lat="48.7961443327" lon="1.9868197032" /><trkpt lat="48.7961441004" lon="1.9868201887" /><trkpt lat="48.7961438673" lon="1.9868206752" /><trkpt lat="48.7961436348" lon="1.9868211617" /><trkpt lat="48.7961434023" lon="1.9868216473" /><trkpt lat="48.7961431702" lon="1.986822133" /><trkpt lat="48.7961429378" lon="1.9868226201" /><trkpt lat="48.7961427061" lon="1.9868231069" /><trkpt lat="48.7961424744" lon="1.9868235922" /><trkpt lat="48.7961422411" lon="1.986824082" /><trkpt lat="48.7961420105" lon="1.9868245686" /><trkpt lat="48.7961417791" lon="1.986825055" /><trkpt lat="48.7961415474" lon="1.9868255434" /><trkpt lat="48.7961413167" lon="1.9868260316" /><trkpt lat="48.7961410835" lon="1.9868265218" /><trkpt lat="48.796140854" lon="1.9868270094" /><trkpt lat="48.7961406206" lon="1.9868274978" /><trkpt lat="48.7961403899" lon="1.9868279852" /><trkpt lat="48.7961401568" lon="1.9868284748" /><trkpt lat="48.7961399251" lon="1.9868289628" /><trkpt lat="48.7961396931" lon="1.9868294519" /><trkpt lat="48.7961394604" lon="1.9868299409" /><trkpt lat="48.7961392285" lon="1.9868304284" /><trkpt lat="48.7961389949" lon="1.9868309184" /><trkpt lat="48.7961387627" lon="1.9868314064" /><trkpt lat="48.7961385305" lon="1.986831896" /><trkpt lat="48.7961382979" lon="1.986832385" /><trkpt lat="48.7961380647" lon="1.9868328748" /><trkpt lat="48.7961378328" lon="1.9868333628" /><trkpt lat="48.7961375992" lon="1.986833854" /><trkpt lat="48.7961373667" lon="1.9868343433" /><trkpt lat="48.7961371337" lon="1.9868348327" /><trkpt lat="48.7961369009" lon="1.9868353226" /><trkpt lat="48.7961366684" lon="1.9868358128" /><trkpt lat="48.7961364345" lon="1.9868363029" /><trkpt lat="48.7961362025" lon="1.9868367931" /><trkpt lat="48.7961359701" lon="1.9868372826" /><trkpt lat="48.7961357378" lon="1.9868377732" /><trkpt lat="48.7961355039" lon="1.9868382641" /><trkpt lat="48.7961352726" lon="1.9868387545" /><trkpt lat="48.7961350394" lon="1.986839245" /><trkpt lat="48.7961348076" lon="1.9868397361" /><trkpt lat="48.7961345744" lon="1.9868402278" /><trkpt lat="48.7961343421" lon="1.9868407174" /><trkpt lat="48.7961341098" lon="1.9868412099" /><trkpt lat="48.7961338775" lon="1.9868417007" /><trkpt lat="48.7961336453" lon="1.986842192" /><trkpt lat="48.7961334121" lon="1.9868426833" /><trkpt lat="48.7961331796" lon="1.986843174" /><trkpt lat="48.7961329473" lon="1.986843665" /><trkpt lat="48.7961327152" lon="1.9868441566" /><trkpt lat="48.7961324824" lon="1.9868446486" /><trkpt lat="48.7961322502" lon="1.9868451386" /><trkpt lat="48.7961320177" lon="1.9868456302" /><trkpt lat="48.7961317854" lon="1.9868461227" /><trkpt lat="48.7961315535" lon="1.9868466134" /><trkpt lat="48.7961313227" lon="1.9868471049" /><trkpt lat="48.7961310911" lon="1.9868475965" /><trkpt lat="48.7961308599" lon="1.9868480884" /><trkpt lat="48.7961306283" lon="1.9868485798" /><trkpt lat="48.7961303975" lon="1.9868490733" /><trkpt lat="48.7961301667" lon="1.986849564" /><trkpt lat="48.7961299355" lon="1.986850056" /><trkpt lat="48.7961297035" lon="1.9868505484" /><trkpt lat="48.7961294731" lon="1.9868510398" /><trkpt lat="48.7961292419" lon="1.9868515324" /><trkpt lat="48.7961290102" lon="1.9868520238" /><trkpt lat="48.7961287788" lon="1.9868525156" /><trkpt lat="48.7961285494" lon="1.9868530074" /><trkpt lat="48.7961283182" lon="1.9868534976" /><trkpt lat="48.7961280866" lon="1.9868539885" /><trkpt lat="48.7961278569" lon="1.9868544814" /><trkpt lat="48.7961276261" lon="1.9868549716" /><trkpt lat="48.7961273964" lon="1.9868554648" /><trkpt lat="48.7961271644" lon="1.9868559583" /><trkpt lat="48.7961269332" lon="1.9868564512" /><trkpt lat="48.7961267061" lon="1.9868569425" /><trkpt lat="48.7961264746" lon="1.9868574355" /><trkpt lat="48.796126247" lon="1.9868579291" /><trkpt lat="48.7961260169" lon="1.9868584215" /><trkpt lat="48.7961257869" lon="1.9868589149" /><trkpt lat="48.7961255554" lon="1.9868594088" /><trkpt lat="48.7961253262" lon="1.9868599006" /><trkpt lat="48.7961250951" lon="1.986860393" /><trkpt lat="48.7961248645" lon="1.9868608862" /><trkpt lat="48.7961246335" lon="1.9868613792" /><trkpt lat="48.7961244035" lon="1.9868618712" /><trkpt lat="48.796124173" lon="1.9868623629" /><trkpt lat="48.7961239415" lon="1.986862857" /><trkpt lat="48.79612371" lon="1.9868633504" /><trkpt lat="48.7961234808" lon="1.9868638418" /><trkpt lat="48.7961232501" lon="1.986864335" /><trkpt lat="48.7961230209" lon="1.9868648272" /><trkpt lat="48.7961227906" lon="1.9868653214" /><trkpt lat="48.7961225598" lon="1.986865815" /><trkpt lat="48.7961223311" lon="1.9868663069" /><trkpt lat="48.7961221006" lon="1.9868667995" /><trkpt lat="48.7961218706" lon="1.9868672928" /><trkpt lat="48.7961216407" lon="1.9868677847" /><trkpt lat="48.7961214112" lon="1.9868682786" /><trkpt lat="48.7961211803" lon="1.9868687704" /><trkpt lat="48.7961209509" lon="1.9868692635" /><trkpt lat="48.7961207215" lon="1.9868697561" /><trkpt lat="48.7961204913" lon="1.9868702486" /><trkpt lat="48.7961202619" lon="1.986870743" /><trkpt lat="48.796120032" lon="1.9868712356" /><trkpt lat="48.7961198028" lon="1.9868717284" /><trkpt lat="48.7961195741" lon="1.9868722218" /><trkpt lat="48.7961193454" lon="1.986872716" /><trkpt lat="48.7961191165" lon="1.9868732094" /><trkpt lat="48.7961188874" lon="1.9868737019" /><trkpt lat="48.7961186591" lon="1.9868741961" /><trkpt lat="48.7961184312" lon="1.9868746893" /><trkpt lat="48.7961182018" lon="1.9868751835" /><trkpt lat="48.7961179731" lon="1.986875678" /><trkpt lat="48.7961177452" lon="1.9868761694" /><trkpt lat="48.7961175167" lon="1.986876663" /><trkpt lat="48.7961172879" lon="1.9868771564" /><trkpt lat="48.7961170593" lon="1.9868776482" /><trkpt lat="48.7961168305" lon="1.9868781411" /><trkpt lat="48.7961166018" lon="1.9868786349" /><trkpt lat="48.796116373" lon="1.9868791274" /><trkpt lat="48.7961161448" lon="1.9868796202" /><trkpt lat="48.7961159155" lon="1.9868801129" /><trkpt lat="48.7961156868" lon="1.986880606" /><trkpt lat="48.7961154591" lon="1.9868810998" /><trkpt lat="48.7961152304" lon="1.9868815923" /><trkpt lat="48.796115002" lon="1.9868820852" /><trkpt lat="48.796114773" lon="1.9868825771" /><trkpt lat="48.7961145443" lon="1.9868830693" /><trkpt lat="48.7961143156" lon="1.9868835619" /><trkpt lat="48.7961140868" lon="1.9868840544" /><trkpt lat="48.7961138581" lon="1.9868845457" /><trkpt lat="48.7961136283" lon="1.986885037" /><trkpt lat="48.7961133988" lon="1.9868855294" /><trkpt lat="48.7961131702" lon="1.9868860195" /><trkpt lat="48.7961129414" lon="1.9868865109" /><trkpt lat="48.7961127118" lon="1.9868870033" /><trkpt lat="48.7961124832" lon="1.986887495" /><trkpt lat="48.7961122553" lon="1.9868879857" /><trkpt lat="48.796112026" lon="1.9868884762" /><trkpt lat="48.7961117987" lon="1.9868889683" /><trkpt lat="48.7961115685" lon="1.9868894587" /><trkpt lat="48.7961113412" lon="1.9868899501" /><trkpt lat="48.7961111125" lon="1.9868904402" /><trkpt lat="48.796110885" lon="1.9868909324" /><trkpt lat="48.7961106562" lon="1.9868914223" /><trkpt lat="48.7961104281" lon="1.986891914" /><trkpt lat="48.7961102005" lon="1.9868924035" /><trkpt lat="48.796109973" lon="1.9868928952" /><trkpt lat="48.796109745" lon="1.986893387" /><trkpt lat="48.7961095174" lon="1.9868938776" /><trkpt lat="48.7961092893" lon="1.9868943682" /><trkpt lat="48.7961090622" lon="1.986894858" /><trkpt lat="48.7961088353" lon="1.9868953491" /><trkpt lat="48.7961086067" lon="1.9868958389" /><trkpt lat="48.7961083784" lon="1.9868963298" /><trkpt lat="48.7961081519" lon="1.9868968189" /><trkpt lat="48.7961079231" lon="1.9868973094" /><trkpt lat="48.7961076946" lon="1.9868977991" /><trkpt lat="48.7961074668" lon="1.9868982885" /><trkpt lat="48.7961072386" lon="1.9868987764" /><trkpt lat="48.7961070089" lon="1.9868992659" /><trkpt lat="48.7961067806" lon="1.9868997552" /><trkpt lat="48.7961065532" lon="1.9869002425" /><trkpt lat="48.7961063238" lon="1.9869007318" /><trkpt lat="48.7961060969" lon="1.9869012203" /><trkpt lat="48.7961058674" lon="1.9869017095" /><trkpt lat="48.7961056396" lon="1.9869021967" /><trkpt lat="48.7961054121" lon="1.9869026834" /><trkpt lat="48.7961051851" lon="1.9869031704" /><trkpt lat="48.7961049584" lon="1.9869036582" /><trkpt lat="48.7961047308" lon="1.9869041477" /><trkpt lat="48.7961045052" lon="1.9869046316" /><trkpt lat="48.796104278" lon="1.9869051205" /><trkpt lat="48.7961040521" lon="1.9869056067" /><trkpt lat="48.7961038256" lon="1.9869060947" /><trkpt lat="48.7961035985" lon="1.9869065813" /><trkpt lat="48.7961033723" lon="1.9869070673" /><trkpt lat="48.7961031449" lon="1.9869075539" /><trkpt lat="48.796102918" lon="1.9869080411" /><trkpt lat="48.7961026908" lon="1.9869085284" /><trkpt lat="48.7961024637" lon="1.9869090131" /><trkpt lat="48.7961022367" lon="1.9869094985" /><trkpt lat="48.7961020095" lon="1.9869099847" /><trkpt lat="48.7961017832" lon="1.9869104702" /><trkpt lat="48.7961015568" lon="1.9869109567" /><trkpt lat="48.7961013307" lon="1.9869114419" /><trkpt lat="48.7961011037" lon="1.9869119263" /><trkpt lat="48.7961008769" lon="1.9869124117" /><trkpt lat="48.7961006518" lon="1.9869128953" /><trkpt lat="48.7961004242" lon="1.986913381" /><trkpt lat="48.7961001991" lon="1.9869138643" /><trkpt lat="48.7960999717" lon="1.9869143483" /><trkpt lat="48.7960997463" lon="1.9869148315" /><trkpt lat="48.7960995195" lon="1.9869153157" /><trkpt lat="48.7960992933" lon="1.9869157988" /><trkpt lat="48.796099067" lon="1.9869162815" /><trkpt lat="48.7960988409" lon="1.9869167645" /><trkpt lat="48.7960986156" lon="1.9869172468" /><trkpt lat="48.7960983885" lon="1.9869177308" /><trkpt lat="48.7960981629" lon="1.9869182136" /><trkpt lat="48.796097937" lon="1.9869186951" /><trkpt lat="48.7960977102" lon="1.9869191787" /><trkpt lat="48.7960974854" lon="1.9869196606" /><trkpt lat="48.7960972599" lon="1.9869201433" /><trkpt lat="48.7960970339" lon="1.9869206252" /><trkpt lat="48.7960968078" lon="1.9869211068" /><trkpt lat="48.7960965818" lon="1.9869215881" /><trkpt lat="48.7960963567" lon="1.9869220709" /><trkpt lat="48.7960961302" lon="1.986922552" /><trkpt lat="48.7960959052" lon="1.9869230331" /><trkpt lat="48.7960956795" lon="1.9869235141" /><trkpt lat="48.7960954541" lon="1.9869239958" /><trkpt lat="48.7960952295" lon="1.9869244765" /><trkpt lat="48.7960950043" lon="1.9869249576" /><trkpt lat="48.7960947798" lon="1.9869254378" /><trkpt lat="48.7960945546" lon="1.9869259191" /><trkpt lat="48.7960943301" lon="1.9869263993" /><trkpt lat="48.7960941057" lon="1.9869268789" /><trkpt lat="48.7960938797" lon="1.9869273582" /><trkpt lat="48.7960936552" lon="1.9869278373" /><trkpt lat="48.796093431" lon="1.9869283167" /><trkpt lat="48.7960932057" lon="1.9869287945" /><trkpt lat="48.7960929817" lon="1.9869292744" /><trkpt lat="48.7960927563" lon="1.986929752" /><trkpt lat="48.7960925309" lon="1.9869302287" /><trkpt lat="48.7960923066" lon="1.9869307075" /><trkpt lat="48.7960920829" lon="1.9869311847" /><trkpt lat="48.796091858" lon="1.986931662" /><trkpt lat="48.7960916339" lon="1.9869321383" /><trkpt lat="48.7960914098" lon="1.9869326161" /><trkpt lat="48.7960911864" lon="1.9869330921" /><trkpt lat="48.796090964" lon="1.9869335692" /><trkpt lat="48.7960907395" lon="1.9869340466" /><trkpt lat="48.7960905178" lon="1.9869345215" /><trkpt lat="48.7960902937" lon="1.9869349976" /><trkpt lat="48.7960900716" lon="1.986935475" /><trkpt lat="48.7960898496" lon="1.9869359486" /><trkpt lat="48.7960896262" lon="1.9869364253" /><trkpt lat="48.7960894036" lon="1.9869369002" /><trkpt lat="48.7960891814" lon="1.9869373746" /><trkpt lat="48.7960889583" lon="1.98693785" /><trkpt lat="48.7960887362" lon="1.9869383237" /><trkpt lat="48.7960885128" lon="1.9869387978" /><trkpt lat="48.7960882911" lon="1.9869392702" /><trkpt lat="48.7960880677" lon="1.9869397444" /><trkpt lat="48.7960878463" lon="1.9869402167" /><trkpt lat="48.7960876228" lon="1.9869406904" /><trkpt lat="48.7960874016" lon="1.9869411629" /><trkpt lat="48.7960871797" lon="1.9869416341" /><trkpt lat="48.7960869568" lon="1.9869421064" /><trkpt lat="48.796086736" lon="1.9869425788" /><trkpt lat="48.796086515" lon="1.9869430522" /><trkpt lat="48.7960862935" lon="1.9869435225" /><trkpt lat="48.7960860725" lon="1.9869439946" /><trkpt lat="48.7960858513" lon="1.986944466" /><trkpt lat="48.7960856306" lon="1.9869449383" /><trkpt lat="48.7960854103" lon="1.9869454087" /><trkpt lat="48.7960851893" lon="1.9869458803" /><trkpt lat="48.7960849685" lon="1.9869463511" /><trkpt lat="48.7960847472" lon="1.9869468211" /><trkpt lat="48.7960845261" lon="1.9869472915" /><trkpt lat="48.7960843053" lon="1.9869477619" /><trkpt lat="48.7960840849" lon="1.9869482323" /><trkpt lat="48.7960838644" lon="1.9869487017" /><trkpt lat="48.796083643" lon="1.9869491696" /><trkpt lat="48.7960834221" lon="1.986949638" /><trkpt lat="48.7960832001" lon="1.9869501064" /><trkpt lat="48.7960829787" lon="1.9869505751" /><trkpt lat="48.7960827571" lon="1.9869510421" /><trkpt lat="48.7960825355" lon="1.986951509" /><trkpt lat="48.7960823144" lon="1.9869519765" /><trkpt lat="48.7960820929" lon="1.9869524433" /><trkpt lat="48.796081872" lon="1.9869529095" /><trkpt lat="48.7960816509" lon="1.9869533764" /><trkpt lat="48.7960814304" lon="1.9869538416" /><trkpt lat="48.7960812102" lon="1.9869543083" /><trkpt lat="48.7960809885" lon="1.9869547749" /><trkpt lat="48.7960807689" lon="1.9869552397" /><trkpt lat="48.7960805481" lon="1.9869557051" /><trkpt lat="48.7960803271" lon="1.9869561717" /><trkpt lat="48.796080108" lon="1.9869566366" /><trkpt lat="48.7960798883" lon="1.9869571001" /><trkpt lat="48.7960796673" lon="1.9869575654" /><trkpt lat="48.7960794474" lon="1.9869580296" /><trkpt lat="48.7960792277" lon="1.9869584947" /><trkpt lat="48.796079009" lon="1.9869589572" /><trkpt lat="48.7960787889" lon="1.9869594183" /><trkpt lat="48.7960785691" lon="1.9869598814" /><trkpt lat="48.7960783496" lon="1.9869603442" /><trkpt lat="48.7960781301" lon="1.986960808" /><trkpt lat="48.7960779118" lon="1.986961268" /><trkpt lat="48.7960776924" lon="1.9869617294" /><trkpt lat="48.796077474" lon="1.9869621922" /><trkpt lat="48.7960772553" lon="1.9869626527" /><trkpt lat="48.796077037" lon="1.9869631139" /><trkpt lat="48.796076818" lon="1.9869635744" /><trkpt lat="48.7960765998" lon="1.9869640354" /><trkpt lat="48.7960763816" lon="1.9869644966" /><trkpt lat="48.796076163" lon="1.9869649547" /><trkpt lat="48.7960759449" lon="1.9869654151" /><trkpt lat="48.7960757269" lon="1.9869658745" /><trkpt lat="48.7960755102" lon="1.9869663342" /><trkpt lat="48.7960752916" lon="1.9869667928" /><trkpt lat="48.7960750741" lon="1.9869672529" /><trkpt lat="48.7960748573" lon="1.9869677115" /><trkpt lat="48.7960746405" lon="1.9869681702" /><trkpt lat="48.796074422" lon="1.9869686271" /><trkpt lat="48.7960742062" lon="1.9869690854" /><trkpt lat="48.7960739896" lon="1.9869695427" /><trkpt lat="48.796073773" lon="1.9869700009" /><trkpt lat="48.7960735565" lon="1.9869704588" /><trkpt lat="48.7960733392" lon="1.9869709127" /><trkpt lat="48.796073123" lon="1.9869713683" /><trkpt lat="48.7960729062" lon="1.9869718246" /><trkpt lat="48.7960726893" lon="1.9869722797" /><trkpt lat="48.7960724734" lon="1.9869727349" /><trkpt lat="48.7960722577" lon="1.9869731921" /><trkpt lat="48.796072042" lon="1.9869736454" /><trkpt lat="48.7960718263" lon="1.9869741003" /><trkpt lat="48.7960716113" lon="1.9869745558" /><trkpt lat="48.7960713961" lon="1.9869750114" /><trkpt lat="48.7960711807" lon="1.9869754665" /><trkpt lat="48.7960709668" lon="1.9869759226" /><trkpt lat="48.7960707505" lon="1.9869763765" /><trkpt lat="48.7960705366" lon="1.9869768308" /><trkpt lat="48.7960703207" lon="1.9869772863" /><trkpt lat="48.7960701064" lon="1.9869777397" /><trkpt lat="48.7960698912" lon="1.9869781931" /><trkpt lat="48.7960696765" lon="1.9869786468" /><trkpt lat="48.7960694629" lon="1.9869791015" /><trkpt lat="48.7960692477" lon="1.9869795531" /><trkpt lat="48.7960690331" lon="1.9869800051" /><trkpt lat="48.7960688189" lon="1.9869804579" /><trkpt lat="48.7960686054" lon="1.9869809095" /><trkpt lat="48.7960683917" lon="1.9869813614" /><trkpt lat="48.7960681784" lon="1.9869818129" /><trkpt lat="48.7960679659" lon="1.9869822654" /><trkpt lat="48.7960677535" lon="1.9869827171" /><trkpt lat="48.796067541" lon="1.9869831672" /><trkpt lat="48.7960673287" lon="1.9869836186" /><trkpt lat="48.7960671164" lon="1.9869840688" /><trkpt lat="48.7960669046" lon="1.9869845199" /><trkpt lat="48.7960666928" lon="1.9869849711" /><trkpt lat="48.7960664811" lon="1.9869854206" /><trkpt lat="48.7960662697" lon="1.9869858708" /><trkpt lat="48.7960660575" lon="1.9869863199" /><trkpt lat="48.7960658463" lon="1.9869867692" /><trkpt lat="48.796065636" lon="1.9869872187" /><trkpt lat="48.7960654235" lon="1.9869876658" /><trkpt lat="48.7960652132" lon="1.9869881142" /><trkpt lat="48.7960650018" lon="1.9869885624" /><trkpt lat="48.796064791" lon="1.9869890089" /><trkpt lat="48.7960645806" lon="1.9869894565" /><trkpt lat="48.7960643688" lon="1.9869899032" /><trkpt lat="48.7960641589" lon="1.9869903498" /><trkpt lat="48.7960639487" lon="1.9869907939" /><trkpt lat="48.796063739" lon="1.9869912401" /><trkpt lat="48.7960635274" lon="1.9869916847" /><trkpt lat="48.7960633171" lon="1.9869921266" /><trkpt lat="48.7960631073" lon="1.9869925711" /><trkpt lat="48.7960628973" lon="1.9869930137" /><trkpt lat="48.7960626876" lon="1.9869934563" /><trkpt lat="48.7960624787" lon="1.9869938995" /><trkpt lat="48.7960622703" lon="1.9869943422" /><trkpt lat="48.7960620616" lon="1.986994783" /><trkpt lat="48.7960618541" lon="1.9869952271" /><trkpt lat="48.7960616463" lon="1.9869956685" /><trkpt lat="48.7960614394" lon="1.986996109" /><trkpt lat="48.7960612316" lon="1.9869965493" /><trkpt lat="48.7960610249" lon="1.9869969891" /><trkpt lat="48.7960608176" lon="1.9869974278" /><trkpt lat="48.7960606103" lon="1.9869978671" /><trkpt lat="48.7960604043" lon="1.9869983055" /><trkpt lat="48.7960601959" lon="1.9869987436" /><trkpt lat="48.796059989" lon="1.986999181" /><trkpt lat="48.796059781" lon="1.9869996175" /><trkpt lat="48.7960595741" lon="1.9870000541" /><trkpt lat="48.7960593671" lon="1.9870004918" /><trkpt lat="48.7960591589" lon="1.9870009266" /><trkpt lat="48.7960589515" lon="1.987001362" /><trkpt lat="48.7960587447" lon="1.9870017986" /><trkpt lat="48.7960585386" lon="1.987002233" /><trkpt lat="48.7960583322" lon="1.9870026687" /><trkpt lat="48.7960581262" lon="1.9870031023" /><trkpt lat="48.7960579214" lon="1.9870035369" /><trkpt lat="48.7960577158" lon="1.9870039716" /><trkpt lat="48.7960575119" lon="1.9870044061" /><trkpt lat="48.796057308" lon="1.9870048408" /><trkpt lat="48.7960571042" lon="1.9870052746" /><trkpt lat="48.7960569009" lon="1.987005708" /><trkpt lat="48.7960566971" lon="1.9870061408" /><trkpt lat="48.7960564939" lon="1.9870065718" /><trkpt lat="48.7960562903" lon="1.9870070036" /><trkpt lat="48.7960560874" lon="1.9870074344" /><trkpt lat="48.7960558838" lon="1.9870078636" /><trkpt lat="48.7960556807" lon="1.9870082914" /><trkpt lat="48.7960554779" lon="1.9870087201" /><trkpt lat="48.796055275" lon="1.9870091477" /><trkpt lat="48.7960550717" lon="1.9870095732" /><trkpt lat="48.7960548688" lon="1.9870099988" /><trkpt lat="48.7960546676" lon="1.9870104241" /><trkpt lat="48.7960544658" lon="1.9870108494" /><trkpt lat="48.7960542651" lon="1.9870112732" /><trkpt lat="48.7960540645" lon="1.9870116967" /><trkpt lat="48.796053865" lon="1.9870121201" /><trkpt lat="48.7960536655" lon="1.9870125426" /><trkpt lat="48.7960534666" lon="1.9870129646" /><trkpt lat="48.7960532685" lon="1.9870133856" /><trkpt lat="48.7960530703" lon="1.9870138062" /><trkpt lat="48.7960528721" lon="1.9870142259" /><trkpt lat="48.7960526741" lon="1.9870146435" /><trkpt lat="48.7960524767" lon="1.9870150609" /><trkpt lat="48.7960522795" lon="1.9870154772" /><trkpt lat="48.7960520826" lon="1.9870158927" /><trkpt lat="48.7960518862" lon="1.9870163072" /><trkpt lat="48.79605169" lon="1.9870167202" /><trkpt lat="48.7960514943" lon="1.9870171324" /><trkpt lat="48.7960512992" lon="1.9870175436" /><trkpt lat="48.7960511052" lon="1.9870179542" /><trkpt lat="48.796050911" lon="1.9870183628" /><trkpt lat="48.7960507177" lon="1.9870187715" /><trkpt lat="48.7960505253" lon="1.9870191787" /><trkpt lat="48.7960503343" lon="1.987019586" /><trkpt lat="48.7960501433" lon="1.987019991" /><trkpt lat="48.7960499525" lon="1.9870203931" /><trkpt lat="48.7960497628" lon="1.9870207951" /><trkpt lat="48.7960495744" lon="1.9870211951" /><trkpt lat="48.7960493861" lon="1.9870215938" /><trkpt lat="48.7960491976" lon="1.9870219908" /><trkpt lat="48.7960490113" lon="1.9870223855" /><trkpt lat="48.7960488253" lon="1.9870227789" /><trkpt lat="48.7960486387" lon="1.9870231707" /><trkpt lat="48.7960484535" lon="1.9870235603" /><trkpt lat="48.7960482699" lon="1.9870239481" /><trkpt lat="48.7960480866" lon="1.987024335" /><trkpt lat="48.7960479044" lon="1.9870247206" /><trkpt lat="48.7960477236" lon="1.9870251048" /><trkpt lat="48.7960475436" lon="1.9870254876" /><trkpt lat="48.7960473646" lon="1.9870258672" /><trkpt lat="48.7960471859" lon="1.9870262458" /><trkpt lat="48.7960470096" lon="1.9870266231" /><trkpt lat="48.7960468334" lon="1.9870269995" /><trkpt lat="48.7960466569" lon="1.9870273732" /><trkpt lat="48.7960464821" lon="1.9870277451" /><trkpt lat="48.7960463085" lon="1.987028116" /><trkpt lat="48.7960461347" lon="1.9870284851" /><trkpt lat="48.7960459625" lon="1.9870288517" /><trkpt lat="48.7960457899" lon="1.9870292168" /><trkpt lat="48.7960456189" lon="1.9870295799" /><trkpt lat="48.7960454477" lon="1.987029942" /><trkpt lat="48.7960452779" lon="1.9870303023" /><trkpt lat="48.7960451084" lon="1.9870306606" /><trkpt lat="48.7960449405" lon="1.9870310173" /><trkpt lat="48.7960447722" lon="1.987031373" /><trkpt lat="48.7960446055" lon="1.9870317263" /><trkpt lat="48.7960444395" lon="1.9870320788" /><trkpt lat="48.7960442747" lon="1.9870324292" /><trkpt lat="48.7960441102" lon="1.9870327791" /><trkpt lat="48.7960439469" lon="1.9870331266" /><trkpt lat="48.7960437846" lon="1.9870334732" /><trkpt lat="48.7960436238" lon="1.9870338193" /><trkpt lat="48.7960434637" lon="1.9870341625" /><trkpt lat="48.7960433045" lon="1.9870345058" /><trkpt lat="48.7960431464" lon="1.9870348457" /><trkpt lat="48.7960429878" lon="1.9870351831" /><trkpt lat="48.7960428282" lon="1.9870355186" /><trkpt lat="48.7960426673" lon="1.9870358521" /><trkpt lat="48.7960425078" lon="1.9870361828" /><trkpt lat="48.7960423476" lon="1.9870365118" /><trkpt lat="48.7960421892" lon="1.987036839" /><trkpt lat="48.7960420319" lon="1.9870371664" /><trkpt lat="48.7960418721" lon="1.987037488" /><trkpt lat="48.7960417152" lon="1.9870378107" /><trkpt lat="48.7960415583" lon="1.987038131" /><trkpt lat="48.7960414028" lon="1.9870384502" /><trkpt lat="48.796041247" lon="1.9870387682" /><trkpt lat="48.7960410928" lon="1.9870390849" /><trkpt lat="48.79604094" lon="1.9870393989" /><trkpt lat="48.7960407877" lon="1.9870397127" /><trkpt lat="48.7960406363" lon="1.9870400258" /><trkpt lat="48.7960404853" lon="1.9870403362" /><trkpt lat="48.7960403362" lon="1.9870406451" /><trkpt lat="48.7960401877" lon="1.9870409529" /><trkpt lat="48.7960400418" lon="1.9870412625" /><trkpt lat="48.7960398925" lon="1.9870415654" /><trkpt lat="48.7960397463" lon="1.9870418694" /><trkpt lat="48.796039601" lon="1.9870421709" /><trkpt lat="48.7960394558" lon="1.9870424716" /><trkpt lat="48.7960393108" lon="1.9870427694" /><trkpt lat="48.7960391672" lon="1.9870430657" /><trkpt lat="48.7960390238" lon="1.9870433609" /><trkpt lat="48.7960388816" lon="1.9870436541" /><trkpt lat="48.7960387411" lon="1.9870439481" /><trkpt lat="48.7960385979" lon="1.9870442357" /><trkpt lat="48.796038457" lon="1.987044524" /><trkpt lat="48.7960383176" lon="1.9870448112" /><trkpt lat="48.7960381789" lon="1.9870450973" /><trkpt lat="48.7960380408" lon="1.987045381" /><trkpt lat="48.7960379051" lon="1.987045666" /><trkpt lat="48.7960377674" lon="1.9870459456" /><trkpt lat="48.796037632" lon="1.9870462267" /><trkpt lat="48.7960374977" lon="1.9870465054" /><trkpt lat="48.7960373637" lon="1.9870467826" /><trkpt lat="48.7960372322" lon="1.9870470603" /><trkpt lat="48.7960370989" lon="1.9870473318" /><trkpt lat="48.7960369675" lon="1.987047605" /><trkpt lat="48.7960368366" lon="1.9870478746" /><trkpt lat="48.7960367064" lon="1.9870481438" /><trkpt lat="48.7960365771" lon="1.9870484104" /><trkpt lat="48.7960364474" lon="1.9870486752" /><trkpt lat="48.7960363199" lon="1.987048939" /><trkpt lat="48.7960361925" lon="1.9870492006" /><trkpt lat="48.7960360662" lon="1.9870494608" /><trkpt lat="48.7960359404" lon="1.9870497193" /><trkpt lat="48.796035815" lon="1.9870499766" /><trkpt lat="48.7960356913" lon="1.9870502319" /><trkpt lat="48.7960355676" lon="1.9870504858" /><trkpt lat="48.7960354455" lon="1.9870507384" /><trkpt lat="48.7960353237" lon="1.9870509897" /><trkpt lat="48.7960352024" lon="1.9870512389" /><trkpt lat="48.7960350828" lon="1.9870514869" /><trkpt lat="48.7960349633" lon="1.9870517332" /><trkpt lat="48.7960348442" lon="1.9870519772" /><trkpt lat="48.796034726" lon="1.9870522201" /><trkpt lat="48.7960346094" lon="1.9870524619" /><trkpt lat="48.7960344931" lon="1.9870527024" /><trkpt lat="48.7960343779" lon="1.9870529409" /><trkpt lat="48.7960342628" lon="1.9870531777" /><trkpt lat="48.7960341483" lon="1.9870534128" /><trkpt lat="48.7960340352" lon="1.9870536462" /><trkpt lat="48.7960339231" lon="1.9870538785" /><trkpt lat="48.7960338111" lon="1.987054109" /><trkpt lat="48.7960337001" lon="1.9870543381" /><trkpt lat="48.7960335898" lon="1.9870545651" /><trkpt lat="48.7960334802" lon="1.9870547911" /><trkpt lat="48.7960333739" lon="1.9870550177" /><trkpt lat="48.7960332642" lon="1.9870552386" /><trkpt lat="48.7960331573" lon="1.9870554608" /><trkpt lat="48.7960330516" lon="1.9870556805" /><trkpt lat="48.7960329463" lon="1.9870558995" /><trkpt lat="48.7960328424" lon="1.9870561168" /><trkpt lat="48.7960327389" lon="1.9870563326" /><trkpt lat="48.7960326382" lon="1.9870565484" /><trkpt lat="48.7960325336" lon="1.9870567581" /><trkpt lat="48.7960324326" lon="1.9870569694" /><trkpt lat="48.7960323337" lon="1.9870571806" /><trkpt lat="48.7960322303" lon="1.9870573869" /><trkpt lat="48.7960321323" lon="1.9870575935" /><trkpt lat="48.7960320307" lon="1.9870577952" /><trkpt lat="48.7960319321" lon="1.9870579983" /><trkpt lat="48.7960318338" lon="1.9870582002" /><trkpt lat="48.7960317357" lon="1.9870583997" /><trkpt lat="48.7960316374" lon="1.9870585988" /><trkpt lat="48.7960315412" lon="1.9870587967" /><trkpt lat="48.7960314443" lon="1.9870589947" /><trkpt lat="48.7960313487" lon="1.9870591912" /><trkpt lat="48.7960312533" lon="1.9870593868" /><trkpt lat="48.7960311588" lon="1.9870595821" /><trkpt lat="48.7960310666" lon="1.9870597787" /><trkpt lat="48.7960309702" lon="1.9870599715" /><trkpt lat="48.7960308769" lon="1.987060164" /><trkpt lat="48.7960307858" lon="1.9870603585" /><trkpt lat="48.7960306907" lon="1.9870605504" /><trkpt lat="48.7960305979" lon="1.987060742" /><trkpt lat="48.7960305056" lon="1.9870609328" /><trkpt lat="48.796030415" lon="1.987061126" /><trkpt lat="48.7960303247" lon="1.9870613172" /><trkpt lat="48.7960302347" lon="1.9870615081" /><trkpt lat="48.7960301417" lon="1.9870616952" /><trkpt lat="48.7960300507" lon="1.9870618836" /><trkpt lat="48.7960299596" lon="1.987062072" /><trkpt lat="48.796029869" lon="1.9870622596" /><trkpt lat="48.7960297784" lon="1.987062447" /><trkpt lat="48.7960296881" lon="1.9870626344" /><trkpt lat="48.7960295975" lon="1.9870628217" /><trkpt lat="48.7960295075" lon="1.9870630087" /><trkpt lat="48.7960294174" lon="1.9870631951" /><trkpt lat="48.7960293272" lon="1.9870633819" /><trkpt lat="48.7960292374" lon="1.9870635674" /><trkpt lat="48.7960291489" lon="1.9870637553" /><trkpt lat="48.7960290593" lon="1.987063941" /><trkpt lat="48.7960289696" lon="1.9870641265" /><trkpt lat="48.7960288787" lon="1.9870643102" /><trkpt lat="48.7960287896" lon="1.9870644954" /><trkpt lat="48.7960286999" lon="1.9870646806" /><trkpt lat="48.7960286106" lon="1.987064865" /><trkpt lat="48.7960285214" lon="1.9870650494" /><trkpt lat="48.7960284317" lon="1.987065234" /><trkpt lat="48.7960283421" lon="1.9870654181" /><trkpt lat="48.7960282527" lon="1.9870656017" /><trkpt lat="48.7960281635" lon="1.9870657855" /><trkpt lat="48.7960280743" lon="1.9870659696" /><trkpt lat="48.7960279853" lon="1.987066153" /><trkpt lat="48.7960278962" lon="1.9870663368" /><trkpt lat="48.7960278074" lon="1.9870665206" /><trkpt lat="48.7960277184" lon="1.9870667041" /><trkpt lat="48.79602763" lon="1.9870668885" /><trkpt lat="48.7960275417" lon="1.9870670721" /><trkpt lat="48.7960274532" lon="1.9870672557" /><trkpt lat="48.7960273644" lon="1.987067439" /><trkpt lat="48.7960272761" lon="1.9870676226" /><trkpt lat="48.7960271879" lon="1.9870678059" /><trkpt lat="48.7960270993" lon="1.9870679896" /><trkpt lat="48.796027011" lon="1.9870681726" /><trkpt lat="48.7960269221" lon="1.987068356" /><trkpt lat="48.7960268339" lon="1.9870685393" /><trkpt lat="48.7960267458" lon="1.9870687221" /><trkpt lat="48.7960266577" lon="1.9870689052" /><trkpt lat="48.7960265692" lon="1.9870690878" /><trkpt lat="48.7960264811" lon="1.9870692713" /><trkpt lat="48.7960263945" lon="1.9870694557" /><trkpt lat="48.7960263052" lon="1.9870696362" /><trkpt lat="48.7960262165" lon="1.9870698197" /><trkpt lat="48.7960261281" lon="1.9870700026" /><trkpt lat="48.7960260403" lon="1.987070185" /><trkpt lat="48.7960259522" lon="1.9870703687" /><trkpt lat="48.7960258645" lon="1.9870705527" /><trkpt lat="48.7960257768" lon="1.9870707352" /><trkpt lat="48.7960256892" lon="1.9870709188" /><trkpt lat="48.7960256026" lon="1.9870711033" /><trkpt lat="48.796025513" lon="1.9870712859" /><trkpt lat="48.7960254252" lon="1.9870714687" /><trkpt lat="48.7960253375" lon="1.9870716523" /><trkpt lat="48.7960252493" lon="1.9870718359" /><trkpt lat="48.7960251616" lon="1.9870720196" /><trkpt lat="48.7960250745" lon="1.9870722046" /><trkpt lat="48.7960249857" lon="1.9870723863" /><trkpt lat="48.7960248986" lon="1.9870725708" /><trkpt lat="48.7960248088" lon="1.9870727523" /><trkpt lat="48.7960247196" lon="1.9870729358" /><trkpt lat="48.7960246315" lon="1.9870731186" /><trkpt lat="48.7960245434" lon="1.9870733026" /><trkpt lat="48.7960244548" lon="1.9870734861" /><trkpt lat="48.7960243668" lon="1.9870736715" /><trkpt lat="48.7960242774" lon="1.9870738528" /><trkpt lat="48.7960241889" lon="1.987074036" /><trkpt lat="48.7960241004" lon="1.9870742204" /><trkpt lat="48.7960240123" lon="1.9870744046" /><trkpt lat="48.7960239237" lon="1.987074588" /><trkpt lat="48.7960238367" lon="1.987074773" /><trkpt lat="48.7960237466" lon="1.9870749557" /><trkpt lat="48.7960236581" lon="1.9870751397" /><trkpt lat="48.7960235702" lon="1.9870753252" /><trkpt lat="48.7960234798" lon="1.9870755074" /><trkpt lat="48.7960233912" lon="1.9870756914" /><trkpt lat="48.7960233021" lon="1.987075876" /><trkpt lat="48.7960232128" lon="1.9870760598" /><trkpt lat="48.7960231246" lon="1.9870762454" /><trkpt lat="48.7960230339" lon="1.9870764283" /><trkpt lat="48.7960229441" lon="1.9870766127" /><trkpt lat="48.7960228547" lon="1.9870767977" /><trkpt lat="48.7960227668" lon="1.987076984" /><trkpt lat="48.7960226758" lon="1.9870771674" /><trkpt lat="48.7960225866" lon="1.9870773526" /><trkpt lat="48.7960224971" lon="1.9870775377" /><trkpt lat="48.7960224084" lon="1.9870777229" /><trkpt lat="48.7960223187" lon="1.9870779081" /><trkpt lat="48.7960222305" lon="1.987078095" /><trkpt lat="48.7960221402" lon="1.9870782783" /><trkpt lat="48.7960220526" lon="1.9870784654" /><trkpt lat="48.7960219616" lon="1.9870786497" /><trkpt lat="48.7960218724" lon="1.9870788353" /><trkpt lat="48.7960217837" lon="1.9870790208" /><trkpt lat="48.7960216947" lon="1.987079207" /><trkpt lat="48.7960216057" lon="1.9870793926" /><trkpt lat="48.7960215174" lon="1.98707958" /><trkpt lat="48.7960214285" lon="1.9870797655" /><trkpt lat="48.7960213421" lon="1.9870799542" /><trkpt lat="48.796021253" lon="1.9870801432" /><trkpt lat="48.7960211635" lon="1.9870803307" /><trkpt lat="48.7960210756" lon="1.9870805189" /><trkpt lat="48.7960209848" lon="1.987080707" /><trkpt lat="48.7960208955" lon="1.987080895" /><trkpt lat="48.7960208059" lon="1.9870810829" /><trkpt lat="48.7960207156" lon="1.9870812712" /><trkpt lat="48.7960206263" lon="1.9870814594" /><trkpt lat="48.7960205371" lon="1.9870816469" /><trkpt lat="48.7960204461" lon="1.9870818349" /><trkpt lat="48.7960203561" lon="1.9870820224" /><trkpt lat="48.7960202658" lon="1.9870822106" /><trkpt lat="48.7960201752" lon="1.9870823987" /><trkpt lat="48.7960200856" lon="1.987082587" /><trkpt lat="48.7960199948" lon="1.987082774" /><trkpt lat="48.7960199039" lon="1.9870829617" /><trkpt lat="48.7960198136" lon="1.9870831497" /><trkpt lat="48.7960197233" lon="1.9870833378" /><trkpt lat="48.7960196332" lon="1.9870835255" /><trkpt lat="48.7960195426" lon="1.987083713" /><trkpt lat="48.7960194522" lon="1.987083901" /><trkpt lat="48.7960193613" lon="1.9870840884" /><trkpt lat="48.7960192711" lon="1.987084276" /><trkpt lat="48.7960191819" lon="1.9870844644" /><trkpt lat="48.7960190899" lon="1.9870846521" /><trkpt lat="48.796019" lon="1.9870848401" /><trkpt lat="48.7960189076" lon="1.9870850273" /><trkpt lat="48.796018817" lon="1.9870852149" /><trkpt lat="48.7960187251" lon="1.987085403" /><trkpt lat="48.7960186338" lon="1.987085591" /><trkpt lat="48.7960185424" lon="1.987085779" /><trkpt lat="48.7960184516" lon="1.9870859668" /><trkpt lat="48.7960183604" lon="1.9870861554" /><trkpt lat="48.7960182688" lon="1.9870863438" /><trkpt lat="48.7960181777" lon="1.9870865329" /><trkpt lat="48.7960180861" lon="1.9870867214" /><trkpt lat="48.7960179948" lon="1.9870869103" /><trkpt lat="48.7960179032" lon="1.987087099" /><trkpt lat="48.7960178114" lon="1.9870872888" /><trkpt lat="48.7960177205" lon="1.9870874791" /><trkpt lat="48.7960176283" lon="1.9870876681" /><trkpt lat="48.7960175358" lon="1.9870878581" /><trkpt lat="48.7960174446" lon="1.9870880485" /><trkpt lat="48.7960173511" lon="1.9870882381" /><trkpt lat="48.7960172577" lon="1.9870884286" /><trkpt lat="48.7960171644" lon="1.9870886193" /><trkpt lat="48.7960170702" lon="1.9870888098" /><trkpt lat="48.796016976" lon="1.9870890017" /><trkpt lat="48.7960168816" lon="1.9870891936" /><trkpt lat="48.7960167872" lon="1.9870893858" /><trkpt lat="48.7960166921" lon="1.9870895781" /><trkpt lat="48.7960165985" lon="1.9870897704" /><trkpt lat="48.7960165042" lon="1.9870899635" /><trkpt lat="48.7960164094" lon="1.9870901554" /><trkpt lat="48.7960163147" lon="1.9870903477" /><trkpt lat="48.7960162195" lon="1.9870905398" /><trkpt lat="48.7960161256" lon="1.9870907316" /><trkpt lat="48.7960160308" lon="1.9870909224" /><trkpt lat="48.796015936" lon="1.9870911146" /><trkpt lat="48.7960158425" lon="1.9870913065" /><trkpt lat="48.7960157475" lon="1.9870914982" /><trkpt lat="48.7960156528" lon="1.98709169" /><trkpt lat="48.7960155588" lon="1.987091882" /><trkpt lat="48.7960154643" lon="1.9870920733" /><trkpt lat="48.7960153699" lon="1.9870922653" /><trkpt lat="48.7960152756" lon="1.9870924566" /><trkpt lat="48.7960151807" lon="1.9870926475" /><trkpt lat="48.7960150864" lon="1.987092839" /><trkpt lat="48.7960149886" lon="1.9870930306" /><trkpt lat="48.7960148932" lon="1.987093222" /><trkpt lat="48.7960147977" lon="1.987093414" /><trkpt lat="48.7960147015" lon="1.9870936056" /><trkpt lat="48.7960146061" lon="1.9870937978" /><trkpt lat="48.7960145098" lon="1.9870939895" /><trkpt lat="48.7960144135" lon="1.9870941823" /><trkpt lat="48.7960143175" lon="1.9870943742" /><trkpt lat="48.7960142216" lon="1.9870945659" /><trkpt lat="48.7960141256" lon="1.9870947573" /><trkpt lat="48.7960140289" lon="1.9870949493" /><trkpt lat="48.7960139319" lon="1.9870951407" /><trkpt lat="48.7960138344" lon="1.9870953317" /><trkpt lat="48.7960137385" lon="1.9870955237" /><trkpt lat="48.7960136409" lon="1.9870957149" /><trkpt lat="48.7960135442" lon="1.9870959057" /><trkpt lat="48.796013448" lon="1.9870960974" /><trkpt lat="48.7960133487" lon="1.9870962869" /><trkpt lat="48.7960132512" lon="1.9870964778" /><trkpt lat="48.7960131538" lon="1.987096668" /><trkpt lat="48.7960130566" lon="1.9870968588" /><trkpt lat="48.7960129594" lon="1.9870970497" /><trkpt lat="48.7960128605" lon="1.9870972406" /><trkpt lat="48.7960127624" lon="1.9870974315" /><trkpt lat="48.7960126648" lon="1.9870976224" /><trkpt lat="48.7960125664" lon="1.9870978138" /><trkpt lat="48.7960124692" lon="1.9870980055" /><trkpt lat="48.7960123717" lon="1.9870981962" /><trkpt lat="48.7960122722" lon="1.9870983869" /><trkpt lat="48.7960121735" lon="1.9870985777" /><trkpt lat="48.7960120752" lon="1.9870987689" /><trkpt lat="48.7960119731" lon="1.9870989598" /><trkpt lat="48.7960118726" lon="1.9870991505" /><trkpt lat="48.796011772" lon="1.987099342" /><trkpt lat="48.796011673" lon="1.9870995332" /><trkpt lat="48.7960115711" lon="1.9870997237" /><trkpt lat="48.7960114699" lon="1.987099914" /><trkpt lat="48.796011369" lon="1.9871001046" /><trkpt lat="48.7960112694" lon="1.9871002955" /><trkpt lat="48.7960111666" lon="1.9871004858" /><trkpt lat="48.7960110656" lon="1.9871006755" /><trkpt lat="48.796010965" lon="1.9871008662" /><trkpt lat="48.7960108638" lon="1.9871010565" /><trkpt lat="48.7960107644" lon="1.9871012474" /><trkpt lat="48.7960106622" lon="1.987101437" /><trkpt lat="48.7960105614" lon="1.9871016271" /><trkpt lat="48.7960104602" lon="1.9871018166" /><trkpt lat="48.7960103591" lon="1.9871020058" /><trkpt lat="48.7960102578" lon="1.9871021944" /><trkpt lat="48.7960101571" lon="1.9871023835" /><trkpt lat="48.7960100559" lon="1.9871025719" /><trkpt lat="48.7960099542" lon="1.9871027604" /><trkpt lat="48.7960098528" lon="1.9871029475" /><trkpt lat="48.7960097516" lon="1.9871031355" /><trkpt lat="48.796009651" lon="1.9871033238" /><trkpt lat="48.796009548" lon="1.9871035095" /><trkpt lat="48.7960094464" lon="1.9871036966" /><trkpt lat="48.7960093439" lon="1.9871038825" /><trkpt lat="48.7960092415" lon="1.9871040692" /><trkpt lat="48.7960091393" lon="1.9871042546" /><trkpt lat="48.7960090374" lon="1.9871044394" /><trkpt lat="48.7960089351" lon="1.9871046252" /><trkpt lat="48.7960088328" lon="1.9871048103" /><trkpt lat="48.7960087299" lon="1.9871049949" /><trkpt lat="48.796008628" lon="1.9871051788" /><trkpt lat="48.7960085233" lon="1.9871053628" /><trkpt lat="48.7960084203" lon="1.9871055467" /><trkpt lat="48.7960083167" lon="1.9871057294" /><trkpt lat="48.7960082119" lon="1.9871059113" /><trkpt lat="48.7960081079" lon="1.9871060938" /><trkpt lat="48.7960080045" lon="1.9871062753" /><trkpt lat="48.7960078976" lon="1.9871064561" /><trkpt lat="48.7960077927" lon="1.987106637" /><trkpt lat="48.7960076864" lon="1.9871068168" /><trkpt lat="48.7960075802" lon="1.987106997" /><trkpt lat="48.7960074733" lon="1.9871071761" /><trkpt lat="48.7960073682" lon="1.987107356" /><trkpt lat="48.7960072606" lon="1.9871075361" /><trkpt lat="48.7960071534" lon="1.9871077159" /><trkpt lat="48.7960070457" lon="1.9871078947" /><trkpt lat="48.7960069393" lon="1.9871080738" /><trkpt lat="48.79600683" lon="1.987108252" /><trkpt lat="48.7960067218" lon="1.9871084309" /><trkpt lat="48.7960066149" lon="1.9871086088" /><trkpt lat="48.7960065048" lon="1.9871087864" /><trkpt lat="48.7960063967" lon="1.9871089635" /><trkpt lat="48.7960062892" lon="1.9871091408" /><trkpt lat="48.7960061788" lon="1.987109317" /><trkpt lat="48.7960060696" lon="1.9871094934" /><trkpt lat="48.7960059602" lon="1.9871096696" /><trkpt lat="48.7960058515" lon="1.9871098446" /><trkpt lat="48.7960057421" lon="1.9871100199" /><trkpt lat="48.7960056331" lon="1.9871101946" /><trkpt lat="48.7960055236" lon="1.9871103694" /><trkpt lat="48.7960054146" lon="1.9871105441" /><trkpt lat="48.7960053058" lon="1.9871107183" /><trkpt lat="48.796005198" lon="1.9871108922" /><trkpt lat="48.796005086" lon="1.9871110639" /><trkpt lat="48.7960049774" lon="1.987111237" /><trkpt lat="48.7960048685" lon="1.9871114097" /><trkpt lat="48.7960047591" lon="1.9871115817" /><trkpt lat="48.796004649" lon="1.9871117529" /><trkpt lat="48.796004539" lon="1.9871119231" /><trkpt lat="48.7960044303" lon="1.9871120926" /><trkpt lat="48.7960043202" lon="1.9871122627" /><trkpt lat="48.7960042103" lon="1.9871124301" /><trkpt lat="48.7960041002" lon="1.9871125982" /><trkpt lat="48.7960039894" lon="1.987112765" /><trkpt lat="48.7960038789" lon="1.9871129308" /><trkpt lat="48.7960037695" lon="1.9871130963" /><trkpt lat="48.796003657" lon="1.9871132615" /><trkpt lat="48.7960035454" lon="1.9871134253" /><trkpt lat="48.7960034336" lon="1.9871135891" /><trkpt lat="48.7960033231" lon="1.9871137513" /><trkpt lat="48.7960032096" lon="1.9871139133" /><trkpt lat="48.7960030966" lon="1.9871140746" /><trkpt lat="48.7960029841" lon="1.987114236" /><trkpt lat="48.7960028713" lon="1.9871143964" /><trkpt lat="48.7960027576" lon="1.9871145558" /><trkpt lat="48.7960026451" lon="1.9871147151" /><trkpt lat="48.7960025301" lon="1.9871148739" /><trkpt lat="48.7960024159" lon="1.9871150332" /><trkpt lat="48.7960023016" lon="1.9871151911" /><trkpt lat="48.7960021866" lon="1.9871153488" /><trkpt lat="48.7960020708" lon="1.9871155058" /><trkpt lat="48.7960019548" lon="1.9871156631" /><trkpt lat="48.7960018397" lon="1.9871158205" /><trkpt lat="48.7960017215" lon="1.9871159763" /><trkpt lat="48.7960016042" lon="1.9871161337" /><trkpt lat="48.7960014864" lon="1.98711629" /><trkpt lat="48.7960013693" lon="1.987116449" /><trkpt lat="48.7960012528" lon="1.9871166099" /><trkpt lat="48.7960011357" lon="1.9871167708" /><trkpt lat="48.7960010178" lon="1.9871169318" /><trkpt lat="48.796000899" lon="1.9871170934" /><trkpt lat="48.7960007797" lon="1.9871172535" /><trkpt lat="48.796000662" lon="1.9871174148" /><trkpt lat="48.7960005425" lon="1.9871175742" /><trkpt lat="48.7960004238" lon="1.987117733" /><trkpt lat="48.7960003027" lon="1.9871178909" /><trkpt lat="48.7960001827" lon="1.9871180485" /><trkpt lat="48.7960000627" lon="1.9871182045" /><trkpt lat="48.7959999415" lon="1.9871183583" /><trkpt lat="48.7959998208" lon="1.987118516" /><trkpt lat="48.7959996995" lon="1.9871186707" /><trkpt lat="48.7959995782" lon="1.987118825" /><trkpt lat="48.795999456" lon="1.9871189774" /><trkpt lat="48.7959993344" lon="1.9871191292" /><trkpt lat="48.7959992118" lon="1.9871192803" /><trkpt lat="48.7959990896" lon="1.9871194308" /><trkpt lat="48.7959989666" lon="1.9871195801" /><trkpt lat="48.7959988436" lon="1.9871197296" /><trkpt lat="48.7959987198" lon="1.9871198786" /><trkpt lat="48.7959985965" lon="1.9871200263" /><trkpt lat="48.7959984728" lon="1.9871201734" /><trkpt lat="48.7959983499" lon="1.9871203203" /><trkpt lat="48.7959982272" lon="1.9871204658" /><trkpt lat="48.7959981047" lon="1.987120612" /><trkpt lat="48.7959979824" lon="1.9871207566" /><trkpt lat="48.795997861" lon="1.9871209015" /><trkpt lat="48.7959977392" lon="1.987121044" /><trkpt lat="48.7959976164" lon="1.9871211873" /><trkpt lat="48.7959974941" lon="1.9871213298" /><trkpt lat="48.7959973721" lon="1.9871214711" /><trkpt lat="48.79599725" lon="1.9871216121" /><trkpt lat="48.7959971274" lon="1.9871217513" /><trkpt lat="48.7959970044" lon="1.9871218906" /><trkpt lat="48.7959968827" lon="1.9871220294" /><trkpt lat="48.7959967594" lon="1.987122167" /><trkpt lat="48.7959966368" lon="1.9871223035" /><trkpt lat="48.7959965139" lon="1.987122439" /><trkpt lat="48.7959963906" lon="1.9871225745" /><trkpt lat="48.7959962669" lon="1.9871227079" /><trkpt lat="48.7959961431" lon="1.987122842" /><trkpt lat="48.7959960189" lon="1.9871229741" /><trkpt lat="48.7959958946" lon="1.9871231052" /><trkpt lat="48.79599577" lon="1.9871232341" /><trkpt lat="48.7959956441" lon="1.9871233648" /><trkpt lat="48.7959955193" lon="1.9871234937" /><trkpt lat="48.7959953933" lon="1.9871236213" /><trkpt lat="48.7959952676" lon="1.9871237482" /><trkpt lat="48.7959951418" lon="1.9871238736" /><trkpt lat="48.7959950159" lon="1.9871239964" /><trkpt lat="48.7959948898" lon="1.9871241228" /><trkpt lat="48.7959947628" lon="1.9871242449" /><trkpt lat="48.7959946363" lon="1.9871243669" /><trkpt lat="48.7959945094" lon="1.9871244881" /><trkpt lat="48.7959943832" lon="1.9871246082" /><trkpt lat="48.7959942567" lon="1.9871247257" /><trkpt lat="48.7959941299" lon="1.9871248452" /><trkpt lat="48.7959940039" lon="1.9871249617" /><trkpt lat="48.7959938769" lon="1.9871250794" /><trkpt lat="48.7959937507" lon="1.9871251949" /><trkpt lat="48.7959936241" lon="1.9871253093" /><trkpt lat="48.7959934973" lon="1.9871254237" /><trkpt lat="48.7959933707" lon="1.9871255361" /><trkpt lat="48.7959932438" lon="1.9871256482" /><trkpt lat="48.7959931167" lon="1.987125759" /><trkpt lat="48.7959929899" lon="1.9871258684" /><trkpt lat="48.7959928626" lon="1.9871259781" /><trkpt lat="48.7959927352" lon="1.9871260867" /><trkpt lat="48.7959926073" lon="1.9871261918" /><trkpt lat="48.7959924799" lon="1.9871262996" /><trkpt lat="48.7959923516" lon="1.9871264046" /><trkpt lat="48.7959922236" lon="1.9871265077" /><trkpt lat="48.7959920941" lon="1.9871266134" /><trkpt lat="48.7959919654" lon="1.987126716" /><trkpt lat="48.7959918358" lon="1.9871268182" /><trkpt lat="48.7959917058" lon="1.9871269195" /><trkpt lat="48.7959915761" lon="1.9871270201" /><trkpt lat="48.7959914454" lon="1.987127118" /><trkpt lat="48.7959913144" lon="1.9871272189" /><trkpt lat="48.7959911832" lon="1.9871273158" /><trkpt lat="48.7959910522" lon="1.9871274132" /><trkpt lat="48.7959909202" lon="1.9871275106" /><trkpt lat="48.795990789" lon="1.9871276074" /><trkpt lat="48.7959906562" lon="1.9871277026" /><trkpt lat="48.7959905236" lon="1.987127797" /><trkpt lat="48.7959903921" lon="1.9871278927" /><trkpt lat="48.7959902595" lon="1.9871279859" /><trkpt lat="48.7959901276" lon="1.9871280804" /><trkpt lat="48.7959899941" lon="1.9871281727" /><trkpt lat="48.795989861" lon="1.9871282633" /><trkpt lat="48.7959897287" lon="1.9871283566" /><trkpt lat="48.7959895958" lon="1.9871284468" /><trkpt lat="48.7959894624" lon="1.987128537" /><trkpt lat="48.7959893295" lon="1.9871286265" /><trkpt lat="48.7959891966" lon="1.9871287147" /><trkpt lat="48.7959890626" lon="1.9871288016" /><trkpt lat="48.7959889294" lon="1.98712889" /><trkpt lat="48.795988796" lon="1.9871289744" /><trkpt lat="48.7959886634" lon="1.9871290587" /><trkpt lat="48.795988528" lon="1.9871291445" /><trkpt lat="48.7959883925" lon="1.9871292312" /><trkpt lat="48.7959882569" lon="1.9871293188" /><trkpt lat="48.7959881222" lon="1.9871294049" /><trkpt lat="48.7959879876" lon="1.9871294893" /><trkpt lat="48.79598785" lon="1.9871295747" /><trkpt lat="48.7959877148" lon="1.9871296587" /><trkpt lat="48.7959875794" lon="1.9871297408" /><trkpt lat="48.795987444" lon="1.9871298235" /><trkpt lat="48.7959873088" lon="1.9871299017" /><trkpt lat="48.7959871719" lon="1.9871299829" /><trkpt lat="48.795987036" lon="1.9871300604" /><trkpt lat="48.7959869003" lon="1.9871301354" /><trkpt lat="48.7959867639" lon="1.9871302119" /><trkpt lat="48.7959866274" lon="1.9871302862" /><trkpt lat="48.7959864906" lon="1.9871303617" /><trkpt lat="48.7959863538" lon="1.9871304337" /><trkpt lat="48.7959862169" lon="1.9871305043" /><trkpt lat="48.7959860803" lon="1.987130574" /><trkpt lat="48.795985943" lon="1.9871306431" /><trkpt lat="48.7959858069" lon="1.987130709" /><trkpt lat="48.7959856694" lon="1.9871307765" /><trkpt lat="48.7959855323" lon="1.9871308428" /><trkpt lat="48.7959853947" lon="1.9871309064" /><trkpt lat="48.7959852578" lon="1.9871309695" /><trkpt lat="48.7959851208" lon="1.9871310347" /><trkpt lat="48.7959849835" lon="1.9871310972" /><trkpt lat="48.7959848468" lon="1.9871311608" /><trkpt lat="48.79598471" lon="1.9871312226" /><trkpt lat="48.7959845734" lon="1.9871312845" /><trkpt lat="48.7959844368" lon="1.9871313463" /><trkpt lat="48.7959843003" lon="1.9871314083" /><trkpt lat="48.7959841642" lon="1.9871314689" /><trkpt lat="48.7959840277" lon="1.9871315287" /><trkpt lat="48.7959838916" lon="1.9871315861" /><trkpt lat="48.795983754" lon="1.9871316467" /><trkpt lat="48.7959836176" lon="1.9871317043" /><trkpt lat="48.7959834804" lon="1.987131762" /><trkpt lat="48.7959833435" lon="1.9871318177" /><trkpt lat="48.7959832063" lon="1.9871318716" /><trkpt lat="48.7959830692" lon="1.9871319267" /><trkpt lat="48.7959829312" lon="1.9871319794" /><trkpt lat="48.7959827944" lon="1.9871320295" /><trkpt lat="48.7959826564" lon="1.9871320819" /><trkpt lat="48.7959825186" lon="1.9871321318" /><trkpt lat="48.7959823808" lon="1.9871321808" /><trkpt lat="48.7959822432" lon="1.987132229" /><trkpt lat="48.7959821058" lon="1.9871322768" /><trkpt lat="48.7959819681" lon="1.987132324" /><trkpt lat="48.7959818301" lon="1.9871323699" /><trkpt lat="48.7959816922" lon="1.9871324146" /><trkpt lat="48.7959815552" lon="1.9871324566" /><trkpt lat="48.7959814171" lon="1.9871325026" /><trkpt lat="48.7959812789" lon="1.9871325451" /><trkpt lat="48.7959811421" lon="1.9871325849" /><trkpt lat="48.7959810045" lon="1.9871326277" /><trkpt lat="48.7959808671" lon="1.9871326684" /><trkpt lat="48.7959807296" lon="1.9871327081" /><trkpt lat="48.7959805935" lon="1.9871327461" /><trkpt lat="48.7959804574" lon="1.987132782" /><trkpt lat="48.7959803195" lon="1.9871328239" /><trkpt lat="48.795980183" lon="1.98713286" /><trkpt lat="48.7959800459" lon="1.987132896" /><trkpt lat="48.79597991" lon="1.9871329314" /><trkpt lat="48.7959797732" lon="1.9871329662" /><trkpt lat="48.7959796369" lon="1.9871329997" /><trkpt lat="48.7959795006" lon="1.9871330319" /><trkpt lat="48.7959793643" lon="1.9871330632" /><trkpt lat="48.7959792281" lon="1.987133095" /><trkpt lat="48.7959790919" lon="1.9871331241" /><trkpt lat="48.7959789555" lon="1.9871331533" /><trkpt lat="48.7959788198" lon="1.9871331795" /><trkpt lat="48.7959786833" lon="1.9871332081" /><trkpt lat="48.7959785467" lon="1.9871332347" /><trkpt lat="48.7959784107" lon="1.9871332596" /><trkpt lat="48.7959782747" lon="1.9871332846" /><trkpt lat="48.7959781385" lon="1.9871333092" /><trkpt lat="48.795978003" lon="1.9871333326" /><trkpt lat="48.7959778667" lon="1.9871333563" /><trkpt lat="48.7959777304" lon="1.9871333786" /><trkpt lat="48.7959775948" lon="1.9871333996" /><trkpt lat="48.7959774598" lon="1.9871334186" /><trkpt lat="48.7959773231" lon="1.9871334412" /><trkpt lat="48.7959771876" lon="1.9871334589" /><trkpt lat="48.7959770519" lon="1.9871334792" /><trkpt lat="48.795976916" lon="1.987133496" /><trkpt lat="48.7959767805" lon="1.9871335121" /><trkpt lat="48.7959766451" lon="1.98713353" /><trkpt lat="48.7959765103" lon="1.9871335456" /><trkpt lat="48.7959763761" lon="1.9871335588" /><trkpt lat="48.7959762395" lon="1.9871335731" /><trkpt lat="48.7959761055" lon="1.9871335875" /><trkpt lat="48.7959759708" lon="1.9871336013" /><trkpt lat="48.7959758367" lon="1.9871336123" /><trkpt lat="48.7959757015" lon="1.9871336253" /><trkpt lat="48.7959755674" lon="1.9871336356" /><trkpt lat="48.7959754338" lon="1.9871336433" /><trkpt lat="48.7959752995" lon="1.9871336562" /><trkpt lat="48.7959751628" lon="1.9871336646" /><trkpt lat="48.7959750258" lon="1.9871336699" /><trkpt lat="48.7959748892" lon="1.9871336763" /><trkpt lat="48.795974753" lon="1.9871336802" /><trkpt lat="48.7959746158" lon="1.9871336849" /><trkpt lat="48.7959744796" lon="1.987133688" /><trkpt lat="48.7959743435" lon="1.9871336899" /><trkpt lat="48.7959742076" lon="1.9871336915" /><trkpt lat="48.7959740717" lon="1.9871336923" /><trkpt lat="48.7959739353" lon="1.9871336919" /><trkpt lat="48.7959738015" lon="1.9871336899" /><trkpt lat="48.7959736645" lon="1.9871336895" /><trkpt lat="48.7959735293" lon="1.9871336876" /><trkpt lat="48.7959733931" lon="1.9871336846" /><trkpt lat="48.7959732581" lon="1.9871336814" /><trkpt lat="48.7959731249" lon="1.9871336764" /><trkpt lat="48.7959729895" lon="1.9871336716" /><trkpt lat="48.7959728528" lon="1.9871336675" /><trkpt lat="48.7959727198" lon="1.9871336604" /><trkpt lat="48.7959725831" lon="1.9871336539" /><trkpt lat="48.7959724491" lon="1.9871336466" /><trkpt lat="48.7959723144" lon="1.9871336375" /><trkpt lat="48.7959721802" lon="1.9871336294" /><trkpt lat="48.7959720466" lon="1.9871336193" /><trkpt lat="48.795971913" lon="1.9871336092" /><trkpt lat="48.7959717796" lon="1.9871335976" /><trkpt lat="48.7959716463" lon="1.9871335861" /><trkpt lat="48.7959715149" lon="1.9871335754" /><trkpt lat="48.7959713825" lon="1.987133562" /><trkpt lat="48.7959712482" lon="1.9871335496" /><trkpt lat="48.7959711163" lon="1.9871335351" /><trkpt lat="48.7959709848" lon="1.9871335206" /><trkpt lat="48.795970853" lon="1.9871335048" /><trkpt lat="48.7959707214" lon="1.987133488" /><trkpt lat="48.7959705906" lon="1.9871334708" /><trkpt lat="48.7959704596" lon="1.9871334535" /><trkpt lat="48.7959703285" lon="1.9871334339" /><trkpt lat="48.7959701986" lon="1.9871334147" /><trkpt lat="48.7959700679" lon="1.9871333935" /><trkpt lat="48.7959699373" lon="1.9871333712" /><trkpt lat="48.7959698078" lon="1.9871333502" /><trkpt lat="48.7959696797" lon="1.9871333262" /><trkpt lat="48.7959695479" lon="1.9871333031" /><trkpt lat="48.7959694184" lon="1.9871332785" /><trkpt lat="48.7959692893" lon="1.9871332531" /><trkpt lat="48.7959691597" lon="1.9871332282" /><trkpt lat="48.7959690304" lon="1.9871332021" /><trkpt lat="48.7959689015" lon="1.9871331761" /><trkpt lat="48.7959687727" lon="1.98713315" /><trkpt lat="48.7959686439" lon="1.9871331223" /><trkpt lat="48.7959685151" lon="1.9871330946" /><trkpt lat="48.7959683881" lon="1.987133066" /><trkpt lat="48.7959682582" lon="1.9871330379" /><trkpt lat="48.795968129" lon="1.9871330092" /><trkpt lat="48.7959680015" lon="1.987132981" /><trkpt lat="48.7959678734" lon="1.9871329515" /><trkpt lat="48.7959677449" lon="1.9871329216" /><trkpt lat="48.7959676171" lon="1.9871328908" /><trkpt lat="48.7959674896" lon="1.9871328605" /><trkpt lat="48.7959673617" lon="1.9871328297" /><trkpt lat="48.7959672337" lon="1.9871327979" /><trkpt lat="48.7959671066" lon="1.9871327655" /><trkpt lat="48.7959669793" lon="1.9871327319" /><trkpt lat="48.795966852" lon="1.9871326985" /><trkpt lat="48.7959667268" lon="1.9871326634" /><trkpt lat="48.7959665984" lon="1.9871326279" /><trkpt lat="48.7959664716" lon="1.9871325914" /><trkpt lat="48.7959663449" lon="1.9871325541" /><trkpt lat="48.795966219" lon="1.9871325153" /><trkpt lat="48.795966093" lon="1.9871324762" /><trkpt lat="48.7959659684" lon="1.9871324356" /><trkpt lat="48.795965841" lon="1.9871323953" /><trkpt lat="48.7959657152" lon="1.9871323529" /><trkpt lat="48.7959655897" lon="1.9871323112" /><trkpt lat="48.7959654647" lon="1.9871322684" /><trkpt lat="48.7959653392" lon="1.9871322243" /><trkpt lat="48.7959652148" lon="1.9871321801" /><trkpt lat="48.7959650903" lon="1.9871321356" /><trkpt lat="48.795964966" lon="1.987132091" /><trkpt lat="48.7959648437" lon="1.9871320445" /><trkpt lat="48.795964718" lon="1.987131999" /><trkpt lat="48.7959645942" lon="1.9871319523" /><trkpt lat="48.7959644729" lon="1.9871319044" /><trkpt lat="48.7959643487" lon="1.9871318579" /><trkpt lat="48.7959642256" lon="1.9871318106" /><trkpt lat="48.7959641043" lon="1.9871317623" /><trkpt lat="48.7959639813" lon="1.9871317144" /><trkpt lat="48.7959638594" lon="1.9871316653" /><trkpt lat="48.795963737" lon="1.9871316156" /><trkpt lat="48.7959636159" lon="1.9871315654" /><trkpt lat="48.7959634946" lon="1.9871315152" /><trkpt lat="48.7959633752" lon="1.9871314643" /><trkpt lat="48.7959632527" lon="1.9871314138" /><trkpt lat="48.7959631339" lon="1.9871313618" /><trkpt lat="48.7959630113" lon="1.9871313106" /><trkpt lat="48.7959628914" lon="1.9871312584" /><trkpt lat="48.7959627732" lon="1.9871312055" /><trkpt lat="48.7959626515" lon="1.9871311521" /><trkpt lat="48.7959625339" lon="1.9871310972" /><trkpt lat="48.7959624127" lon="1.9871310434" /><trkpt lat="48.7959622925" lon="1.9871309879" /><trkpt lat="48.7959621729" lon="1.9871309305" /><trkpt lat="48.7959620539" lon="1.9871308738" /><trkpt lat="48.7959619348" lon="1.9871308155" /><trkpt lat="48.7959618174" lon="1.9871307564" /><trkpt lat="48.7959616976" lon="1.9871306973" /><trkpt lat="48.7959615793" lon="1.9871306359" /><trkpt lat="48.7959614624" lon="1.9871305739" /><trkpt lat="48.7959613429" lon="1.9871305138" /><trkpt lat="48.7959612256" lon="1.9871304513" /><trkpt lat="48.7959611096" lon="1.9871303884" /><trkpt lat="48.7959609906" lon="1.9871303259" /><trkpt lat="48.7959608735" lon="1.9871302625" /><trkpt lat="48.7959607566" lon="1.9871301994" /><trkpt lat="48.7959606409" lon="1.9871301358" /><trkpt lat="48.795960523" lon="1.9871300725" /><trkpt lat="48.795960407" lon="1.9871300088" /><trkpt lat="48.7959602901" lon="1.9871299442" /><trkpt lat="48.7959601741" lon="1.9871298798" /><trkpt lat="48.7959600586" lon="1.9871298153" /><trkpt lat="48.7959599429" lon="1.9871297502" /><trkpt lat="48.7959598278" lon="1.9871296846" /><trkpt lat="48.7959597127" lon="1.9871296186" /><trkpt lat="48.7959595995" lon="1.9871295519" /><trkpt lat="48.795959484" lon="1.9871294846" /><trkpt lat="48.7959593695" lon="1.9871294169" /><trkpt lat="48.7959592557" lon="1.9871293492" /><trkpt lat="48.7959591421" lon="1.9871292807" /><trkpt lat="48.795959029" lon="1.9871292116" /><trkpt lat="48.7959589157" lon="1.9871291417" /><trkpt lat="48.7959588031" lon="1.9871290716" /><trkpt lat="48.7959586905" lon="1.9871290016" /><trkpt lat="48.7959585785" lon="1.9871289301" /><trkpt lat="48.7959584664" lon="1.987128859" /><trkpt lat="48.7959583546" lon="1.9871287868" /><trkpt lat="48.7959582432" lon="1.9871287143" /><trkpt lat="48.7959581318" lon="1.9871286416" /><trkpt lat="48.7959580208" lon="1.987128569" /><trkpt lat="48.7959579095" lon="1.9871284956" /><trkpt lat="48.7959577988" lon="1.9871284228" /><trkpt lat="48.7959576898" lon="1.9871283482" /><trkpt lat="48.7959575777" lon="1.9871282739" /><trkpt lat="48.7959574675" lon="1.9871281985" /><trkpt lat="48.7959573573" lon="1.9871281229" /><trkpt lat="48.7959572474" lon="1.9871280464" /><trkpt lat="48.7959571376" lon="1.9871279692" /><trkpt lat="48.7959570284" lon="1.9871278908" /><trkpt lat="48.7959569192" lon="1.9871278127" /><trkpt lat="48.79595681" lon="1.9871277333" /><trkpt lat="48.7959567012" lon="1.9871276531" /><trkpt lat="48.7959565924" lon="1.987127573" /><trkpt lat="48.7959564837" lon="1.9871274921" /><trkpt lat="48.7959563752" lon="1.9871274108" /><trkpt lat="48.7959562663" lon="1.9871273295" /><trkpt lat="48.7959561581" lon="1.9871272484" /><trkpt lat="48.7959560494" lon="1.9871271669" /><trkpt lat="48.7959559406" lon="1.9871270853" /><trkpt lat="48.7959558321" lon="1.9871270032" /><trkpt lat="48.7959557235" lon="1.9871269213" /><trkpt lat="48.7959556149" lon="1.9871268392" /><trkpt lat="48.7959555066" lon="1.9871267569" /><trkpt lat="48.7959553999" lon="1.987126673" /><trkpt lat="48.79595529" lon="1.9871265889" /><trkpt lat="48.7959551823" lon="1.987126504" /><trkpt lat="48.7959550744" lon="1.9871264188" /><trkpt lat="48.7959549666" lon="1.9871263324" /><trkpt lat="48.7959548593" lon="1.9871262462" /><trkpt lat="48.7959547533" lon="1.9871261589" /><trkpt lat="48.7959546448" lon="1.9871260698" /><trkpt lat="48.795954538" lon="1.9871259818" /><trkpt lat="48.7959544312" lon="1.9871258925" /><trkpt lat="48.7959543243" lon="1.9871258032" /><trkpt lat="48.7959542177" lon="1.9871257137" /><trkpt lat="48.7959541108" lon="1.9871256232" /><trkpt lat="48.7959540042" lon="1.9871255319" /><trkpt lat="48.7959538979" lon="1.987125441" /><trkpt lat="48.7959537913" lon="1.9871253497" /><trkpt lat="48.7959536843" lon="1.9871252581" /><trkpt lat="48.7959535776" lon="1.9871251658" /><trkpt lat="48.7959534711" lon="1.9871250735" /><trkpt lat="48.7959533659" lon="1.9871249803" /><trkpt lat="48.7959532577" lon="1.9871248866" /><trkpt lat="48.7959531511" lon="1.9871247926" /><trkpt lat="48.7959530462" lon="1.9871246975" /><trkpt lat="48.7959529387" lon="1.9871246025" /><trkpt lat="48.7959528324" lon="1.9871245064" /><trkpt lat="48.7959527266" lon="1.9871244097" /><trkpt lat="48.7959526209" lon="1.9871243125" /><trkpt lat="48.7959525151" lon="1.987124214" /><trkpt lat="48.7959524096" lon="1.9871241155" /><trkpt lat="48.7959523045" lon="1.9871240158" /><trkpt lat="48.7959521991" lon="1.987123916" /><trkpt lat="48.7959520938" lon="1.9871238154" /><trkpt lat="48.7959519888" lon="1.9871237137" /><trkpt lat="48.7959518836" lon="1.987123612" /><trkpt lat="48.7959517784" lon="1.9871235092" /><trkpt lat="48.7959516733" lon="1.9871234065" /><trkpt lat="48.7959515679" lon="1.9871233032" /><trkpt lat="48.7959514627" lon="1.9871231993" /><trkpt lat="48.7959513572" lon="1.9871230945" /><trkpt lat="48.795951251" lon="1.987122989" /><trkpt lat="48.7959511454" lon="1.987122882" /><trkpt lat="48.7959510399" lon="1.9871227738" /><trkpt lat="48.795950934" lon="1.987122665" /><trkpt lat="48.7959508277" lon="1.9871225567" /><trkpt lat="48.7959507211" lon="1.9871224473" /><trkpt lat="48.7959506151" lon="1.9871223378" /><trkpt lat="48.7959505078" lon="1.9871222269" /><trkpt lat="48.7959504007" lon="1.9871221156" /><trkpt lat="48.7959502933" lon="1.9871220039" /><trkpt lat="48.7959501866" lon="1.9871218915" /><trkpt lat="48.7959500784" lon="1.9871217773" /><trkpt lat="48.7959499704" lon="1.9871216627" /><trkpt lat="48.7959498619" lon="1.9871215484" /><trkpt lat="48.795949754" lon="1.9871214334" /><trkpt lat="48.7959496454" lon="1.9871213176" /><trkpt lat="48.7959495357" lon="1.9871211994" /><trkpt lat="48.7959494273" lon="1.9871210833" /><trkpt lat="48.7959493178" lon="1.9871209646" /><trkpt lat="48.7959492092" lon="1.9871208464" /><trkpt lat="48.7959491023" lon="1.9871207276" /><trkpt lat="48.7959489931" lon="1.9871206061" /><trkpt lat="48.795948885" lon="1.9871204848" /><trkpt lat="48.7959487772" lon="1.9871203626" /><trkpt lat="48.7959486702" lon="1.9871202401" /><trkpt lat="48.7959485647" lon="1.9871201168" /><trkpt lat="48.7959484568" lon="1.9871199901" /><trkpt lat="48.7959483503" lon="1.9871198642" /><trkpt lat="48.7959482448" lon="1.9871197388" /><trkpt lat="48.7959481365" lon="1.9871196113" /><trkpt lat="48.7959480303" lon="1.9871194841" /><trkpt lat="48.7959479242" lon="1.987119358" /><trkpt lat="48.7959478156" lon="1.9871192288" /><trkpt lat="48.7959477085" lon="1.9871191013" /><trkpt lat="48.7959476004" lon="1.9871189731" /><trkpt lat="48.7959474925" lon="1.9871188456" /><trkpt lat="48.7959473842" lon="1.9871187178" /><trkpt lat="48.7959472754" lon="1.9871185897" /><trkpt lat="48.7959471668" lon="1.987118462" /><trkpt lat="48.7959470568" lon="1.9871183345" /><trkpt lat="48.7959469469" lon="1.9871182084" /><trkpt lat="48.7959468368" lon="1.9871180818" /><trkpt lat="48.795946726" lon="1.9871179556" /><trkpt lat="48.7959466154" lon="1.9871178291" /><trkpt lat="48.7959465047" lon="1.9871177009" /><trkpt lat="48.795946394" lon="1.9871175726" /><trkpt lat="48.7959462838" lon="1.9871174434" /><trkpt lat="48.7959461727" lon="1.9871173121" /><trkpt lat="48.7959460622" lon="1.9871171801" /><trkpt lat="48.7959459519" lon="1.9871170471" /><trkpt lat="48.7959458416" lon="1.9871169128" /><trkpt lat="48.7959457309" lon="1.9871167778" /><trkpt lat="48.7959456205" lon="1.9871166419" /><trkpt lat="48.7959455096" lon="1.9871165055" /><trkpt lat="48.7959453986" lon="1.9871163685" /><trkpt lat="48.7959452875" lon="1.9871162309" /><trkpt lat="48.7959451762" lon="1.987116093" /><trkpt lat="48.7959450648" lon="1.9871159546" /><trkpt lat="48.7959449528" lon="1.9871158161" /><trkpt lat="48.7959448405" lon="1.9871156777" /><trkpt lat="48.7959447279" lon="1.9871155389" /><trkpt lat="48.795944615" lon="1.9871154008" /><trkpt lat="48.795944502" lon="1.9871152627" /><trkpt lat="48.7959443882" lon="1.9871151239" /><trkpt lat="48.7959442745" lon="1.987114986" /><trkpt lat="48.7959441606" lon="1.9871148476" /><trkpt lat="48.7959440461" lon="1.987114709" /><trkpt lat="48.7959439318" lon="1.9871145705" /><trkpt lat="48.7959438173" lon="1.987114432" /><trkpt lat="48.7959437029" lon="1.9871142921" /><trkpt lat="48.7959435878" lon="1.9871141529" /><trkpt lat="48.7959434734" lon="1.9871140132" /><trkpt lat="48.7959433581" lon="1.9871138731" /><trkpt lat="48.7959432428" lon="1.987113733" /><trkpt lat="48.7959431274" lon="1.9871135923" /><trkpt lat="48.795943012" lon="1.9871134517" /><trkpt lat="48.7959428964" lon="1.9871133105" /><trkpt lat="48.7959427806" lon="1.9871131682" /><trkpt lat="48.7959426646" lon="1.9871130274" /><trkpt lat="48.7959425486" lon="1.9871128846" /><trkpt lat="48.7959424325" lon="1.9871127424" /><trkpt lat="48.7959423164" lon="1.9871126003" /><trkpt lat="48.7959422001" lon="1.9871124564" /><trkpt lat="48.7959420834" lon="1.9871123128" /><trkpt lat="48.7959419672" lon="1.9871121691" /><trkpt lat="48.7959418506" lon="1.9871120247" /><trkpt lat="48.7959417345" lon="1.9871118801" /><trkpt lat="48.795941617" lon="1.987111735" /><trkpt lat="48.7959415009" lon="1.9871115895" /><trkpt lat="48.7959413839" lon="1.9871114436" /><trkpt lat="48.7959412667" lon="1.9871112966" /><trkpt lat="48.7959411487" lon="1.9871111494" /><trkpt lat="48.7959410323" lon="1.9871110028" /><trkpt lat="48.7959409141" lon="1.9871108546" /><trkpt lat="48.7959407972" lon="1.9871107071" /><trkpt lat="48.7959406791" lon="1.9871105594" /><trkpt lat="48.795940561" lon="1.9871104113" /><trkpt lat="48.7959404427" lon="1.987110263" /><trkpt lat="48.7959403245" lon="1.987110116" /><trkpt lat="48.7959402059" lon="1.9871099682" /><trkpt lat="48.7959400872" lon="1.9871098209" /><trkpt lat="48.7959399695" lon="1.9871096743" /><trkpt lat="48.7959398502" lon="1.9871095241" /><trkpt lat="48.7959397303" lon="1.9871093706" /><trkpt lat="48.7959396106" lon="1.9871092196" /><trkpt lat="48.7959394905" lon="1.9871090649" /><trkpt lat="48.7959393703" lon="1.9871089137" /><trkpt lat="48.7959392493" lon="1.9871087582" /><trkpt lat="48.7959391287" lon="1.9871086056" /><trkpt lat="48.7959390077" lon="1.9871084549" /><trkpt lat="48.7959388861" lon="1.9871082995" /><trkpt lat="48.7959387644" lon="1.9871081464" /><trkpt lat="48.7959386424" lon="1.9871079936" /><trkpt lat="48.7959385199" lon="1.9871078404" /><trkpt lat="48.7959383977" lon="1.987107688" /><trkpt lat="48.7959382749" lon="1.987107535" /><trkpt lat="48.7959381522" lon="1.9871073816" /><trkpt lat="48.795938029" lon="1.987107228" /><trkpt lat="48.7959379056" lon="1.9871070759" /><trkpt lat="48.7959377824" lon="1.9871069211" /><trkpt lat="48.7959376593" lon="1.9871067672" /><trkpt lat="48.7959375356" lon="1.9871066146" /><trkpt lat="48.7959374113" lon="1.9871064597" /><trkpt lat="48.7959372871" lon="1.9871063035" /><trkpt lat="48.7959371624" lon="1.9871061487" /><trkpt lat="48.7959370379" lon="1.9871059937" /><trkpt lat="48.7959369128" lon="1.9871058388" /><trkpt lat="48.7959367877" lon="1.9871056834" /><trkpt lat="48.7959366621" lon="1.9871055278" /><trkpt lat="48.7959365366" lon="1.9871053718" /><trkpt lat="48.7959364105" lon="1.987105218" /><trkpt lat="48.7959362838" lon="1.9871050608" /><trkpt lat="48.7959361571" lon="1.9871049046" /><trkpt lat="48.7959360301" lon="1.9871047503" /><trkpt lat="48.7959359028" lon="1.9871045924" /><trkpt lat="48.7959357749" lon="1.9871044373" /><trkpt lat="48.7959356471" lon="1.9871042793" /><trkpt lat="48.7959355185" lon="1.9871041221" /><trkpt lat="48.7959353901" lon="1.9871039667" /><trkpt lat="48.7959352612" lon="1.9871038075" /><trkpt lat="48.7959351321" lon="1.9871036496" /><trkpt lat="48.7959350025" lon="1.9871034918" /><trkpt lat="48.7959348729" lon="1.9871033337" /><trkpt lat="48.7959347431" lon="1.9871031758" /><trkpt lat="48.7959346129" lon="1.987103017" /><trkpt lat="48.7959344822" lon="1.9871028579" /><trkpt lat="48.7959343518" lon="1.9871026986" /><trkpt lat="48.7959342212" lon="1.98710254" /><trkpt lat="48.79593409" lon="1.9871023805" /><trkpt lat="48.7959339586" lon="1.9871022209" /><trkpt lat="48.7959338268" lon="1.9871020618" /><trkpt lat="48.7959336951" lon="1.9871019026" /><trkpt lat="48.7959335629" lon="1.9871017427" /><trkpt lat="48.7959334303" lon="1.9871015832" /><trkpt lat="48.7959332976" lon="1.9871014237" /><trkpt lat="48.795933164" lon="1.9871012646" /><trkpt lat="48.7959330302" lon="1.9871011054" /><trkpt lat="48.7959328961" lon="1.9871009468" /><trkpt lat="48.7959327615" lon="1.9871007877" /><trkpt lat="48.795932627" lon="1.9871006288" /><trkpt lat="48.7959324924" lon="1.9871004693" /><trkpt lat="48.7959323568" lon="1.98710031" /><trkpt lat="48.7959322213" lon="1.9871001515" /><trkpt lat="48.7959320855" lon="1.9870999923" /><trkpt lat="48.7959319492" lon="1.9870998321" /><trkpt lat="48.7959318129" lon="1.9870996726" /><trkpt lat="48.7959316765" lon="1.9870995128" /><trkpt lat="48.7959315391" lon="1.9870993521" /><trkpt lat="48.7959314023" lon="1.9870991912" /><trkpt lat="48.7959312642" lon="1.9870990316" /><trkpt lat="48.795931126" lon="1.9870988731" /><trkpt lat="48.7959309875" lon="1.9870987103" /><trkpt lat="48.7959308491" lon="1.9870985491" /><trkpt lat="48.7959307098" lon="1.9870983874" /><trkpt lat="48.79593057" lon="1.987098226" /><trkpt lat="48.7959304295" lon="1.987098064" /><trkpt lat="48.7959302887" lon="1.9870979016" /><trkpt lat="48.7959301469" lon="1.9870977402" /><trkpt lat="48.7959300048" lon="1.9870975778" /><trkpt lat="48.7959298616" lon="1.9870974152" /><trkpt lat="48.7959297182" lon="1.9870972541" /><trkpt lat="48.7959295748" lon="1.9870970936" /><trkpt lat="48.7959294307" lon="1.9870969283" /><trkpt lat="48.7959292876" lon="1.9870967687" /><trkpt lat="48.795929145" lon="1.9870966061" /><trkpt lat="48.7959290022" lon="1.9870964435" /><trkpt lat="48.7959288612" lon="1.9870962832" /><trkpt lat="48.7959287188" lon="1.9870961168" /><trkpt lat="48.7959285767" lon="1.987095952" /><trkpt lat="48.7959284358" lon="1.9870957835" /><trkpt lat="48.7959282933" lon="1.9870956189" /><trkpt lat="48.7959281522" lon="1.987095454" /><trkpt lat="48.79592801" lon="1.9870952874" /><trkpt lat="48.7959278672" lon="1.9870951229" /><trkpt lat="48.7959277256" lon="1.9870949556" /><trkpt lat="48.7959275844" lon="1.98709479" /><trkpt lat="48.7959274437" lon="1.9870946206" /><trkpt lat="48.795927302" lon="1.9870944546" /><trkpt lat="48.7959271591" lon="1.9870942903" /><trkpt lat="48.7959270155" lon="1.9870941253" /><trkpt lat="48.7959268707" lon="1.9870939614" /><trkpt lat="48.7959267257" lon="1.9870937941" /><trkpt lat="48.7959265786" lon="1.9870936289" /><trkpt lat="48.7959264309" lon="1.9870934633" /><trkpt lat="48.7959262833" lon="1.9870932991" /><trkpt lat="48.7959261351" lon="1.9870931361" /><trkpt lat="48.7959259869" lon="1.987092976" /><trkpt lat="48.7959258376" lon="1.987092811" /><trkpt lat="48.7959256883" lon="1.9870926473" /><trkpt lat="48.7959255388" lon="1.9870924873" /><trkpt lat="48.7959253885" lon="1.9870923193" /><trkpt lat="48.7959252381" lon="1.9870921529" /><trkpt lat="48.7959250882" lon="1.9870919874" /><trkpt lat="48.7959249372" lon="1.9870918193" /><trkpt lat="48.7959247872" lon="1.9870916499" /><trkpt lat="48.7959246373" lon="1.9870914812" /><trkpt lat="48.7959244874" lon="1.9870913138" /><trkpt lat="48.7959243369" lon="1.9870911421" /><trkpt lat="48.795924187" lon="1.9870909737" /><trkpt lat="48.7959240357" lon="1.9870907993" /><trkpt lat="48.7959238846" lon="1.9870906272" /><trkpt lat="48.7959237333" lon="1.9870904555" /><trkpt lat="48.7959235815" lon="1.9870902851" /><trkpt lat="48.7959234292" lon="1.9870901125" /><trkpt lat="48.7959232773" lon="1.9870899433" /><trkpt lat="48.795923124" lon="1.987089769" /><trkpt lat="48.795922971" lon="1.9870895972" /><trkpt lat="48.795922818" lon="1.9870894294" /><trkpt lat="48.7959226645" lon="1.9870892548" /><trkpt lat="48.7959225107" lon="1.9870890834" /><trkpt lat="48.7959223571" lon="1.9870889149" /><trkpt lat="48.7959222028" lon="1.9870887409" /><trkpt lat="48.7959220485" lon="1.9870885694" /><trkpt lat="48.7959218941" lon="1.9870884009" /><trkpt lat="48.7959217388" lon="1.987088227" /><trkpt lat="48.7959215833" lon="1.9870880558" /><trkpt lat="48.7959214281" lon="1.9870878848" /><trkpt lat="48.795921272" lon="1.9870877134" /><trkpt lat="48.7959211158" lon="1.9870875435" /><trkpt lat="48.7959209596" lon="1.9870873722" /><trkpt lat="48.7959208032" lon="1.987087201" /><trkpt lat="48.7959206467" lon="1.9870870296" /><trkpt lat="48.7959204896" lon="1.9870868587" /><trkpt lat="48.7959203324" lon="1.9870866862" /><trkpt lat="48.7959201749" lon="1.9870865142" /><trkpt lat="48.795920018" lon="1.9870863414" /><trkpt lat="48.7959198611" lon="1.9870861707" /><trkpt lat="48.7959197032" lon="1.9870859982" /><trkpt lat="48.7959195449" lon="1.9870858206" /><trkpt lat="48.7959193878" lon="1.9870856454" /><trkpt lat="48.7959192295" lon="1.9870854707" /><trkpt lat="48.7959190717" lon="1.9870852955" /><trkpt lat="48.7959189132" lon="1.98708512" /><trkpt lat="48.7959187548" lon="1.987084944" /><trkpt lat="48.7959185961" lon="1.9870847679" /><trkpt lat="48.7959184373" lon="1.9870845915" /><trkpt lat="48.7959182782" lon="1.9870844151" /><trkpt lat="48.7959181189" lon="1.9870842389" /><trkpt lat="48.7959179598" lon="1.9870840632" /><trkpt lat="48.7959177996" lon="1.9870838857" /><trkpt lat="48.7959176396" lon="1.9870837121" /><trkpt lat="48.7959174791" lon="1.9870835349" /><trkpt lat="48.7959173189" lon="1.9870833568" /><trkpt lat="48.7959171574" lon="1.9870831798" /><trkpt lat="48.7959169969" lon="1.9870830053" /><trkpt lat="48.7959168358" lon="1.9870828257" /><trkpt lat="48.795916674" lon="1.9870826476" /><trkpt lat="48.7959165121" lon="1.9870824725" /><trkpt lat="48.79591635" lon="1.9870822959" /><trkpt lat="48.7959161878" lon="1.9870821182" /><trkpt lat="48.7959160258" lon="1.9870819423" /><trkpt lat="48.795915863" lon="1.987081762" /><trkpt lat="48.7959156999" lon="1.9870815841" /><trkpt lat="48.7959155369" lon="1.9870814061" /><trkpt lat="48.7959153732" lon="1.9870812262" /><trkpt lat="48.7959152102" lon="1.9870810473" /><trkpt lat="48.7959150461" lon="1.9870808682" /><trkpt lat="48.7959148819" lon="1.9870806883" /><trkpt lat="48.795914718" lon="1.9870805117" /><trkpt lat="48.7959145533" lon="1.9870803283" /><trkpt lat="48.7959143882" lon="1.9870801475" /><trkpt lat="48.7959142232" lon="1.9870799668" /><trkpt lat="48.7959140582" lon="1.9870797858" /><trkpt lat="48.7959138929" lon="1.9870796077" /><trkpt lat="48.7959137262" lon="1.9870794241" /><trkpt lat="48.7959135602" lon="1.9870792456" /><trkpt lat="48.7959133935" lon="1.9870790605" /><trkpt lat="48.7959132263" lon="1.9870788793" /><trkpt lat="48.7959130595" lon="1.987078698" /><trkpt lat="48.795912892" lon="1.9870785153" /><trkpt lat="48.7959127241" lon="1.9870783361" /><trkpt lat="48.7959125559" lon="1.98707815" /><trkpt lat="48.7959123879" lon="1.9870779677" /><trkpt lat="48.795912219" lon="1.9870777836" /><trkpt lat="48.7959120504" lon="1.9870776003" /><trkpt lat="48.7959118815" lon="1.9870774195" /><trkpt lat="48.7959117124" lon="1.9870772331" /><trkpt lat="48.7959115427" lon="1.987077049" /><trkpt lat="48.7959113726" lon="1.9870768639" /><trkpt lat="48.7959112027" lon="1.9870766791" /><trkpt lat="48.795911033" lon="1.9870764971" /><trkpt lat="48.7959108627" lon="1.9870763176" /><trkpt lat="48.7959106916" lon="1.9870761339" /><trkpt lat="48.7959105204" lon="1.987075948" /><trkpt lat="48.7959103489" lon="1.9870757639" /><trkpt lat="48.7959101763" lon="1.9870755751" /><trkpt lat="48.7959100045" lon="1.9870753897" /><trkpt lat="48.7959098315" lon="1.9870752002" /><trkpt lat="48.795909659" lon="1.9870750128" /><trkpt lat="48.7959094861" lon="1.9870748261" /><trkpt lat="48.7959093127" lon="1.9870746359" /><trkpt lat="48.7959091389" lon="1.987074447" /><trkpt lat="48.7959089647" lon="1.9870742571" /><trkpt lat="48.7959087905" lon="1.9870740695" /><trkpt lat="48.7959086163" lon="1.9870738766" /><trkpt lat="48.795908442" lon="1.987073689" /><trkpt lat="48.7959082653" lon="1.9870734959" /><trkpt lat="48.7959080899" lon="1.9870733052" /><trkpt lat="48.7959079145" lon="1.9870731149" /><trkpt lat="48.7959077377" lon="1.9870729223" /><trkpt lat="48.795907561" lon="1.9870727296" /><trkpt lat="48.7959073841" lon="1.9870725396" /><trkpt lat="48.7959072067" lon="1.9870723451" /><trkpt lat="48.7959070293" lon="1.9870721521" /><trkpt lat="48.7959068516" lon="1.9870719588" /><trkpt lat="48.7959066747" lon="1.9870717665" /><trkpt lat="48.7959065003" lon="1.9870715754" /><trkpt lat="48.7959063246" lon="1.9870713854" /><trkpt lat="48.7959061519" lon="1.9870711989" /><trkpt lat="48.7959059794" lon="1.9870710067" /><trkpt lat="48.7959058075" lon="1.9870708196" /><trkpt lat="48.7959056334" lon="1.9870706297" /><trkpt lat="48.7959054622" lon="1.9870704416" /><trkpt lat="48.7959052888" lon="1.9870702538" /><trkpt lat="48.795905115" lon="1.9870700656" /><trkpt lat="48.7959049414" lon="1.9870698779" /><trkpt lat="48.7959047664" lon="1.9870696897" /><trkpt lat="48.7959045915" lon="1.9870695043" /><trkpt lat="48.7959044167" lon="1.9870693134" /><trkpt lat="48.7959042403" lon="1.9870691257" /><trkpt lat="48.7959040608" lon="1.9870689329" /><trkpt lat="48.7959038832" lon="1.9870687395" /><trkpt lat="48.7959037037" lon="1.9870685458" /><trkpt lat="48.795903522" lon="1.9870683513" /><trkpt lat="48.7959033413" lon="1.9870681541" /><trkpt lat="48.7959031607" lon="1.9870679556" /><trkpt lat="48.7959029769" lon="1.9870677569" /><trkpt lat="48.7959027942" lon="1.9870675591" /><trkpt lat="48.795902612" lon="1.9870673607" /><trkpt lat="48.7959024297" lon="1.987067161" /><trkpt lat="48.7959022493" lon="1.9870669608" /><trkpt lat="48.7959020657" lon="1.9870667601" /><trkpt lat="48.7959018815" lon="1.9870665573" /><trkpt lat="48.7959016974" lon="1.9870663563" /><trkpt lat="48.795901515" lon="1.9870661577" /><trkpt lat="48.7959013304" lon="1.9870659572" /><trkpt lat="48.7959011442" lon="1.9870657568" /><trkpt lat="48.7959009595" lon="1.9870655581" /><trkpt lat="48.7959007744" lon="1.9870653578" /><trkpt lat="48.7959005873" lon="1.9870651566" /><trkpt lat="48.7959004009" lon="1.9870649583" /><trkpt lat="48.7959002148" lon="1.9870647592" /><trkpt lat="48.7959000271" lon="1.9870645578" /><trkpt lat="48.7958998399" lon="1.9870643563" /><trkpt lat="48.7958996527" lon="1.9870641551" /><trkpt lat="48.7958994639" lon="1.9870639523" /><trkpt lat="48.7958992762" lon="1.9870637498" /><trkpt lat="48.7958990882" lon="1.9870635462" /><trkpt lat="48.7958988981" lon="1.9870633412" /><trkpt lat="48.7958987092" lon="1.9870631355" /><trkpt lat="48.79589852" lon="1.9870629304" /><trkpt lat="48.7958983303" lon="1.987062725" /><trkpt lat="48.7958981399" lon="1.987062519" /><trkpt lat="48.7958979486" lon="1.9870623119" /><trkpt lat="48.7958977584" lon="1.9870621045" /><trkpt lat="48.7958975665" lon="1.9870618989" /><trkpt lat="48.7958973741" lon="1.9870616905" /><trkpt lat="48.7958971811" lon="1.9870614833" /><trkpt lat="48.7958969884" lon="1.9870612753" /><trkpt lat="48.7958967949" lon="1.9870610675" /><trkpt lat="48.7958966004" lon="1.987060858" /><trkpt lat="48.7958964061" lon="1.9870606517" /><trkpt lat="48.795896212" lon="1.9870604427" /><trkpt lat="48.7958960162" lon="1.9870602309" /><trkpt lat="48.7958958209" lon="1.9870600199" /><trkpt lat="48.7958956249" lon="1.987059809" /><trkpt lat="48.7958954288" lon="1.9870595978" /><trkpt lat="48.7958952321" lon="1.9870593869" /><trkpt lat="48.7958950352" lon="1.9870591739" /><trkpt lat="48.7958948378" lon="1.9870589616" /><trkpt lat="48.7958946408" lon="1.9870587504" /><trkpt lat="48.7958944434" lon="1.9870585365" /><trkpt lat="48.7958942453" lon="1.9870583225" /><trkpt lat="48.7958940458" lon="1.9870581052" /><trkpt lat="48.7958938471" lon="1.987057892" /><trkpt lat="48.795893648" lon="1.9870576765" /><trkpt lat="48.7958934484" lon="1.9870574604" /><trkpt lat="48.7958932485" lon="1.9870572467" /><trkpt lat="48.7958930482" lon="1.98705703" /><trkpt lat="48.7958928468" lon="1.9870568131" /><trkpt lat="48.7958926454" lon="1.9870565956" /><trkpt lat="48.7958924431" lon="1.9870563768" /><trkpt lat="48.7958922393" lon="1.987056159" /><trkpt lat="48.7958920353" lon="1.9870559394" /><trkpt lat="48.7958918322" lon="1.9870557216" /><trkpt lat="48.7958916289" lon="1.9870555012" /><trkpt lat="48.7958914239" lon="1.9870552803" /><trkpt lat="48.7958912193" lon="1.9870550615" /><trkpt lat="48.7958910146" lon="1.9870548408" /><trkpt lat="48.7958908099" lon="1.9870546202" /><trkpt lat="48.7958906054" lon="1.9870544009" /><trkpt lat="48.7958903993" lon="1.987054177" /><trkpt lat="48.7958901934" lon="1.9870539553" /><trkpt lat="48.7958899883" lon="1.9870537332" /><trkpt lat="48.7958897826" lon="1.9870535093" /><trkpt lat="48.795889576" lon="1.9870532856" /><trkpt lat="48.7958893697" lon="1.987053062" /><trkpt lat="48.795889163" lon="1.9870528382" /><trkpt lat="48.7958889564" lon="1.9870526143" /><trkpt lat="48.795888749" lon="1.9870523897" /><trkpt lat="48.7958885422" lon="1.9870521666" /><trkpt lat="48.7958883331" lon="1.98705194" /><trkpt lat="48.7958881251" lon="1.9870517149" /><trkpt lat="48.7958879164" lon="1.9870514905" /><trkpt lat="48.7958877071" lon="1.9870512648" /><trkpt lat="48.7958874977" lon="1.9870510392" /><trkpt lat="48.7958872884" lon="1.9870508127" /><trkpt lat="48.7958870786" lon="1.9870505864" /><trkpt lat="48.7958868679" lon="1.9870503602" /><trkpt lat="48.7958866576" lon="1.9870501341" /><trkpt lat="48.7958864468" lon="1.9870499067" /><trkpt lat="48.7958862362" lon="1.9870496815" /><trkpt lat="48.7958860249" lon="1.98704945" /><trkpt lat="48.7958858127" lon="1.987049222" /><trkpt lat="48.7958856013" lon="1.9870489917" /><trkpt lat="48.7958853943" lon="1.9870487687" /><trkpt lat="48.7958851883" lon="1.9870485454" /><trkpt lat="48.7958849882" lon="1.9870483275" /><trkpt lat="48.7958847836" lon="1.9870481091" /><trkpt lat="48.7958845733" lon="1.9870478844" /><trkpt lat="48.7958843732" lon="1.9870476725" /><trkpt lat="48.7958841693" lon="1.9870474586" /><trkpt lat="48.7958839577" lon="1.9870472285" /><trkpt lat="48.7958837545" lon="1.9870470149" /><trkpt lat="48.7958835504" lon="1.9870467886" /><trkpt lat="48.7958833465" lon="1.9870465716" /><trkpt lat="48.7958831371" lon="1.9870463463" /><trkpt lat="48.7958829325" lon="1.9870461264" /><trkpt lat="48.7958827279" lon="1.9870459064" /><trkpt lat="48.7958825168" lon="1.9870456743" /><trkpt lat="48.7958823046" lon="1.9870454444" /><trkpt lat="48.7958820941" lon="1.9870452139" /><trkpt lat="48.7958818822" lon="1.9870449834" /><trkpt lat="48.7958816678" lon="1.9870447453" /><trkpt lat="48.7958814511" lon="1.9870445097" /><trkpt lat="48.7958812372" lon="1.987044272" /><trkpt lat="48.7958810194" lon="1.9870440272" /><trkpt lat="48.7958808135" lon="1.9870438043" /><trkpt lat="48.7958805977" lon="1.9870435637" /><trkpt lat="48.7958803827" lon="1.9870433321" /><trkpt lat="48.7958801631" lon="1.9870430932" /><trkpt lat="48.7958799431" lon="1.9870428516" /><trkpt lat="48.7958797276" lon="1.9870426186" /><trkpt lat="48.7958795089" lon="1.9870423791" /><trkpt lat="48.7958792892" lon="1.9870421406" /><trkpt lat="48.7958790685" lon="1.9870419024" /><trkpt lat="48.7958788478" lon="1.9870416637" /><trkpt lat="48.7958786299" lon="1.9870414281" /><trkpt lat="48.7958784102" lon="1.9870411893" /><trkpt lat="48.7958781895" lon="1.9870409504" /><trkpt lat="48.7958779674" lon="1.9870407111" /><trkpt lat="48.7958777476" lon="1.9870404723" /><trkpt lat="48.7958775265" lon="1.9870402321" /><trkpt lat="48.7958773047" lon="1.9870399907" /><trkpt lat="48.7958770826" lon="1.987039749" /><trkpt lat="48.7958768618" lon="1.9870395082" /><trkpt lat="48.7958766409" lon="1.9870392671" /><trkpt lat="48.7958764188" lon="1.987039025" /><trkpt lat="48.7958761971" lon="1.9870387842" /><trkpt lat="48.7958759758" lon="1.987038543" /><trkpt lat="48.7958757542" lon="1.9870383027" /><trkpt lat="48.7958755327" lon="1.9870380633" /><trkpt lat="48.7958753098" lon="1.9870378213" /><trkpt lat="48.7958750869" lon="1.9870375798" /><trkpt lat="48.7958748641" lon="1.9870373385" /><trkpt lat="48.7958746415" lon="1.9870370984" /><trkpt lat="48.7958744183" lon="1.9870368572" /><trkpt lat="48.7958741951" lon="1.9870366167" /><trkpt lat="48.7958739721" lon="1.9870363752" /><trkpt lat="48.7958737491" lon="1.9870361343" /><trkpt lat="48.7958735259" lon="1.9870358922" /><trkpt lat="48.7958733027" lon="1.9870356507" /><trkpt lat="48.7958730799" lon="1.9870354105" /><trkpt lat="48.795872856" lon="1.9870351651" /><trkpt lat="48.795872633" lon="1.9870349239" /><trkpt lat="48.7958724082" lon="1.9870346802" /><trkpt lat="48.7958721844" lon="1.987034436" /><trkpt lat="48.7958719595" lon="1.9870341921" /><trkpt lat="48.7958717353" lon="1.9870339502" /><trkpt lat="48.7958715096" lon="1.9870337056" /><trkpt lat="48.7958712845" lon="1.9870334623" /><trkpt lat="48.7958710602" lon="1.9870332223" /><trkpt lat="48.7958708347" lon="1.9870329808" /><trkpt lat="48.7958706082" lon="1.987032739" /><trkpt lat="48.7958703815" lon="1.9870324956" /><trkpt lat="48.7958701548" lon="1.9870322516" /><trkpt lat="48.7958699283" lon="1.9870320092" /><trkpt lat="48.7958697" lon="1.9870317636" /><trkpt lat="48.7958694728" lon="1.9870315185" /><trkpt lat="48.795869246" lon="1.9870312729" /><trkpt lat="48.7958690176" lon="1.9870310271" /><trkpt lat="48.79586879" lon="1.9870307812" /><trkpt lat="48.7958685627" lon="1.9870305336" /><trkpt lat="48.7958683332" lon="1.9870302857" /><trkpt lat="48.7958681049" lon="1.9870300386" /><trkpt lat="48.7958678757" lon="1.9870297918" /><trkpt lat="48.7958676459" lon="1.9870295434" /><trkpt lat="48.7958674155" lon="1.9870292967" /><trkpt lat="48.7958671857" lon="1.98702905" /><trkpt lat="48.7958669547" lon="1.9870288024" /><trkpt lat="48.7958667231" lon="1.9870285541" /><trkpt lat="48.7958664921" lon="1.9870283063" /><trkpt lat="48.7958662602" lon="1.9870280593" /><trkpt lat="48.7958660285" lon="1.9870278101" /><trkpt lat="48.7958657962" lon="1.9870275616" /><trkpt lat="48.7958655644" lon="1.9870273116" /><trkpt lat="48.7958653329" lon="1.9870270624" /><trkpt lat="48.7958650989" lon="1.9870268108" /><trkpt lat="48.7958648664" lon="1.9870265609" /><trkpt lat="48.7958646337" lon="1.9870263081" /><trkpt lat="48.7958643993" lon="1.9870260578" /><trkpt lat="48.7958641663" lon="1.9870258063" /><trkpt lat="48.7958639328" lon="1.9870255546" /><trkpt lat="48.7958636984" lon="1.9870253023" /><trkpt lat="48.7958634634" lon="1.9870250509" /><trkpt lat="48.7958632297" lon="1.9870247997" /><trkpt lat="48.7958629943" lon="1.9870245461" /><trkpt lat="48.7958627594" lon="1.9870242939" /><trkpt lat="48.7958625239" lon="1.987024042" /><trkpt lat="48.7958622883" lon="1.9870237885" /><trkpt lat="48.7958620529" lon="1.9870235357" /><trkpt lat="48.7958618164" lon="1.9870232835" /><trkpt lat="48.7958615807" lon="1.9870230308" /><trkpt lat="48.7958613436" lon="1.9870227751" /><trkpt lat="48.7958611075" lon="1.987022521" /><trkpt lat="48.7958608716" lon="1.9870222675" /><trkpt lat="48.7958606333" lon="1.9870220124" /><trkpt lat="48.7958603967" lon="1.9870217592" /><trkpt lat="48.795860159" lon="1.987021503" /><trkpt lat="48.7958599212" lon="1.9870212483" /><trkpt lat="48.7958596838" lon="1.987020992" /><trkpt lat="48.7958594449" lon="1.9870207376" /><trkpt lat="48.795859207" lon="1.987020482" /><trkpt lat="48.7958589684" lon="1.987020227" /><trkpt lat="48.7958587294" lon="1.9870199705" /><trkpt lat="48.795858491" lon="1.987019716" /><trkpt lat="48.7958582518" lon="1.9870194582" /><trkpt lat="48.7958580119" lon="1.9870192017" /><trkpt lat="48.7958577723" lon="1.9870189459" /><trkpt lat="48.7958575326" lon="1.9870186895" /><trkpt lat="48.7958572924" lon="1.9870184304" /><trkpt lat="48.7958570523" lon="1.9870181715" /><trkpt lat="48.7958568121" lon="1.9870179145" /><trkpt lat="48.7958565707" lon="1.9870176554" /><trkpt lat="48.7958563299" lon="1.9870173961" /><trkpt lat="48.79585609" lon="1.9870171367" /><trkpt lat="48.7958558487" lon="1.9870168774" /><trkpt lat="48.7958556064" lon="1.9870166169" /><trkpt lat="48.7958553648" lon="1.9870163563" /><trkpt lat="48.7958551233" lon="1.9870160956" /><trkpt lat="48.795854881" lon="1.9870158349" /><trkpt lat="48.7958546391" lon="1.9870155753" /><trkpt lat="48.7958543951" lon="1.9870153141" /><trkpt lat="48.7958541526" lon="1.9870150534" /><trkpt lat="48.7958539097" lon="1.9870147925" /><trkpt lat="48.7958536658" lon="1.9870145316" /><trkpt lat="48.7958534219" lon="1.9870142699" /><trkpt lat="48.7958531781" lon="1.9870140072" /><trkpt lat="48.7958529342" lon="1.9870137469" /><trkpt lat="48.7958526896" lon="1.9870134846" /><trkpt lat="48.7958524446" lon="1.9870132219" /><trkpt lat="48.7958521997" lon="1.9870129601" /><trkpt lat="48.7958519549" lon="1.9870126975" /><trkpt lat="48.7958517082" lon="1.9870124353" /><trkpt lat="48.7958514624" lon="1.9870121732" /><trkpt lat="48.7958512165" lon="1.9870119093" /><trkpt lat="48.7958509699" lon="1.9870116483" /><trkpt lat="48.795850722" lon="1.9870113857" /><trkpt lat="48.7958504746" lon="1.9870111238" /><trkpt lat="48.7958502275" lon="1.9870108612" /><trkpt lat="48.7958499796" lon="1.9870105983" /><trkpt lat="48.795849732" lon="1.9870103358" /><trkpt lat="48.7958494831" lon="1.9870100717" /><trkpt lat="48.7958492348" lon="1.9870098086" /><trkpt lat="48.7958489872" lon="1.9870095436" /><trkpt lat="48.7958487376" lon="1.9870092793" /><trkpt lat="48.7958484889" lon="1.9870090129" /><trkpt lat="48.7958482399" lon="1.9870087483" /><trkpt lat="48.7958479904" lon="1.9870084828" /><trkpt lat="48.7958477398" lon="1.9870082173" /><trkpt lat="48.7958474906" lon="1.9870079494" /><trkpt lat="48.7958472412" lon="1.9870076844" /><trkpt lat="48.7958469906" lon="1.9870074169" /><trkpt lat="48.7958467407" lon="1.9870071507" /><trkpt lat="48.79584649" lon="1.9870068855" /><trkpt lat="48.7958462382" lon="1.9870066178" /><trkpt lat="48.7958459865" lon="1.9870063545" /><trkpt lat="48.7958457355" lon="1.9870060861" /><trkpt lat="48.7958454833" lon="1.9870058204" /><trkpt lat="48.7958452318" lon="1.987005553" /><trkpt lat="48.7958449786" lon="1.9870052871" /><trkpt lat="48.7958447263" lon="1.9870050198" /><trkpt lat="48.7958444737" lon="1.9870047518" /><trkpt lat="48.795844221" lon="1.9870044837" /><trkpt lat="48.7958439678" lon="1.9870042147" /><trkpt lat="48.7958437146" lon="1.9870039461" /><trkpt lat="48.7958434609" lon="1.987003677" /><trkpt lat="48.7958432062" lon="1.9870034079" /><trkpt lat="48.7958429526" lon="1.9870031388" /><trkpt lat="48.7958426972" lon="1.9870028688" /><trkpt lat="48.7958424424" lon="1.9870026001" /><trkpt lat="48.7958421871" lon="1.9870023303" /><trkpt lat="48.7958419303" lon="1.9870020598" /><trkpt lat="48.7958416753" lon="1.9870017902" /><trkpt lat="48.7958414189" lon="1.9870015211" /><trkpt lat="48.7958411623" lon="1.987001249" /><trkpt lat="48.7958409049" lon="1.9870009782" /><trkpt lat="48.7958406487" lon="1.987000707" /><trkpt lat="48.7958403908" lon="1.9870004372" /><trkpt lat="48.7958401337" lon="1.9870001657" /><trkpt lat="48.7958398755" lon="1.9869998923" /><trkpt lat="48.7958396179" lon="1.9869996203" /><trkpt lat="48.7958393597" lon="1.9869993493" /><trkpt lat="48.7958391004" lon="1.9869990768" /><trkpt lat="48.795838841" lon="1.9869988046" /><trkpt lat="48.7958385812" lon="1.9869985323" /><trkpt lat="48.7958383211" lon="1.9869982604" /><trkpt lat="48.7958380616" lon="1.9869979887" /><trkpt lat="48.7958378006" lon="1.9869977154" /><trkpt lat="48.7958375401" lon="1.9869974435" /><trkpt lat="48.7958372795" lon="1.9869971715" /><trkpt lat="48.7958370183" lon="1.9869968989" /><trkpt lat="48.7958367567" lon="1.9869966253" /><trkpt lat="48.7958364947" lon="1.9869963519" /><trkpt lat="48.7958362328" lon="1.9869960788" /><trkpt lat="48.7958359718" lon="1.9869958054" /><trkpt lat="48.7958357087" lon="1.9869955306" /><trkpt lat="48.7958354462" lon="1.9869952549" /><trkpt lat="48.7958351835" lon="1.9869949813" /><trkpt lat="48.7958349214" lon="1.9869947053" /><trkpt lat="48.7958346581" lon="1.9869944298" /><trkpt lat="48.7958343954" lon="1.9869941535" /><trkpt lat="48.7958341317" lon="1.9869938781" /><trkpt lat="48.7958338683" lon="1.9869936013" /><trkpt lat="48.7958336046" lon="1.9869933272" /><trkpt lat="48.7958333398" lon="1.9869930496" /><trkpt lat="48.7958330749" lon="1.9869927732" /><trkpt lat="48.7958328096" lon="1.9869924988" /><trkpt lat="48.7958325448" lon="1.986992222" /><trkpt lat="48.7958322787" lon="1.986991946" /><trkpt lat="48.7958320128" lon="1.9869916695" /><trkpt lat="48.7958317466" lon="1.9869913928" /><trkpt lat="48.7958314804" lon="1.9869911163" /><trkpt lat="48.7958312131" lon="1.9869908396" /><trkpt lat="48.7958309464" lon="1.9869905621" /><trkpt lat="48.7958306785" lon="1.9869902852" /><trkpt lat="48.7958304119" lon="1.986990008" /><trkpt lat="48.7958301438" lon="1.9869897298" /><trkpt lat="48.7958298766" lon="1.9869894514" /><trkpt lat="48.795829608" lon="1.9869891737" /><trkpt lat="48.7958293403" lon="1.9869888947" /><trkpt lat="48.795829072" lon="1.9869886169" /><trkpt lat="48.7958288037" lon="1.9869883366" /><trkpt lat="48.795828534" lon="1.9869880577" /><trkpt lat="48.7958282654" lon="1.9869877775" /><trkpt lat="48.7958279962" lon="1.9869874986" /><trkpt lat="48.7958277259" lon="1.9869872178" /><trkpt lat="48.795827456" lon="1.9869869377" /><trkpt lat="48.7958271851" lon="1.9869866575" /><trkpt lat="48.795826914" lon="1.9869863772" /><trkpt lat="48.7958266428" lon="1.9869860979" /><trkpt lat="48.7958263708" lon="1.9869858165" /><trkpt lat="48.7958260986" lon="1.9869855375" /><trkpt lat="48.7958258263" lon="1.9869852562" /><trkpt lat="48.7958255533" lon="1.9869849753" /><trkpt lat="48.7958252805" lon="1.9869846946" /><trkpt lat="48.7958250068" lon="1.9869844125" /><trkpt lat="48.7958247335" lon="1.9869841315" /><trkpt lat="48.7958244591" lon="1.9869838492" /><trkpt lat="48.7958241855" lon="1.9869835676" /><trkpt lat="48.7958239109" lon="1.9869832855" /><trkpt lat="48.7958236353" lon="1.9869830017" /><trkpt lat="48.7958233604" lon="1.9869827187" /><trkpt lat="48.7958230846" lon="1.9869824364" /><trkpt lat="48.7958228099" lon="1.9869821541" /><trkpt lat="48.7958225331" lon="1.9869818705" /><trkpt lat="48.7958222569" lon="1.9869815874" /><trkpt lat="48.7958219801" lon="1.9869813053" /><trkpt lat="48.7958217022" lon="1.9869810235" /><trkpt lat="48.7958214241" lon="1.9869807403" /><trkpt lat="48.7958211456" lon="1.9869804576" /><trkpt lat="48.7958208662" lon="1.9869801744" /><trkpt lat="48.7958205864" lon="1.9869798911" /><trkpt lat="48.7958203062" lon="1.986979609" /><trkpt lat="48.7958200258" lon="1.9869793237" /><trkpt lat="48.7958197459" lon="1.9869790399" /><trkpt lat="48.7958194651" lon="1.9869787546" /><trkpt lat="48.795819184" lon="1.9869784712" /><trkpt lat="48.7958189027" lon="1.9869781854" /><trkpt lat="48.7958186209" lon="1.9869779006" /><trkpt lat="48.7958183391" lon="1.9869776156" /><trkpt lat="48.7958180563" lon="1.9869773302" /><trkpt lat="48.7958177737" lon="1.9869770436" /><trkpt lat="48.7958174904" lon="1.9869767587" /><trkpt lat="48.7958172075" lon="1.9869764725" /><trkpt lat="48.7958169233" lon="1.9869761865" /><trkpt lat="48.7958166398" lon="1.9869758989" /><trkpt lat="48.7958163553" lon="1.986975613" /><trkpt lat="48.7958160712" lon="1.9869753258" /><trkpt lat="48.7958157858" lon="1.9869750379" /><trkpt lat="48.7958155012" lon="1.9869747501" /><trkpt lat="48.7958152159" lon="1.9869744618" /><trkpt lat="48.7958149307" lon="1.986974173" /><trkpt lat="48.795814645" lon="1.9869738839" /><trkpt lat="48.7958143595" lon="1.9869735944" /><trkpt lat="48.7958140733" lon="1.986973305" /><trkpt lat="48.795813788" lon="1.9869730141" /><trkpt lat="48.7958135019" lon="1.986972723" /><trkpt lat="48.7958132159" lon="1.9869724301" /><trkpt lat="48.7958129301" lon="1.9869721366" /><trkpt lat="48.7958126436" lon="1.9869718436" /><trkpt lat="48.7958123577" lon="1.9869715492" /><trkpt lat="48.7958120709" lon="1.9869712543" /><trkpt lat="48.7958117837" lon="1.9869709606" /><trkpt lat="48.7958114973" lon="1.9869706648" /><trkpt lat="48.7958112101" lon="1.9869703703" /><trkpt lat="48.795810922" lon="1.9869700746" /><trkpt lat="48.7958106338" lon="1.9869697791" /><trkpt lat="48.7958103456" lon="1.9869694854" /><trkpt lat="48.7958100557" lon="1.9869691891" /><trkpt lat="48.7958097671" lon="1.9869688952" /><trkpt lat="48.7958094774" lon="1.9869686013" /><trkpt lat="48.7958091868" lon="1.9869683059" /><trkpt lat="48.7958088965" lon="1.9869680122" /><trkpt lat="48.7958086056" lon="1.9869677173" /><trkpt lat="48.7958083148" lon="1.9869674232" /><trkpt lat="48.7958080233" lon="1.9869671293" /><trkpt lat="48.7958077319" lon="1.9869668336" /><trkpt lat="48.7958074408" lon="1.9869665398" /><trkpt lat="48.7958071486" lon="1.9869662431" /><trkpt lat="48.795806856" lon="1.9869659489" /><trkpt lat="48.7958065635" lon="1.9869656535" /><trkpt lat="48.795806271" lon="1.9869653575" /><trkpt lat="48.7958059784" lon="1.9869650615" /><trkpt lat="48.7958056846" lon="1.9869647638" /><trkpt lat="48.7958053911" lon="1.9869644677" /><trkpt lat="48.7958050975" lon="1.9869641701" /><trkpt lat="48.7958048037" lon="1.9869638728" /><trkpt lat="48.7958045096" lon="1.9869635755" /><trkpt lat="48.7958042141" lon="1.9869632766" /><trkpt lat="48.7958039188" lon="1.9869629777" /><trkpt lat="48.7958036234" lon="1.9869626802" /><trkpt lat="48.7958033276" lon="1.9869623806" /><trkpt lat="48.7958030305" lon="1.9869620808" /><trkpt lat="48.7958027339" lon="1.9869617824" /><trkpt lat="48.7958024366" lon="1.9869614829" /><trkpt lat="48.7958021384" lon="1.9869611837" /><trkpt lat="48.7958018398" lon="1.9869608833" /><trkpt lat="48.7958015416" lon="1.9869605841" /><trkpt lat="48.7958012426" lon="1.9869602833" /><trkpt lat="48.7958009431" lon="1.9869599814" /><trkpt lat="48.7958006429" lon="1.9869596814" /><trkpt lat="48.7958003438" lon="1.9869593786" /><trkpt lat="48.7958000427" lon="1.9869590767" /><trkpt lat="48.7957997427" lon="1.9869587749" /><trkpt lat="48.7957994408" lon="1.9869584718" /><trkpt lat="48.795799139" lon="1.9869581684" /><trkpt lat="48.7957988379" lon="1.9869578657" /><trkpt lat="48.7957985354" lon="1.9869575623" /><trkpt lat="48.795798233" lon="1.9869572587" /><trkpt lat="48.79579793" lon="1.9869569537" /><trkpt lat="48.7957976272" lon="1.9869566485" /><trkpt lat="48.7957973233" lon="1.9869563423" /><trkpt lat="48.79579702" lon="1.9869560375" /><trkpt lat="48.7957967151" lon="1.986955729" /><trkpt lat="48.7957964109" lon="1.9869554239" /><trkpt lat="48.7957961065" lon="1.9869551154" /><trkpt lat="48.795795801" lon="1.9869548081" /><trkpt lat="48.7957954957" lon="1.9869545003" /><trkpt lat="48.7957951901" lon="1.9869541922" /><trkpt lat="48.7957948844" lon="1.986953884" /><trkpt lat="48.7957945777" lon="1.9869535766" /><trkpt lat="48.7957942719" lon="1.9869532685" /><trkpt lat="48.7957939639" lon="1.9869529601" /><trkpt lat="48.7957936576" lon="1.9869526522" /><trkpt lat="48.7957933493" lon="1.9869523431" /><trkpt lat="48.7957930415" lon="1.9869520345" /><trkpt lat="48.7957927335" lon="1.986951725" /><trkpt lat="48.7957924254" lon="1.9869514155" /><trkpt lat="48.7957921161" lon="1.9869511055" /><trkpt lat="48.7957918065" lon="1.9869507952" /><trkpt lat="48.7957914966" lon="1.9869504844" /><trkpt lat="48.7957911864" lon="1.9869501721" /><trkpt lat="48.7957908767" lon="1.9869498588" /><trkpt lat="48.795790566" lon="1.9869495453" /><trkpt lat="48.7957902555" lon="1.9869492318" /><trkpt lat="48.795789945" lon="1.9869489175" /><trkpt lat="48.7957896338" lon="1.9869486028" /><trkpt lat="48.7957893236" lon="1.9869482889" /><trkpt lat="48.7957890107" lon="1.9869479736" /><trkpt lat="48.7957886988" lon="1.9869476601" /><trkpt lat="48.795788386" lon="1.9869473451" /><trkpt lat="48.7957880728" lon="1.9869470318" /><trkpt lat="48.7957877588" lon="1.9869467188" /><trkpt lat="48.7957874444" lon="1.986946405" /><trkpt lat="48.7957871296" lon="1.986946092" /><trkpt lat="48.7957868146" lon="1.986945777" /><trkpt lat="48.7957864987" lon="1.9869454644" /><trkpt lat="48.7957861819" lon="1.9869451497" /><trkpt lat="48.7957858661" lon="1.9869448362" /><trkpt lat="48.7957855499" lon="1.986944521" /><trkpt lat="48.7957852311" lon="1.9869442075" /><trkpt lat="48.7957849142" lon="1.9869438905" /><trkpt lat="48.7957845962" lon="1.9869435747" /><trkpt lat="48.7957842789" lon="1.9869432576" /><trkpt lat="48.7957839606" lon="1.9869429396" /><trkpt lat="48.7957836422" lon="1.9869426209" /><trkpt lat="48.7957833241" lon="1.9869423024" /><trkpt lat="48.7957830055" lon="1.9869419836" /><trkpt lat="48.7957826868" lon="1.9869416644" /><trkpt lat="48.7957823661" lon="1.9869413454" /><trkpt lat="48.7957820468" lon="1.9869410252" /><trkpt lat="48.7957817264" lon="1.9869407062" /><trkpt lat="48.7957814054" lon="1.9869403834" /><trkpt lat="48.7957810841" lon="1.9869400641" /><trkpt lat="48.7957807619" lon="1.9869397424" /><trkpt lat="48.7957804399" lon="1.9869394231" /><trkpt lat="48.7957801164" lon="1.9869391009" /><trkpt lat="48.7957797933" lon="1.9869387798" /><trkpt lat="48.7957794696" lon="1.9869384576" /><trkpt lat="48.7957791447" lon="1.9869381351" /><trkpt lat="48.7957788198" lon="1.9869378119" /><trkpt lat="48.7957784949" lon="1.9869374894" /><trkpt lat="48.7957781692" lon="1.9869371655" /><trkpt lat="48.7957778428" lon="1.9869368398" /><trkpt lat="48.7957775174" lon="1.9869365152" /><trkpt lat="48.7957771907" lon="1.9869361895" /><trkpt lat="48.7957768636" lon="1.9869358635" /><trkpt lat="48.7957765371" lon="1.9869355362" /><trkpt lat="48.7957762098" lon="1.9869352085" /><trkpt lat="48.7957758821" lon="1.9869348803" /><trkpt lat="48.7957755548" lon="1.9869345521" /><trkpt lat="48.7957752262" lon="1.9869342245" /><trkpt lat="48.7957748975" lon="1.9869338952" /><trkpt lat="48.795774569" lon="1.9869335662" /><trkpt lat="48.7957742398" lon="1.9869332372" /><trkpt lat="48.7957739099" lon="1.9869329064" /><trkpt lat="48.7957735804" lon="1.9869325778" /><trkpt lat="48.7957732497" lon="1.9869322474" /><trkpt lat="48.7957729191" lon="1.9869319177" /><trkpt lat="48.7957725887" lon="1.9869315876" /><trkpt lat="48.7957722573" lon="1.9869312563" /><trkpt lat="48.7957719262" lon="1.9869309262" /><trkpt lat="48.7957715939" lon="1.9869305937" /><trkpt lat="48.7957712619" lon="1.9869302611" /><trkpt lat="48.7957709299" lon="1.9869299291" /><trkpt lat="48.795770597" lon="1.9869295959" /><trkpt lat="48.7957702646" lon="1.9869292622" /><trkpt lat="48.7957699317" lon="1.9869289287" /><trkpt lat="48.7957695978" lon="1.986928594" /><trkpt lat="48.7957692646" lon="1.9869282595" /><trkpt lat="48.7957689307" lon="1.9869279239" /><trkpt lat="48.7957685965" lon="1.9869275889" /><trkpt lat="48.7957682613" lon="1.9869272525" /><trkpt lat="48.7957679268" lon="1.9869269171" /><trkpt lat="48.7957675917" lon="1.9869265814" /><trkpt lat="48.7957672554" lon="1.9869262465" /><trkpt lat="48.79576692" lon="1.9869259111" /><trkpt lat="48.7957665814" lon="1.9869255742" /><trkpt lat="48.7957662446" lon="1.9869252396" /><trkpt lat="48.7957659071" lon="1.9869249028" /><trkpt lat="48.7957655682" lon="1.9869245677" /><trkpt lat="48.7957652297" lon="1.9869242299" /><trkpt lat="48.7957648912" lon="1.9869238932" /><trkpt lat="48.7957645523" lon="1.9869235552" /><trkpt lat="48.7957642127" lon="1.9869232172" /><trkpt lat="48.7957638733" lon="1.9869228766" /><trkpt lat="48.7957635331" lon="1.9869225365" /><trkpt lat="48.7957631936" lon="1.9869221963" /><trkpt lat="48.7957628525" lon="1.9869218553" /><trkpt lat="48.7957625123" lon="1.9869215128" /><trkpt lat="48.7957621731" lon="1.9869211729" /><trkpt lat="48.7957618308" lon="1.9869208302" /><trkpt lat="48.795761489" lon="1.986920487" /><trkpt lat="48.7957611465" lon="1.9869201442" /><trkpt lat="48.795760806" lon="1.9869198007" /><trkpt lat="48.7957604624" lon="1.9869194554" /><trkpt lat="48.7957601208" lon="1.986919111" /><trkpt lat="48.7957597783" lon="1.9869187658" /><trkpt lat="48.7957594344" lon="1.98691842" /><trkpt lat="48.795759092" lon="1.9869180714" /><trkpt lat="48.7957587488" lon="1.9869177222" /><trkpt lat="48.7957584059" lon="1.986917373" /><trkpt lat="48.7957580618" lon="1.9869170226" /><trkpt lat="48.7957577184" lon="1.9869166723" /><trkpt lat="48.7957573742" lon="1.9869163209" /><trkpt lat="48.7957570304" lon="1.9869159703" /><trkpt lat="48.7957566854" lon="1.986915618" /><trkpt lat="48.7957563404" lon="1.9869152664" /><trkpt lat="48.7957559965" lon="1.986914915" /><trkpt lat="48.7957556501" lon="1.9869145602" /><trkpt lat="48.7957553038" lon="1.9869142079" /><trkpt lat="48.7957549574" lon="1.9869138528" /><trkpt lat="48.7957546111" lon="1.9869134974" /><trkpt lat="48.7957542623" lon="1.9869131428" /><trkpt lat="48.7957539156" lon="1.9869127894" /><trkpt lat="48.7957535662" lon="1.9869124343" /><trkpt lat="48.7957532183" lon="1.9869120787" /><trkpt lat="48.7957528694" lon="1.9869117229" /><trkpt lat="48.7957525201" lon="1.9869113672" /><trkpt lat="48.7957521701" lon="1.9869110136" /><trkpt lat="48.7957518202" lon="1.9869106544" /><trkpt lat="48.7957514697" lon="1.9869102979" /><trkpt lat="48.7957511192" lon="1.9869099403" /><trkpt lat="48.7957507688" lon="1.9869095829" /><trkpt lat="48.7957504181" lon="1.986909224" /><trkpt lat="48.7957500666" lon="1.9869088652" /><trkpt lat="48.7957497156" lon="1.9869085044" /><trkpt lat="48.7957493642" lon="1.9869081461" /><trkpt lat="48.7957490108" lon="1.9869077831" /><trkpt lat="48.7957486589" lon="1.9869074229" /><trkpt lat="48.7957483054" lon="1.98690706" /><trkpt lat="48.7957479527" lon="1.986906699" /><trkpt lat="48.7957475984" lon="1.9869063382" /><trkpt lat="48.7957472441" lon="1.9869059762" /><trkpt lat="48.7957468893" lon="1.9869056137" /><trkpt lat="48.795746535" lon="1.9869052527" /><trkpt lat="48.795746179" lon="1.9869048899" /><trkpt lat="48.7957458231" lon="1.9869045254" /><trkpt lat="48.7957454676" lon="1.9869041634" /><trkpt lat="48.795745112" lon="1.9869037977" /><trkpt lat="48.795744755" lon="1.9869034337" /><trkpt lat="48.7957443981" lon="1.9869030679" /><trkpt lat="48.7957440414" lon="1.9869027032" /><trkpt lat="48.7957436837" lon="1.9869023361" /><trkpt lat="48.7957433266" lon="1.986901971" /><trkpt lat="48.7957429683" lon="1.9869016029" /><trkpt lat="48.7957426107" lon="1.9869012346" /><trkpt lat="48.7957422525" lon="1.9869008676" /><trkpt lat="48.7957418941" lon="1.9869005003" /><trkpt lat="48.7957415358" lon="1.9869001315" /><trkpt lat="48.7957411764" lon="1.9868997613" /><trkpt lat="48.795740817" lon="1.986899393" /><trkpt lat="48.7957404583" lon="1.9868990228" /><trkpt lat="48.7957400979" lon="1.9868986509" /><trkpt lat="48.7957397377" lon="1.9868982795" /><trkpt lat="48.7957393784" lon="1.9868979074" /><trkpt lat="48.7957390177" lon="1.986897535" /><trkpt lat="48.7957386568" lon="1.9868971604" /><trkpt lat="48.7957382959" lon="1.9868967871" /><trkpt lat="48.7957379349" lon="1.9868964119" /><trkpt lat="48.7957375731" lon="1.9868960364" /><trkpt lat="48.7957372115" lon="1.9868956602" /><trkpt lat="48.7957368495" lon="1.9868952856" /><trkpt lat="48.7957364873" lon="1.9868949092" /><trkpt lat="48.7957361249" lon="1.9868945335" /><trkpt lat="48.7957357609" lon="1.9868941547" /><trkpt lat="48.7957353971" lon="1.9868937778" /><trkpt lat="48.7957350335" lon="1.9868934005" /><trkpt lat="48.7957346695" lon="1.9868930225" /><trkpt lat="48.7957343043" lon="1.9868926434" /><trkpt lat="48.7957339393" lon="1.9868922649" /><trkpt lat="48.7957335745" lon="1.9868918855" /><trkpt lat="48.7957332094" lon="1.9868915069" /><trkpt lat="48.7957328427" lon="1.9868911275" /><trkpt lat="48.7957324764" lon="1.9868907478" /><trkpt lat="48.7957321095" lon="1.9868903664" /><trkpt lat="48.7957317428" lon="1.986889986" /><trkpt lat="48.7957313754" lon="1.9868896056" /><trkpt lat="48.7957310075" lon="1.9868892248" /><trkpt lat="48.7957306393" lon="1.986888844" /><trkpt lat="48.7957302714" lon="1.9868884614" /><trkpt lat="48.7957299031" lon="1.9868880793" /><trkpt lat="48.7957295347" lon="1.9868876976" /><trkpt lat="48.7957291656" lon="1.9868873128" /><trkpt lat="48.7957287975" lon="1.9868869279" /><trkpt lat="48.7957284282" lon="1.9868865432" /><trkpt lat="48.7957280592" lon="1.9868861569" /><trkpt lat="48.7957276895" lon="1.9868857714" /><trkpt lat="48.7957273203" lon="1.986885384" /><trkpt lat="48.7957269497" lon="1.9868849999" /><trkpt lat="48.795726579" lon="1.9868846116" /><trkpt lat="48.7957262092" lon="1.986884225" /><trkpt lat="48.7957258392" lon="1.9868838391" /><trkpt lat="48.7957254673" lon="1.9868834508" /><trkpt lat="48.7957250963" lon="1.9868830632" /><trkpt lat="48.7957247245" lon="1.9868826732" /><trkpt lat="48.7957243534" lon="1.9868822847" /><trkpt lat="48.7957239814" lon="1.9868818932" /><trkpt lat="48.7957236099" lon="1.9868815049" /><trkpt lat="48.7957232398" lon="1.9868811174" /><trkpt lat="48.795722868" lon="1.9868807292" /><trkpt lat="48.7957224974" lon="1.9868803403" /><trkpt lat="48.7957221251" lon="1.9868799505" /><trkpt lat="48.7957217535" lon="1.9868795608" /><trkpt lat="48.7957213822" lon="1.9868791705" /><trkpt lat="48.7957210099" lon="1.9868787808" /><trkpt lat="48.7957206371" lon="1.9868783898" /><trkpt lat="48.7957202649" lon="1.9868779999" /><trkpt lat="48.795719892" lon="1.9868776076" /><trkpt lat="48.7957195183" lon="1.9868772151" /><trkpt lat="48.7957191453" lon="1.986876826" /><trkpt lat="48.7957187715" lon="1.9868764339" /><trkpt lat="48.7957183978" lon="1.9868760417" /><trkpt lat="48.7957180229" lon="1.9868756489" /><trkpt lat="48.7957176492" lon="1.9868752572" /><trkpt lat="48.7957172741" lon="1.9868748627" /><trkpt lat="48.7957168991" lon="1.9868744704" /><trkpt lat="48.795716525" lon="1.9868740756" /><trkpt lat="48.7957161497" lon="1.9868736797" /><trkpt lat="48.7957157738" lon="1.9868732861" /><trkpt lat="48.7957153982" lon="1.9868728919" /><trkpt lat="48.7957150223" lon="1.9868724967" /><trkpt lat="48.795714647" lon="1.9868721003" /><trkpt lat="48.7957142713" lon="1.9868717039" /><trkpt lat="48.7957138941" lon="1.9868713065" /><trkpt lat="48.7957135184" lon="1.9868709108" /><trkpt lat="48.7957131413" lon="1.986870513" /><trkpt lat="48.7957127646" lon="1.9868701155" /><trkpt lat="48.7957123881" lon="1.9868697173" /><trkpt lat="48.7957120111" lon="1.9868693196" /><trkpt lat="48.7957116329" lon="1.9868689218" /><trkpt lat="48.7957112552" lon="1.9868685238" /><trkpt lat="48.7957108779" lon="1.9868681261" /><trkpt lat="48.7957104996" lon="1.986867726" /><trkpt lat="48.7957101206" lon="1.9868673285" /><trkpt lat="48.7957097416" lon="1.9868669291" /><trkpt lat="48.7957093637" lon="1.9868665302" /><trkpt lat="48.7957089845" lon="1.9868661316" /><trkpt lat="48.7957086054" lon="1.9868657327" /><trkpt lat="48.7957082259" lon="1.9868653329" /><trkpt lat="48.7957078457" lon="1.9868649335" /><trkpt lat="48.7957074656" lon="1.9868645321" /><trkpt lat="48.7957070853" lon="1.986864133" /><trkpt lat="48.7957067057" lon="1.9868637314" /><trkpt lat="48.7957063251" lon="1.9868633315" /><trkpt lat="48.7957059445" lon="1.9868629292" /><trkpt lat="48.7957055628" lon="1.9868625278" /><trkpt lat="48.7957051827" lon="1.9868621253" /><trkpt lat="48.7957048016" lon="1.9868617245" /><trkpt lat="48.7957044203" lon="1.9868613217" /><trkpt lat="48.7957040384" lon="1.9868609177" /><trkpt lat="48.7957036572" lon="1.9868605152" /><trkpt lat="48.7957032755" lon="1.9868601116" /><trkpt lat="48.7957028934" lon="1.9868597088" /><trkpt lat="48.795702511" lon="1.9868593042" /><trkpt lat="48.7957021292" lon="1.9868589001" /><trkpt lat="48.7957017463" lon="1.9868584953" /><trkpt lat="48.7957013635" lon="1.9868580913" /><trkpt lat="48.7957009811" lon="1.9868576846" /><trkpt lat="48.7957005987" lon="1.9868572791" /><trkpt lat="48.7957002153" lon="1.9868568737" /><trkpt lat="48.7956998321" lon="1.9868564682" /><trkpt lat="48.7956994499" lon="1.9868560608" /><trkpt lat="48.7956990665" lon="1.9868556537" /><trkpt lat="48.7956986835" lon="1.9868552465" /><trkpt lat="48.7956982995" lon="1.9868548389" /><trkpt lat="48.7956979164" lon="1.9868544323" /><trkpt lat="48.7956975325" lon="1.9868540234" /><trkpt lat="48.7956971487" lon="1.9868536177" /><trkpt lat="48.7956967651" lon="1.9868532081" /><trkpt lat="48.7956963806" lon="1.9868528004" /><trkpt lat="48.7956959965" lon="1.9868523924" /><trkpt lat="48.7956956122" lon="1.9868519849" /><trkpt lat="48.7956952275" lon="1.9868515749" /><trkpt lat="48.7956948426" lon="1.9868511678" /><trkpt lat="48.795694458" lon="1.9868507589" /><trkpt lat="48.7956940723" lon="1.9868503512" /><trkpt lat="48.7956936866" lon="1.9868499413" /><trkpt lat="48.7956933014" lon="1.9868495316" /><trkpt lat="48.7956929167" lon="1.9868491211" /><trkpt lat="48.7956925315" lon="1.9868487099" /><trkpt lat="48.7956921457" lon="1.9868482994" /><trkpt lat="48.7956917594" lon="1.9868478877" /><trkpt lat="48.7956913738" lon="1.9868474755" /><trkpt lat="48.7956909886" lon="1.9868470636" /><trkpt lat="48.7956906021" lon="1.9868466519" /><trkpt lat="48.7956902156" lon="1.9868462397" /><trkpt lat="48.7956898296" lon="1.986845827" /><trkpt lat="48.7956894431" lon="1.9868454143" /><trkpt lat="48.7956890563" lon="1.9868450014" /><trkpt lat="48.7956886692" lon="1.9868445881" /><trkpt lat="48.7956882816" lon="1.9868441748" /><trkpt lat="48.7956878943" lon="1.9868437618" /><trkpt lat="48.7956875066" lon="1.9868433489" /><trkpt lat="48.7956871183" lon="1.9868429365" /><trkpt lat="48.7956867296" lon="1.9868425229" /><trkpt lat="48.7956863405" lon="1.9868421111" /><trkpt lat="48.7956859514" lon="1.9868416985" /><trkpt lat="48.7956855616" lon="1.9868412854" /><trkpt lat="48.7956851715" lon="1.9868408688" /><trkpt lat="48.7956847805" lon="1.986840449" /><trkpt lat="48.79568439" lon="1.98684003" /><trkpt lat="48.7956840003" lon="1.9868396105" /><trkpt lat="48.7956836098" lon="1.9868391939" /><trkpt lat="48.7956832202" lon="1.986838771" /><trkpt lat="48.79568283" lon="1.9868383491" /><trkpt lat="48.7956824393" lon="1.9868379278" /><trkpt lat="48.7956820489" lon="1.9868375075" /><trkpt lat="48.7956816588" lon="1.9868370848" /><trkpt lat="48.7956812689" lon="1.9868366638" /><trkpt lat="48.7956808781" lon="1.9868362398" /><trkpt lat="48.7956804873" lon="1.9868358196" /><trkpt lat="48.7956800968" lon="1.9868353985" /><trkpt lat="48.7956797055" lon="1.986834973" /><trkpt lat="48.7956793149" lon="1.9868345506" /><trkpt lat="48.7956789229" lon="1.9868341273" /><trkpt lat="48.7956785314" lon="1.9868337059" /><trkpt lat="48.7956781391" lon="1.9868332807" /><trkpt lat="48.7956777483" lon="1.986832858" /><trkpt lat="48.7956773556" lon="1.9868324331" /><trkpt lat="48.7956769631" lon="1.9868320083" /><trkpt lat="48.7956765709" lon="1.9868315835" /><trkpt lat="48.7956761792" lon="1.9868311579" /><trkpt lat="48.7956757867" lon="1.9868307346" /><trkpt lat="48.7956753946" lon="1.9868303051" /><trkpt lat="48.7956750015" lon="1.9868298803" /><trkpt lat="48.7956746089" lon="1.986829452" /><trkpt lat="48.7956742165" lon="1.9868290266" /><trkpt lat="48.7956738242" lon="1.986828597" /><trkpt lat="48.795673431" lon="1.9868281712" /><trkpt lat="48.795673038" lon="1.9868277445" /><trkpt lat="48.7956726446" lon="1.9868273148" /><trkpt lat="48.7956722511" lon="1.9868268876" /><trkpt lat="48.7956718566" lon="1.9868264622" /><trkpt lat="48.7956714629" lon="1.9868260334" /><trkpt lat="48.7956710681" lon="1.9868256061" /><trkpt lat="48.7956706738" lon="1.9868251799" /><trkpt lat="48.795670279" lon="1.9868247514" /><trkpt lat="48.7956698839" lon="1.9868243248" /><trkpt lat="48.7956694885" lon="1.9868238956" /><trkpt lat="48.7956690939" lon="1.9868234699" /><trkpt lat="48.7956686986" lon="1.9868230395" /><trkpt lat="48.7956683032" lon="1.9868226112" /><trkpt lat="48.7956679074" lon="1.9868221846" /><trkpt lat="48.7956675127" lon="1.9868217514" /><trkpt lat="48.7956671171" lon="1.9868213227" /><trkpt lat="48.7956667211" lon="1.9868208912" /><trkpt lat="48.7956663246" lon="1.9868204632" /><trkpt lat="48.7956659291" lon="1.9868200326" /><trkpt lat="48.7956655329" lon="1.9868196043" /><trkpt lat="48.7956651359" lon="1.986819172" /><trkpt lat="48.7956647392" lon="1.9868187431" /><trkpt lat="48.7956643421" lon="1.9868183111" /><trkpt lat="48.7956639451" lon="1.9868178813" /><trkpt lat="48.7956635479" lon="1.9868174499" /><trkpt lat="48.79566315" lon="1.9868170201" /><trkpt lat="48.7956627531" lon="1.9868165887" /><trkpt lat="48.7956623556" lon="1.9868161557" /><trkpt lat="48.7956619579" lon="1.9868157253" /><trkpt lat="48.7956615596" lon="1.9868152925" /><trkpt lat="48.7956611629" lon="1.9868148606" /><trkpt lat="48.7956607642" lon="1.9868144287" /><trkpt lat="48.7956603677" lon="1.9868139936" /><trkpt lat="48.7956599693" lon="1.9868135594" /><trkpt lat="48.7956595717" lon="1.9868131249" /><trkpt lat="48.7956591738" lon="1.9868126914" /><trkpt lat="48.795658776" lon="1.9868122567" /><trkpt lat="48.7956583778" lon="1.986811824" /><trkpt lat="48.7956579798" lon="1.9868113884" /><trkpt lat="48.7956575816" lon="1.9868109538" /><trkpt lat="48.7956571823" lon="1.9868105187" /><trkpt lat="48.795656784" lon="1.9868100842" /><trkpt lat="48.7956563849" lon="1.9868096489" /><trkpt lat="48.7956559853" lon="1.9868092151" /><trkpt lat="48.7956555844" lon="1.9868087785" /><trkpt lat="48.7956551877" lon="1.9868083463" /><trkpt lat="48.7956547869" lon="1.986807914" /><trkpt lat="48.795654388" lon="1.9868074787" /><trkpt lat="48.795653988" lon="1.9868070431" /><trkpt lat="48.795653589" lon="1.9868066083" /><trkpt lat="48.7956531866" lon="1.9868061698" /><trkpt lat="48.7956527864" lon="1.9868057332" /><trkpt lat="48.7956523884" lon="1.9868052994" /><trkpt lat="48.7956519903" lon="1.9868048664" /><trkpt lat="48.7956515869" lon="1.9868044295" /><trkpt lat="48.7956511845" lon="1.9868039938" /><trkpt lat="48.7956507866" lon="1.9868035584" /><trkpt lat="48.7956503839" lon="1.9868031203" /><trkpt lat="48.7956499825" lon="1.9868026841" /><trkpt lat="48.7956495843" lon="1.9868022501" /><trkpt lat="48.7956491848" lon="1.9868018157" /><trkpt lat="48.7956487812" lon="1.9868013736" /><trkpt lat="48.7956483804" lon="1.9868009373" /><trkpt lat="48.7956479813" lon="1.9868004991" /><trkpt lat="48.7956475804" lon="1.9868000604" /><trkpt lat="48.7956471801" lon="1.9867996229" /><trkpt lat="48.79564678" lon="1.9867991833" /><trkpt lat="48.7956463777" lon="1.9867987441" /><trkpt lat="48.7956459772" lon="1.9867983075" /><trkpt lat="48.7956455756" lon="1.9867978717" /><trkpt lat="48.7956451739" lon="1.9867974345" /><trkpt lat="48.7956447708" lon="1.9867969993" /><trkpt lat="48.7956443698" lon="1.9867965625" /><trkpt lat="48.795643967" lon="1.9867961265" /><trkpt lat="48.7956435653" lon="1.9867956894" /><trkpt lat="48.7956431612" lon="1.9867952531" /><trkpt lat="48.7956427595" lon="1.986794817" /><trkpt lat="48.7956423561" lon="1.9867943807" /><trkpt lat="48.7956419543" lon="1.9867939427" /><trkpt lat="48.7956415515" lon="1.986793506" /><trkpt lat="48.7956411487" lon="1.9867930689" /><trkpt lat="48.7956407455" lon="1.9867926315" /><trkpt lat="48.7956403427" lon="1.9867921954" /><trkpt lat="48.7956399398" lon="1.9867917589" /><trkpt lat="48.7956395364" lon="1.9867913207" /><trkpt lat="48.7956391332" lon="1.9867908831" /><trkpt lat="48.7956387306" lon="1.9867904467" /><trkpt lat="48.7956383268" lon="1.9867900089" /><trkpt lat="48.7956379242" lon="1.9867895724" /><trkpt lat="48.7956375202" lon="1.9867891347" /><trkpt lat="48.7956371165" lon="1.9867886984" /><trkpt lat="48.7956367127" lon="1.9867882617" /><trkpt lat="48.7956363083" lon="1.9867878253" /><trkpt lat="48.7956359036" lon="1.9867873902" /><trkpt lat="48.7956354997" lon="1.986786954" /><trkpt lat="48.7956350955" lon="1.9867865194" /><trkpt lat="48.7956346891" lon="1.9867860824" /><trkpt lat="48.7956342864" lon="1.9867856478" /><trkpt lat="48.7956338833" lon="1.9867852121" /><trkpt lat="48.7956334797" lon="1.9867847773" /><trkpt lat="48.7956330787" lon="1.9867843438" /><trkpt lat="48.7956326774" lon="1.986783905" /><trkpt lat="48.7956322741" lon="1.9867834713" /><trkpt lat="48.7956318701" lon="1.9867830325" /><trkpt lat="48.7956314666" lon="1.9867825908" /><trkpt lat="48.795631063" lon="1.9867821549" /><trkpt lat="48.7956306582" lon="1.986781717" /><trkpt lat="48.7956302539" lon="1.9867812825" /><trkpt lat="48.7956298543" lon="1.9867808418" /><trkpt lat="48.7956294537" lon="1.986780401" /><trkpt lat="48.795629047" lon="1.9867799666" /><trkpt lat="48.7956286433" lon="1.9867795227" /><trkpt lat="48.7956282407" lon="1.9867790884" /><trkpt lat="48.7956278383" lon="1.9867786479" /><trkpt lat="48.7956274325" lon="1.9867782091" /><trkpt lat="48.7956270293" lon="1.9867777715" /><trkpt lat="48.7956266252" lon="1.9867773353" /><trkpt lat="48.7956262233" lon="1.9867768977" /><trkpt lat="48.7956258184" lon="1.9867764581" /><trkpt lat="48.795625415" lon="1.9867760227" /><trkpt lat="48.7956250121" lon="1.986775587" /><trkpt lat="48.7956246075" lon="1.9867751484" /><trkpt lat="48.7956242031" lon="1.986774715" /><trkpt lat="48.7956238001" lon="1.9867742795" /><trkpt lat="48.795623395" lon="1.9867738416" /><trkpt lat="48.7956229906" lon="1.9867734068" /><trkpt lat="48.7956225865" lon="1.986772972" /><trkpt lat="48.7956221835" lon="1.9867725386" /><trkpt lat="48.7956217801" lon="1.9867721056" /><trkpt lat="48.7956213747" lon="1.9867716722" /><trkpt lat="48.7956209707" lon="1.9867712386" /><trkpt lat="48.7956205657" lon="1.9867708074" /><trkpt lat="48.7956201599" lon="1.9867703755" /><trkpt lat="48.7956197569" lon="1.9867699446" /><trkpt lat="48.7956193536" lon="1.9867695117" /><trkpt lat="48.7956189493" lon="1.9867690783" /><trkpt lat="48.7956185456" lon="1.9867686429" /><trkpt lat="48.7956181423" lon="1.986768209" /><trkpt lat="48.79561774" lon="1.9867677753" /><trkpt lat="48.7956173368" lon="1.986767339" /><trkpt lat="48.7956169348" lon="1.9867669037" /><trkpt lat="48.7956165329" lon="1.9867664672" /><trkpt lat="48.7956161322" lon="1.9867660301" /><trkpt lat="48.7956157309" lon="1.9867655941" /><trkpt lat="48.7956153301" lon="1.9867651564" /><trkpt lat="48.7956149297" lon="1.9867647212" /><trkpt lat="48.7956145291" lon="1.9867642839" /><trkpt lat="48.7956141284" lon="1.9867638473" /><trkpt lat="48.7956137279" lon="1.986763411" /><trkpt lat="48.7956133276" lon="1.9867629735" /><trkpt lat="48.7956129261" lon="1.9867625396" /><trkpt lat="48.795612525" lon="1.9867621046" /><trkpt lat="48.7956121234" lon="1.9867616712" /><trkpt lat="48.795611722" lon="1.9867612376" /><trkpt lat="48.7956113213" lon="1.986760804" /><trkpt lat="48.7956109206" lon="1.9867603722" /><trkpt lat="48.7956105187" lon="1.9867599367" /><trkpt lat="48.7956101179" lon="1.986759505" /><trkpt lat="48.7956097163" lon="1.9867590719" /><trkpt lat="48.7956093151" lon="1.9867586399" /><trkpt lat="48.7956089142" lon="1.9867582087" /><trkpt lat="48.7956085129" lon="1.9867577769" /><trkpt lat="48.7956081116" lon="1.9867573454" /><trkpt lat="48.7956077105" lon="1.9867569145" /><trkpt lat="48.7956073089" lon="1.9867564832" /><trkpt lat="48.795606907" lon="1.9867560524" /><trkpt lat="48.7956065061" lon="1.9867556227" /><trkpt lat="48.7956061044" lon="1.9867551929" /><trkpt lat="48.7956057029" lon="1.986754763" /><trkpt lat="48.7956053027" lon="1.9867543336" /><trkpt lat="48.7956049021" lon="1.9867539022" /><trkpt lat="48.7956045032" lon="1.9867534682" /><trkpt lat="48.7956041035" lon="1.9867530374" /><trkpt lat="48.7956037043" lon="1.9867526047" /><trkpt lat="48.7956033043" lon="1.9867521721" /><trkpt lat="48.7956029047" lon="1.9867517398" /><trkpt lat="48.7956025064" lon="1.9867513099" /><trkpt lat="48.7956021076" lon="1.9867508777" /><trkpt lat="48.7956017076" lon="1.9867504451" /><trkpt lat="48.7956013093" lon="1.9867500149" /><trkpt lat="48.795600911" lon="1.9867495844" /><trkpt lat="48.7956005135" lon="1.9867491524" /><trkpt lat="48.795600116" lon="1.9867487225" /><trkpt lat="48.7955997194" lon="1.9867482916" /><trkpt lat="48.795599323" lon="1.9867478601" /><trkpt lat="48.7955989263" lon="1.9867474291" /><trkpt lat="48.7955985311" lon="1.9867469953" /><trkpt lat="48.7955981368" lon="1.9867465637" /><trkpt lat="48.7955977412" lon="1.9867461313" /><trkpt lat="48.7955973471" lon="1.9867456993" /><trkpt lat="48.7955969525" lon="1.9867452692" /><trkpt lat="48.795596558" lon="1.9867448377" /><trkpt lat="48.7955961642" lon="1.9867444065" /><trkpt lat="48.7955957711" lon="1.9867439751" /><trkpt lat="48.7955953777" lon="1.9867435452" /><trkpt lat="48.795594984" lon="1.9867431134" /><trkpt lat="48.7955945913" lon="1.9867426839" /><trkpt lat="48.7955941981" lon="1.9867422554" /><trkpt lat="48.795593805" lon="1.9867418247" /><trkpt lat="48.7955934121" lon="1.9867413937" /><trkpt lat="48.7955930181" lon="1.9867409637" /><trkpt lat="48.7955926269" lon="1.9867405364" /><trkpt lat="48.7955922377" lon="1.9867401139" /><trkpt lat="48.7955918446" lon="1.986739689" /><trkpt lat="48.7955914492" lon="1.9867392602" /><trkpt lat="48.7955910545" lon="1.986738832" /><trkpt lat="48.7955906571" lon="1.9867384048" /><trkpt lat="48.795590267" lon="1.9867379819" /><trkpt lat="48.7955898797" lon="1.9867375572" /><trkpt lat="48.795589496" lon="1.9867371435" /><trkpt lat="48.7955890988" lon="1.9867367118" /><trkpt lat="48.7955887024" lon="1.9867362814" /><trkpt lat="48.7955883086" lon="1.9867358528" /><trkpt lat="48.7955879165" lon="1.9867354285" /><trkpt lat="48.7955875227" lon="1.9867350082" /><trkpt lat="48.7955871429" lon="1.986734587" /><trkpt lat="48.7955867478" lon="1.9867341562" /><trkpt lat="48.7955863551" lon="1.9867337368" /><trkpt lat="48.7955859591" lon="1.9867333071" /><trkpt lat="48.7955855662" lon="1.9867328854" /><trkpt lat="48.7955851741" lon="1.9867324685" /><trkpt lat="48.7955847843" lon="1.9867320527" /><trkpt lat="48.795584388" lon="1.9867316245" /><trkpt lat="48.7955839937" lon="1.9867312093" /><trkpt lat="48.7955835983" lon="1.9867307894" /><trkpt lat="48.7955832032" lon="1.9867303723" /><trkpt lat="48.7955828115" lon="1.9867299523" /><trkpt lat="48.7955824182" lon="1.9867295362" /><trkpt lat="48.7955820229" lon="1.9867291173" /><trkpt lat="48.7955816287" lon="1.9867286979" /><trkpt lat="48.795581239" lon="1.9867282815" /><trkpt lat="48.7955808477" lon="1.986727861" /><trkpt lat="48.7955804553" lon="1.9867274414" /><trkpt lat="48.7955800637" lon="1.9867270217" /><trkpt lat="48.795579675" lon="1.9867266015" /><trkpt lat="48.7955792854" lon="1.9867261788" /><trkpt lat="48.7955788962" lon="1.9867257582" /><trkpt lat="48.7955785083" lon="1.9867253372" /><trkpt lat="48.7955781202" lon="1.9867249155" /><trkpt lat="48.7955777332" lon="1.986724493" /><trkpt lat="48.7955773469" lon="1.9867240699" /><trkpt lat="48.7955769593" lon="1.9867236475" /><trkpt lat="48.7955765726" lon="1.9867232245" /><trkpt lat="48.7955761878" lon="1.9867228048" /><trkpt lat="48.7955758015" lon="1.9867223819" /><trkpt lat="48.7955754152" lon="1.9867219631" /><trkpt lat="48.7955750306" lon="1.9867215395" /><trkpt lat="48.7955746455" lon="1.9867211187" /><trkpt lat="48.7955742611" lon="1.9867206983" /><trkpt lat="48.795573876" lon="1.9867202773" /><trkpt lat="48.7955734912" lon="1.9867198572" /><trkpt lat="48.7955731061" lon="1.9867194359" /><trkpt lat="48.7955727225" lon="1.9867190162" /><trkpt lat="48.7955723376" lon="1.986718597" /><trkpt lat="48.7955719482" lon="1.9867181737" /><trkpt lat="48.7955715638" lon="1.9867177544" /><trkpt lat="48.7955711825" lon="1.9867173398" /><trkpt lat="48.7955707978" lon="1.9867169233" /><trkpt lat="48.795570413" lon="1.9867165035" /><trkpt lat="48.7955700339" lon="1.9867160873" /><trkpt lat="48.7955696475" lon="1.9867156677" /><trkpt lat="48.7955692616" lon="1.9867152504" /><trkpt lat="48.7955688851" lon="1.9867148456" /><trkpt lat="48.7955685026" lon="1.9867144376" /><trkpt lat="48.7955681209" lon="1.9867140257" /><trkpt lat="48.7955677389" lon="1.9867136197" /><trkpt lat="48.7955673564" lon="1.9867132133" /><trkpt lat="48.7955669764" lon="1.9867128014" /><trkpt lat="48.7955665946" lon="1.9867123959" /><trkpt lat="48.7955662136" lon="1.9867119945" /><trkpt lat="48.7955658341" lon="1.9867115947" /><trkpt lat="48.7955654534" lon="1.9867111941" /><trkpt lat="48.7955650718" lon="1.9867107946" /><trkpt lat="48.7955646921" lon="1.9867103983" /><trkpt lat="48.7955643146" lon="1.9867100022" /><trkpt lat="48.7955639323" lon="1.9867096027" /><trkpt lat="48.7955635545" lon="1.9867092035" /><trkpt lat="48.7955631808" lon="1.9867088061" /><trkpt lat="48.7955628051" lon="1.9867084035" /><trkpt lat="48.7955624311" lon="1.9867080017" /><trkpt lat="48.7955620553" lon="1.9867076031" /><trkpt lat="48.7955616813" lon="1.9867072074" /><trkpt lat="48.795561304" lon="1.9867068122" /><trkpt lat="48.7955609282" lon="1.9867064176" /><trkpt lat="48.7955605546" lon="1.986706023" /><trkpt lat="48.7955601819" lon="1.9867056284" /><trkpt lat="48.7955598072" lon="1.9867052324" /><trkpt lat="48.7955594327" lon="1.986704835" /><trkpt lat="48.7955590608" lon="1.9867044401" /><trkpt lat="48.7955586891" lon="1.9867040466" /><trkpt lat="48.7955583169" lon="1.9867036476" /><trkpt lat="48.7955579458" lon="1.9867032492" /><trkpt lat="48.7955575759" lon="1.9867028501" /><trkpt lat="48.7955572073" lon="1.9867024499" /><trkpt lat="48.7955568375" lon="1.9867020488" /><trkpt lat="48.7955564692" lon="1.9867016469" /><trkpt lat="48.7955561016" lon="1.9867012412" /><trkpt lat="48.795555734" lon="1.9867008401" /><trkpt lat="48.7955553666" lon="1.9867004361" /><trkpt lat="48.7955549992" lon="1.9867000311" /><trkpt lat="48.7955546328" lon="1.9866996293" /><trkpt lat="48.7955542661" lon="1.9866992261" /><trkpt lat="48.7955538989" lon="1.9866988243" /><trkpt lat="48.7955535316" lon="1.9866984216" /><trkpt lat="48.7955531648" lon="1.9866980229" /><trkpt lat="48.7955527982" lon="1.9866976234" /><trkpt lat="48.7955524293" lon="1.9866972247" /><trkpt lat="48.7955520625" lon="1.9866968282" /><trkpt lat="48.7955516949" lon="1.9866964313" /><trkpt lat="48.7955513273" lon="1.9866960373" /><trkpt lat="48.7955509601" lon="1.9866956428" /><trkpt lat="48.7955505939" lon="1.9866952467" /><trkpt lat="48.7955502266" lon="1.9866948499" /><trkpt lat="48.79554986" lon="1.986694455" /><trkpt lat="48.7955494955" lon="1.9866940628" /><trkpt lat="48.7955491288" lon="1.9866936685" /><trkpt lat="48.7955487645" lon="1.9866932738" /><trkpt lat="48.7955483986" lon="1.9866928813" /><trkpt lat="48.7955480355" lon="1.9866924883" /><trkpt lat="48.7955476712" lon="1.9866920955" /><trkpt lat="48.7955473076" lon="1.9866917017" /><trkpt lat="48.7955469428" lon="1.9866913092" /><trkpt lat="48.7955465792" lon="1.9866909164" /><trkpt lat="48.795546216" lon="1.9866905252" /><trkpt lat="48.7955458527" lon="1.9866901338" /><trkpt lat="48.7955454901" lon="1.9866897415" /><trkpt lat="48.7955451258" lon="1.9866893513" /><trkpt lat="48.7955447622" lon="1.9866889627" /><trkpt lat="48.7955443985" lon="1.986688572" /><trkpt lat="48.7955440337" lon="1.9866881851" /><trkpt lat="48.7955436685" lon="1.9866877974" /><trkpt lat="48.7955433081" lon="1.9866874035" /><trkpt lat="48.7955429442" lon="1.9866870129" /><trkpt lat="48.7955425791" lon="1.9866866266" /><trkpt lat="48.7955422166" lon="1.9866862383" /><trkpt lat="48.7955418503" lon="1.9866858492" /><trkpt lat="48.7955414861" lon="1.986685468" /><trkpt lat="48.7955411283" lon="1.9866850862" /><trkpt lat="48.7955407639" lon="1.9866847012" /><trkpt lat="48.7955404052" lon="1.986684316" /><trkpt lat="48.7955400467" lon="1.9866839306" /><trkpt lat="48.7955396849" lon="1.9866835457" /><trkpt lat="48.7955393254" lon="1.9866831577" /><trkpt lat="48.7955389648" lon="1.9866827763" /><trkpt lat="48.7955386082" lon="1.9866823951" /><trkpt lat="48.7955382507" lon="1.9866820103" /><trkpt lat="48.795537893" lon="1.9866816279" /><trkpt lat="48.7955375376" lon="1.9866812461" /><trkpt lat="48.7955371816" lon="1.986680864" /><trkpt lat="48.795536826" lon="1.9866804812" /><trkpt lat="48.7955364711" lon="1.9866801005" /><trkpt lat="48.7955361174" lon="1.9866797185" /><trkpt lat="48.7955357632" lon="1.9866793359" /><trkpt lat="48.7955354089" lon="1.986678954" /><trkpt lat="48.7955350565" lon="1.9866785746" /><trkpt lat="48.7955347032" lon="1.986678193" /><trkpt lat="48.7955343503" lon="1.9866778114" /><trkpt lat="48.7955339992" lon="1.9866774323" /><trkpt lat="48.7955336471" lon="1.9866770509" /><trkpt lat="48.795533295" lon="1.9866766695" /><trkpt lat="48.7955329442" lon="1.9866762881" /><trkpt lat="48.7955325936" lon="1.9866759065" /><trkpt lat="48.7955322436" lon="1.9866755261" /><trkpt lat="48.7955318933" lon="1.9866751438" /><trkpt lat="48.7955315433" lon="1.9866747626" /><trkpt lat="48.7955311925" lon="1.9866743824" /><trkpt lat="48.7955308415" lon="1.9866740043" /><trkpt lat="48.7955304912" lon="1.9866736254" /><trkpt lat="48.7955301402" lon="1.9866732481" /><trkpt lat="48.7955297903" lon="1.9866728741" /><trkpt lat="48.7955294394" lon="1.9866724991" /><trkpt lat="48.7955290894" lon="1.9866721249" /><trkpt lat="48.7955287385" lon="1.9866717515" /><trkpt lat="48.7955283882" lon="1.9866713782" /><trkpt lat="48.7955280374" lon="1.986671006" /><trkpt lat="48.7955276873" lon="1.9866706307" /><trkpt lat="48.7955273364" lon="1.9866702588" /><trkpt lat="48.795526987" lon="1.9866698838" /><trkpt lat="48.7955266375" lon="1.9866695124" /><trkpt lat="48.7955262891" lon="1.9866691375" /><trkpt lat="48.7955259391" lon="1.9866687647" /><trkpt lat="48.7955255907" lon="1.9866683902" /><trkpt lat="48.7955252404" lon="1.9866680172" /><trkpt lat="48.7955248947" lon="1.9866676462" /><trkpt lat="48.7955245452" lon="1.9866672736" /><trkpt lat="48.795524198" lon="1.986666902" /><trkpt lat="48.7955238501" lon="1.9866665291" /><trkpt lat="48.7955235032" lon="1.9866661551" /><trkpt lat="48.7955231583" lon="1.9866657832" /><trkpt lat="48.7955228111" lon="1.9866654124" /><trkpt lat="48.7955224664" lon="1.9866650435" /><trkpt lat="48.7955221174" lon="1.9866646752" /><trkpt lat="48.7955217692" lon="1.9866643068" /><trkpt lat="48.7955214219" lon="1.9866639401" /><trkpt lat="48.7955210764" lon="1.9866635718" /><trkpt lat="48.7955207333" lon="1.9866632017" /><trkpt lat="48.7955203877" lon="1.986662831" /><trkpt lat="48.7955200427" lon="1.9866624603" /><trkpt lat="48.7955196982" lon="1.9866620886" /><trkpt lat="48.7955193564" lon="1.9866617167" /><trkpt lat="48.7955190139" lon="1.9866613464" /><trkpt lat="48.7955186712" lon="1.9866609724" /><trkpt lat="48.7955183291" lon="1.9866606015" /><trkpt lat="48.7955179894" lon="1.9866602279" /><trkpt lat="48.7955176474" lon="1.9866598552" /><trkpt lat="48.7955173064" lon="1.9866594829" /><trkpt lat="48.7955169657" lon="1.986659113" /><trkpt lat="48.7955166244" lon="1.9866587424" /><trkpt lat="48.795516284" lon="1.9866583727" /><trkpt lat="48.7955159432" lon="1.9866580016" /><trkpt lat="48.7955156016" lon="1.9866576347" /><trkpt lat="48.7955152614" lon="1.9866572656" /><trkpt lat="48.7955149202" lon="1.9866568979" /><trkpt lat="48.7955145793" lon="1.9866565306" /><trkpt lat="48.7955142387" lon="1.9866561637" /><trkpt lat="48.795513898" lon="1.9866557956" /><trkpt lat="48.795513557" lon="1.9866554282" /><trkpt lat="48.7955132184" lon="1.9866550614" /><trkpt lat="48.7955128785" lon="1.9866546909" /><trkpt lat="48.7955125389" lon="1.9866543223" /><trkpt lat="48.7955121999" lon="1.9866539511" /><trkpt lat="48.795511861" lon="1.9866535812" /><trkpt lat="48.7955115224" lon="1.9866532096" /><trkpt lat="48.7955111837" lon="1.9866528381" /><trkpt lat="48.7955108444" lon="1.9866524708" /><trkpt lat="48.7955105055" lon="1.9866521033" /><trkpt lat="48.7955101671" lon="1.986651737" /><trkpt lat="48.7955098271" lon="1.9866513721" /><trkpt lat="48.7955094875" lon="1.9866510088" /><trkpt lat="48.7955091471" lon="1.9866506504" /><trkpt lat="48.7955088065" lon="1.9866502887" /><trkpt lat="48.795508466" lon="1.9866499307" /><trkpt lat="48.7955081253" lon="1.9866495725" /><trkpt lat="48.7955077854" lon="1.9866492145" /><trkpt lat="48.7955074457" lon="1.9866488593" /><trkpt lat="48.795507105" lon="1.986648501" /><trkpt lat="48.7955067668" lon="1.9866481453" /><trkpt lat="48.7955064276" lon="1.9866477898" /><trkpt lat="48.7955060885" lon="1.986647432" /><trkpt lat="48.7955057499" lon="1.9866470774" /><trkpt lat="48.7955054134" lon="1.9866467212" /><trkpt lat="48.7955050753" lon="1.9866463637" /><trkpt lat="48.7955047377" lon="1.986646009" /><trkpt lat="48.7955044015" lon="1.9866456544" /><trkpt lat="48.7955040677" lon="1.9866452974" /><trkpt lat="48.7955037329" lon="1.9866449417" /><trkpt lat="48.7955033996" lon="1.986644587" /><trkpt lat="48.7955030651" lon="1.9866442336" /><trkpt lat="48.7955027291" lon="1.9866438786" /><trkpt lat="48.7955023972" lon="1.9866435275" /><trkpt lat="48.7955020638" lon="1.9866431794" /><trkpt lat="48.7955017301" lon="1.9866428246" /><trkpt lat="48.7955013964" lon="1.9866424762" /><trkpt lat="48.795501065" lon="1.9866421303" /><trkpt lat="48.7955007323" lon="1.9866417809" /><trkpt lat="48.7955004005" lon="1.9866414248" /><trkpt lat="48.7955000671" lon="1.9866410719" /><trkpt lat="48.7954997379" lon="1.9866407253" /><trkpt lat="48.7954994074" lon="1.986640371" /><trkpt lat="48.7954990756" lon="1.9866400185" /><trkpt lat="48.7954987467" lon="1.9866396653" /><trkpt lat="48.7954984185" lon="1.9866393135" /><trkpt lat="48.7954980887" lon="1.9866389561" /><trkpt lat="48.7954977591" lon="1.986638601" /><trkpt lat="48.7954974319" lon="1.9866382497" /><trkpt lat="48.7954971018" lon="1.9866378957" /><trkpt lat="48.795496773" lon="1.9866375402" /><trkpt lat="48.7954964454" lon="1.9866371881" /><trkpt lat="48.795496117" lon="1.9866368366" /><trkpt lat="48.7954957845" lon="1.98663648" /><trkpt lat="48.7954954556" lon="1.9866361283" /><trkpt lat="48.7954951254" lon="1.9866357742" /><trkpt lat="48.7954947962" lon="1.9866354203" /><trkpt lat="48.7954944672" lon="1.9866350673" /><trkpt lat="48.7954941378" lon="1.9866347146" /><trkpt lat="48.7954938096" lon="1.9866343613" /><trkpt lat="48.7954934818" lon="1.9866340079" /><trkpt lat="48.7954931509" lon="1.9866336569" /><trkpt lat="48.7954928231" lon="1.986633304" /><trkpt lat="48.795492495" lon="1.9866329539" /><trkpt lat="48.7954921654" lon="1.9866326014" /><trkpt lat="48.7954918387" lon="1.9866322493" /><trkpt lat="48.7954915114" lon="1.9866319004" /><trkpt lat="48.795491184" lon="1.986631548" /><trkpt lat="48.7954908569" lon="1.9866311984" /><trkpt lat="48.7954905301" lon="1.9866308495" /><trkpt lat="48.795490203" lon="1.9866304995" /><trkpt lat="48.7954898751" lon="1.9866301525" /><trkpt lat="48.7954895488" lon="1.9866298055" /><trkpt lat="48.7954892221" lon="1.9866294582" /><trkpt lat="48.7954888949" lon="1.9866291123" /><trkpt lat="48.7954885674" lon="1.9866287678" /><trkpt lat="48.7954882411" lon="1.9866284215" /><trkpt lat="48.7954879151" lon="1.9866280777" /><trkpt lat="48.7954875898" lon="1.9866277324" /><trkpt lat="48.7954872637" lon="1.9866273871" /><trkpt lat="48.7954869387" lon="1.9866270409" /><trkpt lat="48.795486614" lon="1.9866266978" /><trkpt lat="48.7954862889" lon="1.9866263528" /><trkpt lat="48.7954859634" lon="1.9866260086" /><trkpt lat="48.7954856389" lon="1.9866256651" /><trkpt lat="48.7954853145" lon="1.986625323" /><trkpt lat="48.7954849887" lon="1.9866249807" /><trkpt lat="48.7954846645" lon="1.9866246398" /><trkpt lat="48.7954843401" lon="1.9866243" /><trkpt lat="48.7954840151" lon="1.9866239579" /><trkpt lat="48.7954836914" lon="1.986623616" /><trkpt lat="48.795483368" lon="1.9866232765" /><trkpt lat="48.7954830445" lon="1.9866229358" /><trkpt lat="48.7954827206" lon="1.9866225943" /><trkpt lat="48.7954823979" lon="1.9866222543" /><trkpt lat="48.7954820756" lon="1.9866219143" /><trkpt lat="48.7954817538" lon="1.9866215741" /><trkpt lat="48.7954814302" lon="1.9866212325" /><trkpt lat="48.795481109" lon="1.9866208933" /><trkpt lat="48.7954807872" lon="1.9866205546" /><trkpt lat="48.7954804646" lon="1.9866202124" /><trkpt lat="48.7954801435" lon="1.9866198728" /><trkpt lat="48.7954798234" lon="1.9866195343" /><trkpt lat="48.7954795023" lon="1.9866191947" /><trkpt lat="48.7954791815" lon="1.9866188574" /><trkpt lat="48.7954788608" lon="1.9866185141" /><trkpt lat="48.7954785404" lon="1.9866181766" /><trkpt lat="48.7954782198" lon="1.9866178377" /><trkpt lat="48.7954779004" lon="1.9866175" /><trkpt lat="48.7954775804" lon="1.9866171613" /><trkpt lat="48.7954772616" lon="1.9866168249" /><trkpt lat="48.7954769409" lon="1.9866164861" /><trkpt lat="48.7954766221" lon="1.9866161489" /><trkpt lat="48.7954763012" lon="1.9866158127" /><trkpt lat="48.795475983" lon="1.9866154774" /><trkpt lat="48.7954756691" lon="1.9866151497" /><trkpt lat="48.795475357" lon="1.9866148214" /><trkpt lat="48.7954750473" lon="1.9866144944" /><trkpt lat="48.7954747364" lon="1.9866141655" /><trkpt lat="48.7954744185" lon="1.9866138322" /><trkpt lat="48.7954740971" lon="1.986613491" /><trkpt lat="48.7954737829" lon="1.9866131568" /><trkpt lat="48.7954734699" lon="1.9866128276" /><trkpt lat="48.7954731596" lon="1.9866124943" /><trkpt lat="48.7954728457" lon="1.9866121635" /><trkpt lat="48.7954725297" lon="1.9866118289" /><trkpt lat="48.7954722104" lon="1.986611492" /><trkpt lat="48.7954718959" lon="1.9866111578" /><trkpt lat="48.7954715831" lon="1.9866108267" /><trkpt lat="48.7954712713" lon="1.9866104988" /><trkpt lat="48.7954709579" lon="1.9866101693" /><trkpt lat="48.7954706433" lon="1.9866098382" /><trkpt lat="48.7954703249" lon="1.986609508" /><trkpt lat="48.7954700081" lon="1.9866091721" /><trkpt lat="48.7954696941" lon="1.9866088459" /><trkpt lat="48.7954693817" lon="1.9866085162" /><trkpt lat="48.7954690717" lon="1.9866081887" /><trkpt lat="48.7954687521" lon="1.9866078569" /><trkpt lat="48.795468437" lon="1.9866075286" /><trkpt lat="48.7954681225" lon="1.9866071986" /><trkpt lat="48.7954678085" lon="1.9866068675" /><trkpt lat="48.7954674968" lon="1.9866065359" /><trkpt lat="48.7954671838" lon="1.9866062057" /><trkpt lat="48.7954668706" lon="1.9866058723" /><trkpt lat="48.7954665558" lon="1.986605541" /><trkpt lat="48.7954662438" lon="1.9866052112" /><trkpt lat="48.7954659316" lon="1.9866048796" /><trkpt lat="48.7954656177" lon="1.9866045485" /><trkpt lat="48.7954653044" lon="1.9866042184" /><trkpt lat="48.7954649928" lon="1.9866038885" /><trkpt lat="48.7954646805" lon="1.9866035603" /><trkpt lat="48.7954643673" lon="1.9866032294" /><trkpt lat="48.7954640544" lon="1.9866029022" /><trkpt lat="48.7954637446" lon="1.9866025712" /><trkpt lat="48.7954634342" lon="1.9866022396" /><trkpt lat="48.7954631237" lon="1.9866019078" /><trkpt lat="48.7954628139" lon="1.9866015764" /><trkpt lat="48.795462503" lon="1.986601244" /><trkpt lat="48.7954621923" lon="1.9866009115" /><trkpt lat="48.7954618828" lon="1.9866005786" /><trkpt lat="48.7954615734" lon="1.9866002465" /><trkpt lat="48.7954612634" lon="1.9865999128" /><trkpt lat="48.7954609527" lon="1.9865995827" /><trkpt lat="48.7954606458" lon="1.9865992495" /><trkpt lat="48.7954603346" lon="1.9865989188" /><trkpt lat="48.7954600263" lon="1.9865985825" /><trkpt lat="48.7954597162" lon="1.9865982509" /><trkpt lat="48.7954594065" lon="1.9865979188" /><trkpt lat="48.7954590953" lon="1.986597585" /><trkpt lat="48.7954587848" lon="1.9865972512" /><trkpt lat="48.7954584753" lon="1.9865969212" /><trkpt lat="48.7954581649" lon="1.9865965872" /><trkpt lat="48.7954578544" lon="1.9865962559" /><trkpt lat="48.7954575435" lon="1.9865959256" /><trkpt lat="48.7954572333" lon="1.9865955954" /><trkpt lat="48.7954569244" lon="1.986595261" /><trkpt lat="48.7954566134" lon="1.9865949273" /><trkpt lat="48.7954563039" lon="1.9865945956" /><trkpt lat="48.7954559922" lon="1.986594264" /><trkpt lat="48.7954556823" lon="1.9865939294" /><trkpt lat="48.7954553714" lon="1.9865935975" /><trkpt lat="48.7954550592" lon="1.9865932642" /><trkpt lat="48.7954547503" lon="1.9865929345" /><trkpt lat="48.7954544545" lon="1.9865926081" /><trkpt lat="48.7954541577" lon="1.986592284" /><trkpt lat="48.7954538529" lon="1.986591964" /><trkpt lat="48.7954535503" lon="1.9865916379" /><trkpt lat="48.7954532544" lon="1.9865913173" /><trkpt lat="48.7954529442" lon="1.9865909972" /><trkpt lat="48.7954526385" lon="1.9865906601" /><trkpt lat="48.7954523372" lon="1.9865903392" /><trkpt lat="48.7954520346" lon="1.9865900168" /><trkpt lat="48.7954517331" lon="1.9865896847" /><trkpt lat="48.7954514305" lon="1.9865893614" /><trkpt lat="48.7954511222" lon="1.9865890276" /><trkpt lat="48.7954508139" lon="1.9865886975" /><trkpt lat="48.7954505046" lon="1.9865883644" /><trkpt lat="48.7954501926" lon="1.9865880329" /><trkpt lat="48.7954498915" lon="1.9865877078" /><trkpt lat="48.795449583" lon="1.9865873753" /><trkpt lat="48.7954492758" lon="1.9865870466" /><trkpt lat="48.7954489686" lon="1.9865867212" /><trkpt lat="48.7954486579" lon="1.9865863839" /><trkpt lat="48.7954483495" lon="1.9865860527" /><trkpt lat="48.7954480431" lon="1.986585724" /><trkpt lat="48.7954477357" lon="1.9865853912" /><trkpt lat="48.7954474265" lon="1.9865850618" /><trkpt lat="48.7954471179" lon="1.9865847277" /><trkpt lat="48.7954468079" lon="1.9865843964" /><trkpt lat="48.7954465018" lon="1.9865840621" /><trkpt lat="48.7954461934" lon="1.9865837301" /><trkpt lat="48.7954458851" lon="1.9865833967" /><trkpt lat="48.7954455753" lon="1.986583066" /><trkpt lat="48.7954452685" lon="1.9865827318" /><trkpt lat="48.7954449592" lon="1.9865823982" /><trkpt lat="48.7954446494" lon="1.9865820664" /><trkpt lat="48.795444341" lon="1.9865817346" /><trkpt lat="48.7954440321" lon="1.9865814032" /><trkpt lat="48.7954437233" lon="1.9865810717" /><trkpt lat="48.7954434151" lon="1.9865807421" /><trkpt lat="48.7954431067" lon="1.9865804102" /><trkpt lat="48.7954427991" lon="1.9865800802" /><trkpt lat="48.7954424899" lon="1.9865797485" /><trkpt lat="48.7954421805" lon="1.986579418" /><trkpt lat="48.7954418731" lon="1.9865790874" /><trkpt lat="48.7954415648" lon="1.9865787553" /><trkpt lat="48.7954412573" lon="1.986578426" /><trkpt lat="48.7954409498" lon="1.9865780948" /><trkpt lat="48.7954406431" lon="1.9865777646" /><trkpt lat="48.7954403346" lon="1.9865774351" /><trkpt lat="48.7954400294" lon="1.9865771055" /><trkpt lat="48.7954397215" lon="1.9865767755" /><trkpt lat="48.7954394148" lon="1.986576445" /><trkpt lat="48.7954391081" lon="1.9865761171" /><trkpt lat="48.7954388012" lon="1.9865757874" /><trkpt lat="48.7954384939" lon="1.9865754572" /><trkpt lat="48.7954381875" lon="1.986575128" /><trkpt lat="48.7954378812" lon="1.9865748001" /><trkpt lat="48.7954375744" lon="1.9865744683" /><trkpt lat="48.7954372695" lon="1.9865741399" /><trkpt lat="48.7954369615" lon="1.9865738122" /><trkpt lat="48.7954366572" lon="1.9865734796" /><trkpt lat="48.7954363515" lon="1.9865731496" /><trkpt lat="48.7954360468" lon="1.9865728198" /><trkpt lat="48.7954357412" lon="1.9865724889" /><trkpt lat="48.7954354348" lon="1.9865721592" /><trkpt lat="48.7954351303" lon="1.9865718277" /><trkpt lat="48.7954348242" lon="1.9865714956" /><trkpt lat="48.7954345196" lon="1.9865711655" /><trkpt lat="48.7954342135" lon="1.9865708336" /><trkpt lat="48.7954339075" lon="1.9865705035" /><trkpt lat="48.795433602" lon="1.9865701722" /><trkpt lat="48.7954332961" lon="1.9865698404" /><trkpt lat="48.7954329888" lon="1.9865695053" /><trkpt lat="48.7954326809" lon="1.9865691726" /><trkpt lat="48.7954323745" lon="1.9865688372" /><trkpt lat="48.7954320668" lon="1.9865685049" /><trkpt lat="48.7954317595" lon="1.9865681697" /><trkpt lat="48.7954314515" lon="1.986567838" /><trkpt lat="48.7954311443" lon="1.9865675051" /><trkpt lat="48.7954308365" lon="1.986567169" /><trkpt lat="48.7954305295" lon="1.9865668351" /><trkpt lat="48.7954302213" lon="1.9865665014" /><trkpt lat="48.7954299142" lon="1.9865661687" /><trkpt lat="48.7954296056" lon="1.9865658349" /><trkpt lat="48.795429299" lon="1.986565501" /><trkpt lat="48.7954289912" lon="1.9865651724" /><trkpt lat="48.7954286823" lon="1.9865648374" /><trkpt lat="48.7954283744" lon="1.986564504" /><trkpt lat="48.7954280654" lon="1.9865641718" /><trkpt lat="48.7954277582" lon="1.98656384" /><trkpt lat="48.79542745" lon="1.9865635069" /><trkpt lat="48.7954271428" lon="1.9865631745" /><trkpt lat="48.7954268349" lon="1.9865628418" /><trkpt lat="48.7954265274" lon="1.9865625092" /><trkpt lat="48.7954262205" lon="1.9865621764" /><trkpt lat="48.7954259126" lon="1.986561843" /><trkpt lat="48.7954256055" lon="1.9865615119" /><trkpt lat="48.795425298" lon="1.9865611763" /><trkpt lat="48.7954249907" lon="1.9865608472" /><trkpt lat="48.795424683" lon="1.9865605125" /><trkpt lat="48.7954243763" lon="1.9865601804" /><trkpt lat="48.7954240683" lon="1.9865598459" /><trkpt lat="48.7954237606" lon="1.9865595158" /><trkpt lat="48.7954234536" lon="1.9865591843" /><trkpt lat="48.7954231462" lon="1.986558851" /><trkpt lat="48.7954228394" lon="1.9865585189" /><trkpt lat="48.795422532" lon="1.9865581854" /><trkpt lat="48.7954222246" lon="1.9865578545" /><trkpt lat="48.7954219179" lon="1.9865575195" /><trkpt lat="48.7954216106" lon="1.9865571875" /><trkpt lat="48.7954213044" lon="1.9865568528" /><trkpt lat="48.7954209975" lon="1.986556522" /><trkpt lat="48.7954206901" lon="1.9865561866" /><trkpt lat="48.7954203839" lon="1.9865558542" /><trkpt lat="48.7954200771" lon="1.9865555245" /><trkpt lat="48.7954197699" lon="1.9865551886" /><trkpt lat="48.7954194637" lon="1.9865548561" /><trkpt lat="48.7954191573" lon="1.9865545228" /><trkpt lat="48.7954188495" lon="1.9865541916" /><trkpt lat="48.7954185426" lon="1.9865538606" /><trkpt lat="48.7954182369" lon="1.986553527" /><trkpt lat="48.79541793" lon="1.9865531944" /><trkpt lat="48.7954176237" lon="1.9865528636" /><trkpt lat="48.7954173177" lon="1.9865525292" /><trkpt lat="48.7954170103" lon="1.9865521966" /><trkpt lat="48.7954167052" lon="1.9865518629" /><trkpt lat="48.795416399" lon="1.9865515316" /><trkpt lat="48.795416093" lon="1.9865511993" /><trkpt lat="48.795415786" lon="1.9865508661" /><trkpt lat="48.7954154811" lon="1.9865505314" /><trkpt lat="48.7954151741" lon="1.9865502014" /><trkpt lat="48.7954148684" lon="1.9865498644" /><trkpt lat="48.795414562" lon="1.9865495335" /><trkpt lat="48.7954142562" lon="1.9865492008" /><trkpt lat="48.79541395" lon="1.9865488669" /><trkpt lat="48.7954136438" lon="1.9865485355" /><trkpt lat="48.795413337" lon="1.9865482048" /><trkpt lat="48.7954130317" lon="1.9865478713" /><trkpt lat="48.7954127252" lon="1.9865475395" /><trkpt lat="48.7954124198" lon="1.9865472059" /><trkpt lat="48.7954121144" lon="1.9865468737" /><trkpt lat="48.7954118092" lon="1.9865465403" /><trkpt lat="48.7954115034" lon="1.986546211" /><trkpt lat="48.7954111981" lon="1.9865458746" /><trkpt lat="48.7954108923" lon="1.986545543" /><trkpt lat="48.7954105872" lon="1.9865452087" /><trkpt lat="48.7954102817" lon="1.9865448774" /><trkpt lat="48.7954099757" lon="1.9865445447" /><trkpt lat="48.7954096702" lon="1.9865442131" /><trkpt lat="48.7954093649" lon="1.9865438804" /><trkpt lat="48.7954090585" lon="1.9865435499" /><trkpt lat="48.7954087526" lon="1.9865432209" /><trkpt lat="48.7954084471" lon="1.9865428875" /><trkpt lat="48.7954081414" lon="1.9865425563" /><trkpt lat="48.7954078353" lon="1.986542225" /><trkpt lat="48.7954075295" lon="1.986541895" /><trkpt lat="48.7954072234" lon="1.9865415619" /><trkpt lat="48.7954069186" lon="1.986541233" /><trkpt lat="48.7954066129" lon="1.9865409032" /><trkpt lat="48.7954063061" lon="1.9865405694" /><trkpt lat="48.7954060004" lon="1.9865402399" /><trkpt lat="48.7954056947" lon="1.9865399081" /><trkpt lat="48.795405389" lon="1.9865395798" /><trkpt lat="48.7954050834" lon="1.9865392455" /><trkpt lat="48.7954047781" lon="1.9865389149" /><trkpt lat="48.7954044712" lon="1.9865385805" /><trkpt lat="48.7954041663" lon="1.9865382498" /><trkpt lat="48.7954038615" lon="1.9865379191" /><trkpt lat="48.7954035554" lon="1.9865375868" /><trkpt lat="48.7954032496" lon="1.9865372551" /><trkpt lat="48.7954029445" lon="1.9865369249" /><trkpt lat="48.7954026394" lon="1.9865365969" /><trkpt lat="48.7954023343" lon="1.9865362663" /><trkpt lat="48.7954020307" lon="1.9865359384" /><trkpt lat="48.7954017259" lon="1.986535608" /><trkpt lat="48.7954014223" lon="1.9865352784" /><trkpt lat="48.7954011181" lon="1.9865349493" /><trkpt lat="48.7954008151" lon="1.9865346203" /><trkpt lat="48.7954005105" lon="1.9865342898" /><trkpt lat="48.7954002072" lon="1.9865339609" /><trkpt lat="48.7953999018" lon="1.9865336334" /><trkpt lat="48.7953995985" lon="1.9865333041" /><trkpt lat="48.7953992936" lon="1.9865329776" /><trkpt lat="48.7953989896" lon="1.986532648" /><trkpt lat="48.7953986848" lon="1.9865323213" /><trkpt lat="48.7953983801" lon="1.9865319927" /><trkpt lat="48.7953980759" lon="1.9865316643" /><trkpt lat="48.7953977721" lon="1.9865313379" /><trkpt lat="48.7953974658" lon="1.9865310127" /><trkpt lat="48.7953971624" lon="1.9865306827" /><trkpt lat="48.7953968584" lon="1.9865303554" /><trkpt lat="48.795396555" lon="1.9865300262" /><trkpt lat="48.7953962506" lon="1.9865297004" /><trkpt lat="48.7953959467" lon="1.9865293693" /><trkpt lat="48.7953956423" lon="1.9865290435" /><trkpt lat="48.7953953394" lon="1.9865287144" /><trkpt lat="48.7953950346" lon="1.9865283883" /><trkpt lat="48.7953947302" lon="1.9865280603" /><trkpt lat="48.7953944264" lon="1.9865277345" /><trkpt lat="48.795394122" lon="1.9865274071" /><trkpt lat="48.7953938183" lon="1.9865270769" /><trkpt lat="48.7953935139" lon="1.986526751" /><trkpt lat="48.7953932104" lon="1.9865264256" /><trkpt lat="48.795392906" lon="1.9865260987" /><trkpt lat="48.795392601" lon="1.9865257716" /><trkpt lat="48.7953922971" lon="1.986525445" /><trkpt lat="48.7953919929" lon="1.9865251176" /><trkpt lat="48.7953916888" lon="1.9865247907" /><trkpt lat="48.7953913848" lon="1.9865244658" /><trkpt lat="48.795391081" lon="1.9865241366" /><trkpt lat="48.7953907769" lon="1.98652381" /><trkpt lat="48.7953904732" lon="1.9865234834" /><trkpt lat="48.795390169" lon="1.9865231554" /><trkpt lat="48.7953898654" lon="1.9865228279" /><trkpt lat="48.7953895603" lon="1.986522501" /><trkpt lat="48.795389257" lon="1.9865221744" /><trkpt lat="48.7953889525" lon="1.986521848" /><trkpt lat="48.7953886481" lon="1.9865215213" /><trkpt lat="48.7953883434" lon="1.9865211951" /><trkpt lat="48.7953880404" lon="1.9865208685" /><trkpt lat="48.7953877351" lon="1.9865205426" /><trkpt lat="48.7953874308" lon="1.9865202155" /><trkpt lat="48.7953871267" lon="1.9865198896" /><trkpt lat="48.795386822" lon="1.9865195627" /><trkpt lat="48.7953865182" lon="1.9865192372" /><trkpt lat="48.7953862143" lon="1.9865189095" /><trkpt lat="48.7953859093" lon="1.9865185821" /><trkpt lat="48.7953856058" lon="1.9865182552" /><trkpt lat="48.795385302" lon="1.9865179284" /><trkpt lat="48.7953849966" lon="1.9865176017" /><trkpt lat="48.7953846933" lon="1.9865172748" /><trkpt lat="48.7953843889" lon="1.9865169478" /><trkpt lat="48.7953840849" lon="1.98651662" /><trkpt lat="48.7953837806" lon="1.9865162931" /><trkpt lat="48.7953834767" lon="1.9865159663" /><trkpt lat="48.7953831717" lon="1.9865156395" /><trkpt lat="48.7953828672" lon="1.9865153132" /><trkpt lat="48.7953825624" lon="1.9865149882" /><trkpt lat="48.7953822572" lon="1.9865146598" /><trkpt lat="48.7953819537" lon="1.9865143336" /><trkpt lat="48.7953816489" lon="1.9865140073" /><trkpt lat="48.7953813448" lon="1.9865136785" /><trkpt lat="48.7953810396" lon="1.9865133528" /><trkpt lat="48.7953807355" lon="1.9865130252" /><trkpt lat="48.7953804301" lon="1.9865126984" /><trkpt lat="48.795380126" lon="1.9865123716" /><trkpt lat="48.79537982" lon="1.9865120467" /><trkpt lat="48.7953795161" lon="1.9865117191" /><trkpt lat="48.7953792118" lon="1.9865113927" /><trkpt lat="48.7953789058" lon="1.9865110666" /><trkpt lat="48.7953785999" lon="1.9865107409" /><trkpt lat="48.7953782968" lon="1.9865104143" /><trkpt lat="48.7953779913" lon="1.9865100885" /><trkpt lat="48.795377686" lon="1.9865097621" /><trkpt lat="48.7953773808" lon="1.9865094394" /><trkpt lat="48.7953770742" lon="1.9865091123" /><trkpt lat="48.79537677" lon="1.9865087888" /><trkpt lat="48.7953764641" lon="1.9865084623" /><trkpt lat="48.7953761582" lon="1.9865081383" /><trkpt lat="48.7953758528" lon="1.9865078132" /><trkpt lat="48.7953755471" lon="1.9865074868" /><trkpt lat="48.7953752423" lon="1.9865071616" /><trkpt lat="48.795374935" lon="1.9865068372" /><trkpt lat="48.7953746311" lon="1.9865065115" /><trkpt lat="48.7953743253" lon="1.9865061844" /><trkpt lat="48.7953740209" lon="1.9865058593" /><trkpt lat="48.7953737165" lon="1.986505532" /><trkpt lat="48.7953734113" lon="1.9865052064" /><trkpt lat="48.7953731059" lon="1.9865048788" /><trkpt lat="48.7953728008" lon="1.9865045539" /><trkpt lat="48.7953724959" lon="1.9865042264" /><trkpt lat="48.7953721911" lon="1.9865038991" /><trkpt lat="48.7953718824" lon="1.9865035752" /><trkpt lat="48.7953715733" lon="1.9865032483" /><trkpt lat="48.7953712639" lon="1.9865029215" /><trkpt lat="48.7953709553" lon="1.9865025959" /><trkpt lat="48.7953706456" lon="1.9865022717" /><trkpt lat="48.795370337" lon="1.9865019454" /><trkpt lat="48.7953700265" lon="1.9865016209" /><trkpt lat="48.7953697176" lon="1.9865012962" /><trkpt lat="48.7953694065" lon="1.986500973" /><trkpt lat="48.7953690981" lon="1.9865006473" /><trkpt lat="48.7953687888" lon="1.9865003232" /><trkpt lat="48.7953684778" lon="1.9864999982" /><trkpt lat="48.7953681677" lon="1.9864996732" /><trkpt lat="48.7953678584" lon="1.9864993479" /><trkpt lat="48.7953675489" lon="1.9864990231" /><trkpt lat="48.795367239" lon="1.9864986968" /><trkpt lat="48.7953669303" lon="1.9864983729" /><trkpt lat="48.7953666207" lon="1.9864980443" /><trkpt lat="48.7953663115" lon="1.9864977174" /><trkpt lat="48.7953660033" lon="1.9864973897" /><trkpt lat="48.7953656929" lon="1.9864970614" /><trkpt lat="48.7953653847" lon="1.9864967365" /><trkpt lat="48.7953650757" lon="1.9864964088" /><trkpt lat="48.795364766" lon="1.9864960826" /><trkpt lat="48.7953644566" lon="1.9864957539" /><trkpt lat="48.7953641468" lon="1.9864954287" /><trkpt lat="48.7953638375" lon="1.9864951017" /><trkpt lat="48.7953635272" lon="1.986494776" /><trkpt lat="48.7953632181" lon="1.9864944493" /><trkpt lat="48.7953629077" lon="1.9864941242" /><trkpt lat="48.7953625982" lon="1.9864937984" /><trkpt lat="48.7953622882" lon="1.9864934707" /><trkpt lat="48.7953619793" lon="1.986493145" /><trkpt lat="48.7953616691" lon="1.9864928195" /><trkpt lat="48.7953613587" lon="1.9864924923" /><trkpt lat="48.7953610483" lon="1.9864921651" /><trkpt lat="48.7953607397" lon="1.9864918374" /><trkpt lat="48.795360429" lon="1.9864915104" /><trkpt lat="48.7953601195" lon="1.986491181" /><trkpt lat="48.7953598114" lon="1.986490854" /><trkpt lat="48.7953594992" lon="1.9864905255" /><trkpt lat="48.7953591893" lon="1.9864901982" /><trkpt lat="48.7953588788" lon="1.9864898731" /><trkpt lat="48.795358569" lon="1.9864895447" /><trkpt lat="48.7953582592" lon="1.9864892175" /><trkpt lat="48.7953579485" lon="1.9864888903" /><trkpt lat="48.7953576372" lon="1.9864885646" /><trkpt lat="48.7953573264" lon="1.9864882362" /><trkpt lat="48.7953570158" lon="1.9864879083" /><trkpt lat="48.7953567055" lon="1.9864875833" /><trkpt lat="48.7953563942" lon="1.986487256" /><trkpt lat="48.7953560824" lon="1.9864869293" /><trkpt lat="48.7953557721" lon="1.9864866042" /><trkpt lat="48.7953554606" lon="1.9864862772" /><trkpt lat="48.7953551488" lon="1.9864859504" /><trkpt lat="48.795354838" lon="1.9864856243" /><trkpt lat="48.7953545262" lon="1.9864852983" /><trkpt lat="48.795354215" lon="1.9864849721" /><trkpt lat="48.7953539025" lon="1.9864846453" /><trkpt lat="48.795353592" lon="1.98648432" /><trkpt lat="48.7953532804" lon="1.9864839929" /><trkpt lat="48.7953529692" lon="1.9864836653" /><trkpt lat="48.7953526584" lon="1.9864833361" /><trkpt lat="48.795352347" lon="1.9864830092" /><trkpt lat="48.7953520365" lon="1.9864826793" /><trkpt lat="48.795351726" lon="1.9864823511" /><trkpt lat="48.7953514159" lon="1.9864820231" /><trkpt lat="48.7953511041" lon="1.9864816913" /><trkpt lat="48.7953507933" lon="1.9864813631" /><trkpt lat="48.7953504823" lon="1.986481034" /><trkpt lat="48.795350171" lon="1.986480705" /><trkpt lat="48.7953498593" lon="1.986480376" /><trkpt lat="48.7953495479" lon="1.9864800488" /><trkpt lat="48.7953492362" lon="1.9864797193" /><trkpt lat="48.7953489243" lon="1.9864793919" /><trkpt lat="48.7953486123" lon="1.9864790635" /><trkpt lat="48.7953483006" lon="1.986478736" /><trkpt lat="48.7953479888" lon="1.9864784075" /><trkpt lat="48.7953476763" lon="1.9864780812" /><trkpt lat="48.7953473643" lon="1.9864777527" /><trkpt lat="48.7953470538" lon="1.9864774263" /><trkpt lat="48.7953467389" lon="1.9864770972" /><trkpt lat="48.7953464285" lon="1.9864767697" /><trkpt lat="48.7953461164" lon="1.9864764419" /><trkpt lat="48.7953458041" lon="1.9864761131" /><trkpt lat="48.7953454928" lon="1.986475785" /><trkpt lat="48.795345182" lon="1.9864754564" /><trkpt lat="48.7953448692" lon="1.9864751262" /><trkpt lat="48.7953445571" lon="1.9864747979" /><trkpt lat="48.7953442458" lon="1.9864744691" /><trkpt lat="48.795343933" lon="1.9864741409" /><trkpt lat="48.7953436218" lon="1.9864738138" /><trkpt lat="48.7953433107" lon="1.9864734841" /><trkpt lat="48.7953429966" lon="1.9864731558" /><trkpt lat="48.7953426853" lon="1.9864728288" /><trkpt lat="48.7953423739" lon="1.9864724999" /><trkpt lat="48.7953420607" lon="1.9864721716" /><trkpt lat="48.7953417475" lon="1.9864718418" /><trkpt lat="48.7953414357" lon="1.9864715147" /><trkpt lat="48.7953411226" lon="1.9864711838" /><trkpt lat="48.7953408141" lon="1.9864708559" /><trkpt lat="48.7953405064" lon="1.9864705268" /><trkpt lat="48.795340198" lon="1.9864701953" /><trkpt lat="48.7953398902" lon="1.986469866" /><trkpt lat="48.7953395816" lon="1.9864695359" /><trkpt lat="48.7953392736" lon="1.986469205" /><trkpt lat="48.795338965" lon="1.9864688742" /><trkpt lat="48.7953386567" lon="1.9864685446" /><trkpt lat="48.7953383486" lon="1.9864682123" /><trkpt lat="48.7953380392" lon="1.9864678816" /><trkpt lat="48.7953377307" lon="1.9864675499" /><trkpt lat="48.7953374223" lon="1.9864672189" /><trkpt lat="48.7953371131" lon="1.9864668858" /><trkpt lat="48.7953368048" lon="1.9864665547" /><trkpt lat="48.795336496" lon="1.9864662239" /><trkpt lat="48.795336186" lon="1.9864658924" /><trkpt lat="48.7953358781" lon="1.9864655594" /><trkpt lat="48.795335569" lon="1.9864652268" /><trkpt lat="48.7953352595" lon="1.9864648972" /><trkpt lat="48.7953349496" lon="1.9864645627" /><trkpt lat="48.7953346415" lon="1.986464233" /><trkpt lat="48.7953343316" lon="1.9864639013" /><trkpt lat="48.7953340199" lon="1.9864635707" /><trkpt lat="48.795333711" lon="1.9864632416" /><trkpt lat="48.7953334032" lon="1.9864629088" /><trkpt lat="48.7953330933" lon="1.9864625796" /><trkpt lat="48.7953327838" lon="1.9864622477" /><trkpt lat="48.795332474" lon="1.9864619203" /><trkpt lat="48.7953321647" lon="1.986461587" /><trkpt lat="48.7953318551" lon="1.9864612574" /><trkpt lat="48.7953315458" lon="1.9864609249" /><trkpt lat="48.7953312376" lon="1.9864605936" /><trkpt lat="48.7953309281" lon="1.9864602607" /><trkpt lat="48.7953306196" lon="1.9864599292" /><trkpt lat="48.7953303102" lon="1.9864595965" /><trkpt lat="48.7953299993" lon="1.9864592654" /><trkpt lat="48.7953296924" lon="1.9864589332" /><trkpt lat="48.7953293811" lon="1.9864586022" /><trkpt lat="48.7953290732" lon="1.9864582704" /><trkpt lat="48.7953287633" lon="1.9864579369" /><trkpt lat="48.7953284545" lon="1.9864576071" /><trkpt lat="48.7953281447" lon="1.9864572719" /><trkpt lat="48.795327835" lon="1.9864569419" /><trkpt lat="48.7953275262" lon="1.986456608" /><trkpt lat="48.7953272164" lon="1.9864562786" /><trkpt lat="48.7953269071" lon="1.9864559461" /><trkpt lat="48.7953265949" lon="1.9864556156" /><trkpt lat="48.7953262869" lon="1.9864552834" /><trkpt lat="48.7953259762" lon="1.9864549512" /><trkpt lat="48.795325666" lon="1.9864546193" /><trkpt lat="48.7953253552" lon="1.9864542875" /><trkpt lat="48.7953250443" lon="1.9864539572" /><trkpt lat="48.7953247344" lon="1.9864536226" /><trkpt lat="48.7953244241" lon="1.9864532922" /><trkpt lat="48.7953241128" lon="1.9864529583" /><trkpt lat="48.7953238002" lon="1.9864526266" /><trkpt lat="48.7953234911" lon="1.9864522926" /><trkpt lat="48.795323181" lon="1.9864519608" /><trkpt lat="48.7953228697" lon="1.9864516262" /><trkpt lat="48.7953225598" lon="1.9864512925" /><trkpt lat="48.7953222482" lon="1.9864509574" /><trkpt lat="48.7953219367" lon="1.9864506233" /><trkpt lat="48.7953216274" lon="1.9864502902" /><trkpt lat="48.7953213176" lon="1.9864499543" /><trkpt lat="48.7953210077" lon="1.986449622" /><trkpt lat="48.7953206971" lon="1.9864492864" /><trkpt lat="48.7953203872" lon="1.9864489527" /><trkpt lat="48.7953200768" lon="1.9864486158" /><trkpt lat="48.7953197682" lon="1.986448282" /><trkpt lat="48.7953194573" lon="1.9864479457" /><trkpt lat="48.795319147" lon="1.986447611" /><trkpt lat="48.7953188357" lon="1.9864472774" /><trkpt lat="48.7953185264" lon="1.98644694" /><trkpt lat="48.7953182167" lon="1.986446606" /><trkpt lat="48.7953179068" lon="1.9864462712" /><trkpt lat="48.7953175974" lon="1.986445935" /><trkpt lat="48.795317287" lon="1.986445599" /><trkpt lat="48.795316977" lon="1.9864452648" /><trkpt lat="48.7953166659" lon="1.9864449289" /><trkpt lat="48.7953163556" lon="1.9864445926" /><trkpt lat="48.7953160462" lon="1.9864442569" /><trkpt lat="48.7953157358" lon="1.986443921" /><trkpt lat="48.7953154266" lon="1.9864435836" /><trkpt lat="48.7953151158" lon="1.9864432491" /><trkpt lat="48.7953148029" lon="1.9864429111" /><trkpt lat="48.7953144957" lon="1.9864425778" /><trkpt lat="48.7953141836" lon="1.9864422387" /><trkpt lat="48.7953138719" lon="1.9864419021" /><trkpt lat="48.7953135632" lon="1.9864415672" /><trkpt lat="48.7953132535" lon="1.9864412296" /><trkpt lat="48.7953129428" lon="1.9864408943" /><trkpt lat="48.7953126319" lon="1.9864405559" /><trkpt lat="48.7953123225" lon="1.9864402204" /><trkpt lat="48.7953120128" lon="1.9864398813" /><trkpt lat="48.7953117014" lon="1.986439546" /><trkpt lat="48.7953113922" lon="1.9864392086" /><trkpt lat="48.7953110805" lon="1.9864388719" /><trkpt lat="48.7953107683" lon="1.9864385352" /><trkpt lat="48.7953104589" lon="1.9864382015" /><trkpt lat="48.7953101468" lon="1.9864378645" /><trkpt lat="48.7953098335" lon="1.9864375301" /><trkpt lat="48.7953095197" lon="1.9864371945" /><trkpt lat="48.7953092051" lon="1.9864368589" /><trkpt lat="48.7953088904" lon="1.986436523" /><trkpt lat="48.7953085763" lon="1.9864361889" /><trkpt lat="48.7953082619" lon="1.9864358533" /><trkpt lat="48.7953079468" lon="1.9864355182" /><trkpt lat="48.7953076347" lon="1.9864351812" /><trkpt lat="48.7953073208" lon="1.9864348437" /><trkpt lat="48.7953070066" lon="1.9864345066" /><trkpt lat="48.795306693" lon="1.9864341704" /><trkpt lat="48.7953063797" lon="1.9864338333" /><trkpt lat="48.7953060653" lon="1.9864334976" /><trkpt lat="48.7953057523" lon="1.9864331598" /><trkpt lat="48.7953054385" lon="1.9864328244" /><trkpt lat="48.7953051252" lon="1.9864324848" /><trkpt lat="48.7953048119" lon="1.9864321493" /><trkpt lat="48.7953044983" lon="1.9864318125" /><trkpt lat="48.795304183" lon="1.9864314768" /><trkpt lat="48.7953038701" lon="1.9864311405" /><trkpt lat="48.7953035555" lon="1.9864308044" /><trkpt lat="48.7953032414" lon="1.9864304686" /><trkpt lat="48.7953029278" lon="1.9864301312" /><trkpt lat="48.7953026136" lon="1.9864297958" /><trkpt lat="48.7953023001" lon="1.9864294585" /><trkpt lat="48.7953019862" lon="1.9864291211" /><trkpt lat="48.7953016729" lon="1.9864287847" /><trkpt lat="48.7953013591" lon="1.9864284465" /><trkpt lat="48.7953010465" lon="1.9864281102" /><trkpt lat="48.7953007318" lon="1.9864277737" /><trkpt lat="48.7953004181" lon="1.986427434" /><trkpt lat="48.7953001064" lon="1.9864270977" /><trkpt lat="48.7952997931" lon="1.9864267592" /><trkpt lat="48.7952994804" lon="1.9864264217" /><trkpt lat="48.7952991657" lon="1.9864260838" /><trkpt lat="48.7952988543" lon="1.9864257446" /><trkpt lat="48.795298542" lon="1.9864254067" /><trkpt lat="48.7952982282" lon="1.9864250677" /><trkpt lat="48.7952979156" lon="1.9864247294" /><trkpt lat="48.7952976037" lon="1.9864243897" /><trkpt lat="48.7952972904" lon="1.9864240493" /><trkpt lat="48.7952969772" lon="1.986423709" /><trkpt lat="48.7952966654" lon="1.9864233718" /><trkpt lat="48.795296352" lon="1.9864230306" /><trkpt lat="48.7952960387" lon="1.9864226913" /><trkpt lat="48.7952957267" lon="1.986422353" /><trkpt lat="48.7952954132" lon="1.9864220113" /><trkpt lat="48.7952950999" lon="1.9864216732" /><trkpt lat="48.7952947852" lon="1.9864213313" /><trkpt lat="48.7952944733" lon="1.9864209931" /><trkpt lat="48.7952941601" lon="1.9864206535" /><trkpt lat="48.7952938468" lon="1.9864203126" /><trkpt lat="48.7952935329" lon="1.9864199706" /><trkpt lat="48.7952932193" lon="1.9864196314" /><trkpt lat="48.7952929062" lon="1.9864192897" /><trkpt lat="48.795292592" lon="1.9864189478" /><trkpt lat="48.7952922801" lon="1.986418606" /><trkpt lat="48.7952919668" lon="1.9864182677" /><trkpt lat="48.7952916548" lon="1.9864179275" /><trkpt lat="48.795291341" lon="1.9864175825" /><trkpt lat="48.7952910287" lon="1.9864172418" /><trkpt lat="48.7952907156" lon="1.9864168987" /><trkpt lat="48.795290403" lon="1.9864165604" /><trkpt lat="48.7952900886" lon="1.9864162169" /><trkpt lat="48.7952897761" lon="1.9864158774" /><trkpt lat="48.7952894626" lon="1.986415539" /><trkpt lat="48.7952891497" lon="1.9864151994" /><trkpt lat="48.7952888371" lon="1.9864148581" /><trkpt lat="48.7952885222" lon="1.986414518" /><trkpt lat="48.7952882095" lon="1.9864141789" /><trkpt lat="48.7952878962" lon="1.9864138401" /><trkpt lat="48.7952875831" lon="1.9864134984" /><trkpt lat="48.7952872686" lon="1.9864131593" /><trkpt lat="48.7952869563" lon="1.9864128182" /><trkpt lat="48.7952866426" lon="1.986412478" /><trkpt lat="48.7952863295" lon="1.9864121375" /><trkpt lat="48.7952860169" lon="1.9864117993" /><trkpt lat="48.7952857016" lon="1.9864114566" /><trkpt lat="48.7952853897" lon="1.9864111175" /><trkpt lat="48.7952850754" lon="1.9864107748" /><trkpt lat="48.7952847619" lon="1.9864104342" /><trkpt lat="48.7952844487" lon="1.9864100933" /><trkpt lat="48.7952841348" lon="1.986409751" /><trkpt lat="48.7952838212" lon="1.9864094122" /><trkpt lat="48.7952835069" lon="1.9864090698" /><trkpt lat="48.7952831938" lon="1.9864087299" /><trkpt lat="48.795282878" lon="1.9864083885" /><trkpt lat="48.7952825648" lon="1.9864080508" /><trkpt lat="48.7952822496" lon="1.98640771" /><trkpt lat="48.7952819347" lon="1.9864073702" /><trkpt lat="48.7952816211" lon="1.9864070294" /><trkpt lat="48.7952813079" lon="1.9864066898" /><trkpt lat="48.7952809923" lon="1.9864063469" /><trkpt lat="48.7952806791" lon="1.9864060052" /><trkpt lat="48.7952803663" lon="1.9864056623" /><trkpt lat="48.7952800518" lon="1.9864053194" /><trkpt lat="48.7952797383" lon="1.9864049758" /><trkpt lat="48.7952794261" lon="1.9864046327" /><trkpt lat="48.7952791123" lon="1.9864042862" /><trkpt lat="48.7952787993" lon="1.9864039455" /><trkpt lat="48.7952784856" lon="1.9864036023" /><trkpt lat="48.7952781713" lon="1.986403257" /><trkpt lat="48.7952778555" lon="1.9864029139" /><trkpt lat="48.7952775397" lon="1.9864025719" /><trkpt lat="48.7952772253" lon="1.986402229" /><trkpt lat="48.7952769081" lon="1.9864018848" /><trkpt lat="48.7952765935" lon="1.9864015427" /><trkpt lat="48.7952762786" lon="1.9864012006" /><trkpt lat="48.7952759626" lon="1.9864008573" /><trkpt lat="48.795275647" lon="1.9864005138" /><trkpt lat="48.7952753322" lon="1.9864001717" /><trkpt lat="48.7952750166" lon="1.9863998278" /><trkpt lat="48.7952747016" lon="1.9863994836" /><trkpt lat="48.7952743861" lon="1.9863991413" /><trkpt lat="48.7952740697" lon="1.986398796" /><trkpt lat="48.7952737553" lon="1.9863984511" /><trkpt lat="48.7952734397" lon="1.9863981089" /><trkpt lat="48.7952731251" lon="1.9863977632" /><trkpt lat="48.79527281" lon="1.9863974179" /><trkpt lat="48.7952724962" lon="1.9863970706" /><trkpt lat="48.7952721821" lon="1.9863967287" /><trkpt lat="48.7952718668" lon="1.9863963835" /><trkpt lat="48.7952715531" lon="1.9863960369" /><trkpt lat="48.7952712362" lon="1.9863956943" /><trkpt lat="48.7952709229" lon="1.9863953504" /><trkpt lat="48.7952706072" lon="1.9863950061" /><trkpt lat="48.795270293" lon="1.9863946614" /><trkpt lat="48.7952699779" lon="1.9863943191" /><trkpt lat="48.795269663" lon="1.9863939749" /><trkpt lat="48.7952693481" lon="1.9863936318" /><trkpt lat="48.7952690333" lon="1.9863932899" /><trkpt lat="48.7952687184" lon="1.9863929473" /><trkpt lat="48.7952684037" lon="1.9863926038" /><trkpt lat="48.7952680898" lon="1.9863922622" /><trkpt lat="48.7952677748" lon="1.9863919184" /><trkpt lat="48.7952674611" lon="1.9863915765" /><trkpt lat="48.7952671462" lon="1.9863912323" /><trkpt lat="48.7952668323" lon="1.9863908912" /><trkpt lat="48.7952665181" lon="1.9863905494" /><trkpt lat="48.7952662042" lon="1.9863902067" /><trkpt lat="48.7952658909" lon="1.9863898651" /><trkpt lat="48.7952655761" lon="1.986389523" /><trkpt lat="48.7952652636" lon="1.986389182" /><trkpt lat="48.7952649486" lon="1.9863888417" /><trkpt lat="48.7952646359" lon="1.9863884993" /><trkpt lat="48.795264322" lon="1.9863881583" /><trkpt lat="48.7952640093" lon="1.9863878155" /><trkpt lat="48.7952636963" lon="1.9863874741" /><trkpt lat="48.7952633838" lon="1.9863871326" /><trkpt lat="48.7952630713" lon="1.986386792" /><trkpt lat="48.7952627583" lon="1.9863864464" /><trkpt lat="48.7952624457" lon="1.9863861074" /><trkpt lat="48.7952621333" lon="1.9863857662" /><trkpt lat="48.795261821" lon="1.9863854228" /><trkpt lat="48.7952615096" lon="1.9863850813" /><trkpt lat="48.7952611958" lon="1.9863847419" /><trkpt lat="48.7952608848" lon="1.9863844016" /><trkpt lat="48.7952605719" lon="1.9863840582" /><trkpt lat="48.7952602609" lon="1.9863837201" /><trkpt lat="48.7952599506" lon="1.9863833774" /><trkpt lat="48.7952596384" lon="1.9863830343" /><trkpt lat="48.7952593293" lon="1.9863826917" /><trkpt lat="48.7952590187" lon="1.9863823506" /><trkpt lat="48.795258709" lon="1.9863820055" /><trkpt lat="48.7952583983" lon="1.9863816641" /><trkpt lat="48.79525809" lon="1.9863813232" /><trkpt lat="48.7952577799" lon="1.98638098" /><trkpt lat="48.7952574704" lon="1.9863806394" /><trkpt lat="48.7952571613" lon="1.9863802994" /><trkpt lat="48.7952568515" lon="1.986379959" /><trkpt lat="48.7952565421" lon="1.9863796198" /><trkpt lat="48.795256232" lon="1.9863792795" /><trkpt lat="48.795255923" lon="1.9863789423" /><trkpt lat="48.7952556125" lon="1.9863786025" /><trkpt lat="48.7952553037" lon="1.9863782653" /><trkpt lat="48.7952549948" lon="1.9863779271" /><trkpt lat="48.7952546854" lon="1.9863775881" /><trkpt lat="48.7952543772" lon="1.9863772507" /><trkpt lat="48.7952540684" lon="1.9863769118" /><trkpt lat="48.7952537602" lon="1.9863765732" /><trkpt lat="48.7952534519" lon="1.9863762347" /><trkpt lat="48.7952531453" lon="1.9863758953" /><trkpt lat="48.7952528376" lon="1.9863755547" /><trkpt lat="48.7952525312" lon="1.9863752165" /><trkpt lat="48.7952522238" lon="1.9863748771" /><trkpt lat="48.7952519174" lon="1.9863745389" /><trkpt lat="48.7952516113" lon="1.9863742002" /><trkpt lat="48.7952513037" lon="1.9863738634" /><trkpt lat="48.7952509971" lon="1.9863735257" /><trkpt lat="48.7952506919" lon="1.9863731893" /><trkpt lat="48.7952503847" lon="1.9863728526" /><trkpt lat="48.7952500786" lon="1.9863725168" /><trkpt lat="48.7952497731" lon="1.986372183" /><trkpt lat="48.7952494669" lon="1.9863718448" /><trkpt lat="48.7952491615" lon="1.9863715098" /><trkpt lat="48.7952488574" lon="1.9863711731" /><trkpt lat="48.7952485515" lon="1.986370838" /><trkpt lat="48.7952482471" lon="1.9863705049" /><trkpt lat="48.7952479425" lon="1.9863701687" /><trkpt lat="48.795247638" lon="1.9863698313" /><trkpt lat="48.7952473348" lon="1.9863694962" /><trkpt lat="48.7952470327" lon="1.9863691623" /><trkpt lat="48.7952467308" lon="1.9863688253" /><trkpt lat="48.7952464288" lon="1.9863684908" /><trkpt lat="48.7952461261" lon="1.9863681551" /><trkpt lat="48.7952458256" lon="1.9863678211" /><trkpt lat="48.7952455237" lon="1.9863674837" /><trkpt lat="48.7952452235" lon="1.9863671496" /><trkpt lat="48.7952449218" lon="1.9863668158" /><trkpt lat="48.7952446206" lon="1.9863664804" /><trkpt lat="48.79524432" lon="1.9863661471" /><trkpt lat="48.7952440189" lon="1.9863658121" /><trkpt lat="48.7952437188" lon="1.9863654794" /><trkpt lat="48.7952434169" lon="1.9863651424" /><trkpt lat="48.7952431175" lon="1.9863648133" /><trkpt lat="48.7952428166" lon="1.9863644788" /><trkpt lat="48.7952425172" lon="1.9863641487" /><trkpt lat="48.7952422168" lon="1.9863638147" /><trkpt lat="48.7952419175" lon="1.9863634846" /><trkpt lat="48.7952416186" lon="1.9863631522" /><trkpt lat="48.7952413201" lon="1.9863628198" /><trkpt lat="48.7952410212" lon="1.9863624898" /><trkpt lat="48.795240722" lon="1.9863621587" /><trkpt lat="48.7952404238" lon="1.9863618275" /><trkpt lat="48.7952401268" lon="1.9863614958" /><trkpt lat="48.7952398295" lon="1.9863611657" /><trkpt lat="48.7952395332" lon="1.9863608329" /><trkpt lat="48.7952392361" lon="1.9863605018" /><trkpt lat="48.7952389406" lon="1.9863601687" /><trkpt lat="48.7952386438" lon="1.9863598388" /><trkpt lat="48.7952383469" lon="1.9863595065" /><trkpt lat="48.7952380521" lon="1.986359176" /><trkpt lat="48.7952377558" lon="1.986358843" /><trkpt lat="48.79523746" lon="1.9863585145" /><trkpt lat="48.795237164" lon="1.9863581859" /><trkpt lat="48.7952368672" lon="1.9863578572" /><trkpt lat="48.7952365708" lon="1.9863575302" /><trkpt lat="48.7952362753" lon="1.986357202" /><trkpt lat="48.7952359793" lon="1.9863568753" /><trkpt lat="48.7952356821" lon="1.9863565508" /><trkpt lat="48.7952353861" lon="1.9863562229" /><trkpt lat="48.7952350917" lon="1.9863558982" /><trkpt lat="48.7952347967" lon="1.9863555708" /><trkpt lat="48.7952345003" lon="1.9863552447" /><trkpt lat="48.7952342055" lon="1.9863549195" /><trkpt lat="48.7952339126" lon="1.9863545915" /><trkpt lat="48.7952336192" lon="1.9863542651" /><trkpt lat="48.7952333237" lon="1.9863539389" /><trkpt lat="48.7952330306" lon="1.9863536107" /><trkpt lat="48.795232739" lon="1.9863532849" /><trkpt lat="48.7952324475" lon="1.9863529581" /><trkpt lat="48.7952321524" lon="1.986352631" /><trkpt lat="48.7952318602" lon="1.9863523051" /><trkpt lat="48.7952315679" lon="1.9863519799" /><trkpt lat="48.7952312753" lon="1.9863516544" /><trkpt lat="48.7952309825" lon="1.9863513293" /><trkpt lat="48.7952306911" lon="1.9863510032" /><trkpt lat="48.7952303972" lon="1.9863506807" /><trkpt lat="48.795230105" lon="1.9863503544" /><trkpt lat="48.7952298144" lon="1.986350031" /><trkpt lat="48.7952295229" lon="1.9863497047" /><trkpt lat="48.7952292318" lon="1.9863493827" /><trkpt lat="48.7952289416" lon="1.9863490574" /><trkpt lat="48.7952286503" lon="1.9863487323" /><trkpt lat="48.7952283606" lon="1.9863484099" /><trkpt lat="48.7952280705" lon="1.9863480863" /><trkpt lat="48.7952277799" lon="1.9863477632" /><trkpt lat="48.7952274904" lon="1.9863474394" /><trkpt lat="48.7952272016" lon="1.9863471184" /><trkpt lat="48.7952269113" lon="1.986346797" /><trkpt lat="48.7952266216" lon="1.986346475" /><trkpt lat="48.7952263326" lon="1.9863461553" /><trkpt lat="48.7952260427" lon="1.986345834" /><trkpt lat="48.7952257539" lon="1.9863455148" /><trkpt lat="48.7952254649" lon="1.9863451959" /><trkpt lat="48.7952251755" lon="1.9863448764" /><trkpt lat="48.7952248874" lon="1.9863445568" /><trkpt lat="48.7952245992" lon="1.9863442377" /><trkpt lat="48.7952243103" lon="1.9863439188" /><trkpt lat="48.7952240236" lon="1.9863436016" /><trkpt lat="48.7952237361" lon="1.986343282" /><trkpt lat="48.795223448" lon="1.9863429625" /><trkpt lat="48.7952231623" lon="1.9863426454" /><trkpt lat="48.7952228748" lon="1.9863423272" /><trkpt lat="48.7952225875" lon="1.986342008" /><trkpt lat="48.7952223016" lon="1.9863416896" /><trkpt lat="48.7952220156" lon="1.9863413734" /><trkpt lat="48.7952217294" lon="1.9863410564" /><trkpt lat="48.7952214429" lon="1.9863407379" /><trkpt lat="48.7952211569" lon="1.986340423" /><trkpt lat="48.7952208716" lon="1.9863401063" /><trkpt lat="48.7952205857" lon="1.9863397921" /><trkpt lat="48.7952202999" lon="1.9863394755" /><trkpt lat="48.795220015" lon="1.9863391601" /><trkpt lat="48.79521973" lon="1.986338848" /><trkpt lat="48.7952194454" lon="1.9863385308" /><trkpt lat="48.7952191612" lon="1.9863382167" /><trkpt lat="48.7952188774" lon="1.9863379018" /><trkpt lat="48.7952185926" lon="1.9863375861" /><trkpt lat="48.7952183081" lon="1.9863372731" /><trkpt lat="48.7952180255" lon="1.9863369594" /><trkpt lat="48.7952177436" lon="1.9863366478" /><trkpt lat="48.7952174606" lon="1.9863363339" /><trkpt lat="48.7952171775" lon="1.986336023" /><trkpt lat="48.7952168947" lon="1.9863357148" /><trkpt lat="48.795216613" lon="1.9863354035" /><trkpt lat="48.7952163305" lon="1.9863350923" /><trkpt lat="48.7952160483" lon="1.9863347831" /><trkpt lat="48.7952157664" lon="1.986334474" /><trkpt lat="48.7952154844" lon="1.9863341655" /><trkpt lat="48.7952152039" lon="1.9863338549" /><trkpt lat="48.7952149217" lon="1.9863335473" /><trkpt lat="48.795214641" lon="1.9863332377" /><trkpt lat="48.7952143604" lon="1.9863329305" /><trkpt lat="48.79521408" lon="1.9863326213" /><trkpt lat="48.7952138001" lon="1.9863323125" /><trkpt lat="48.7952135207" lon="1.9863320046" /><trkpt lat="48.7952132412" lon="1.9863316981" /><trkpt lat="48.7952129614" lon="1.9863313892" /><trkpt lat="48.7952126828" lon="1.9863310821" /><trkpt lat="48.7952124041" lon="1.9863307738" /><trkpt lat="48.7952121249" lon="1.9863304683" /><trkpt lat="48.7952118464" lon="1.9863301628" /><trkpt lat="48.795211567" lon="1.9863298562" /><trkpt lat="48.79521129" lon="1.9863295525" /><trkpt lat="48.7952110106" lon="1.9863292467" /><trkpt lat="48.7952107328" lon="1.9863289429" /><trkpt lat="48.7952104551" lon="1.9863286394" /><trkpt lat="48.7952101764" lon="1.9863283363" /><trkpt lat="48.7952098983" lon="1.9863280338" /><trkpt lat="48.7952096222" lon="1.9863277297" /><trkpt lat="48.7952093449" lon="1.9863274277" /><trkpt lat="48.7952090663" lon="1.9863271234" /><trkpt lat="48.7952087906" lon="1.9863268217" /><trkpt lat="48.7952085142" lon="1.9863265203" /><trkpt lat="48.7952082374" lon="1.986326218" /><trkpt lat="48.7952079613" lon="1.9863259149" /><trkpt lat="48.7952076851" lon="1.9863256121" /><trkpt lat="48.7952074093" lon="1.9863253128" /><trkpt lat="48.795207135" lon="1.9863250102" /><trkpt lat="48.7952068591" lon="1.9863247103" /><trkpt lat="48.7952065837" lon="1.9863244074" /><trkpt lat="48.7952063099" lon="1.9863241093" /><trkpt lat="48.795206034" lon="1.986323809" /><trkpt lat="48.7952057599" lon="1.9863235084" /><trkpt lat="48.7952054849" lon="1.986323212" /><trkpt lat="48.7952052107" lon="1.9863229104" /><trkpt lat="48.7952049376" lon="1.9863226141" /><trkpt lat="48.7952046626" lon="1.9863223144" /><trkpt lat="48.7952043887" lon="1.9863220178" /><trkpt lat="48.7952041162" lon="1.9863217183" /><trkpt lat="48.7952038423" lon="1.9863214206" /><trkpt lat="48.7952035695" lon="1.9863211231" /><trkpt lat="48.7952032966" lon="1.9863208256" /><trkpt lat="48.7952030232" lon="1.9863205299" /><trkpt lat="48.795202751" lon="1.9863202321" /><trkpt lat="48.795202479" lon="1.9863199349" /><trkpt lat="48.7952022065" lon="1.9863196386" /><trkpt lat="48.7952019353" lon="1.9863193422" /><trkpt lat="48.7952016638" lon="1.9863190469" /><trkpt lat="48.7952013919" lon="1.9863187491" /><trkpt lat="48.7952011199" lon="1.9863184545" /><trkpt lat="48.7952008512" lon="1.9863181585" /><trkpt lat="48.7952005801" lon="1.9863178624" /><trkpt lat="48.79520031" lon="1.9863175692" /><trkpt lat="48.7952000403" lon="1.986317273" /><trkpt lat="48.7951997697" lon="1.9863169789" /><trkpt lat="48.7951995" lon="1.9863166858" /><trkpt lat="48.7951992298" lon="1.9863163936" /><trkpt lat="48.7951989598" lon="1.9863160986" /><trkpt lat="48.7951986902" lon="1.9863158084" /><trkpt lat="48.7951984225" lon="1.9863155148" /><trkpt lat="48.7951981518" lon="1.9863152245" /><trkpt lat="48.7951978835" lon="1.9863149317" /><trkpt lat="48.7951976148" lon="1.9863146409" /><trkpt lat="48.7951973471" lon="1.9863143494" /><trkpt lat="48.7951970785" lon="1.9863140584" /><trkpt lat="48.7951968112" lon="1.986313768" /><trkpt lat="48.7951965439" lon="1.9863134766" /><trkpt lat="48.7951962759" lon="1.986313187" /><trkpt lat="48.7951960094" lon="1.9863128977" /><trkpt lat="48.7951957423" lon="1.9863126077" /><trkpt lat="48.7951954758" lon="1.9863123188" /><trkpt lat="48.7951952095" lon="1.9863120308" /><trkpt lat="48.7951949425" lon="1.986311743" /><trkpt lat="48.7951946764" lon="1.9863114547" /><trkpt lat="48.7951944111" lon="1.9863111655" /><trkpt lat="48.795194145" lon="1.9863108799" /><trkpt lat="48.7951938785" lon="1.9863105924" /><trkpt lat="48.7951936126" lon="1.9863103036" /><trkpt lat="48.7951933487" lon="1.986310018" /><trkpt lat="48.7951930837" lon="1.9863097325" /><trkpt lat="48.7951928183" lon="1.9863094439" /><trkpt lat="48.7951925535" lon="1.9863091564" /><trkpt lat="48.7951922903" lon="1.9863088704" /><trkpt lat="48.7951920264" lon="1.9863085828" /><trkpt lat="48.7951917617" lon="1.986308299" /><trkpt lat="48.7951914977" lon="1.986308014" /><trkpt lat="48.7951912354" lon="1.9863077275" /><trkpt lat="48.7951909721" lon="1.9863074439" /><trkpt lat="48.7951907079" lon="1.9863071591" /><trkpt lat="48.7951904441" lon="1.9863068722" /><trkpt lat="48.7951901795" lon="1.9863065869" /><trkpt lat="48.7951899164" lon="1.9863063026" /><trkpt lat="48.7951896521" lon="1.9863060166" /><trkpt lat="48.7951893888" lon="1.9863057317" /><trkpt lat="48.7951891261" lon="1.9863054475" /><trkpt lat="48.7951888637" lon="1.9863051628" /><trkpt lat="48.7951886004" lon="1.9863048779" /><trkpt lat="48.7951883381" lon="1.9863045926" /><trkpt lat="48.7951880754" lon="1.9863043133" /><trkpt lat="48.7951878137" lon="1.986304027" /><trkpt lat="48.7951875518" lon="1.9863037435" /><trkpt lat="48.7951872904" lon="1.9863034617" /><trkpt lat="48.7951870287" lon="1.9863031785" /><trkpt lat="48.7951867672" lon="1.9863028948" /><trkpt lat="48.7951865063" lon="1.9863026155" /><trkpt lat="48.7951862452" lon="1.9863023332" /><trkpt lat="48.795185985" lon="1.9863020511" /><trkpt lat="48.7951857245" lon="1.9863017706" /><trkpt lat="48.7951854643" lon="1.9863014907" /><trkpt lat="48.7951852046" lon="1.9863012103" /><trkpt lat="48.7951849445" lon="1.9863009294" /><trkpt lat="48.7951846855" lon="1.98630065" /><trkpt lat="48.7951844261" lon="1.986300371" /><trkpt lat="48.7951841666" lon="1.9863000905" /><trkpt lat="48.7951839079" lon="1.9862998118" /><trkpt lat="48.7951836484" lon="1.9862995337" /><trkpt lat="48.79518339" lon="1.9862992528" /><trkpt lat="48.795183131" lon="1.9862989765" /><trkpt lat="48.7951828739" lon="1.9862986997" /><trkpt lat="48.7951826144" lon="1.9862984216" /><trkpt lat="48.7951823562" lon="1.9862981436" /><trkpt lat="48.7951820998" lon="1.9862978685" /><trkpt lat="48.7951818418" lon="1.9862975901" /><trkpt lat="48.7951815853" lon="1.9862973161" /><trkpt lat="48.7951813287" lon="1.9862970383" /><trkpt lat="48.7951810729" lon="1.9862967619" /><trkpt lat="48.7951808167" lon="1.9862964862" /><trkpt lat="48.7951805614" lon="1.9862962087" /><trkpt lat="48.7951803063" lon="1.9862959341" /><trkpt lat="48.7951800513" lon="1.9862956577" /><trkpt lat="48.7951797963" lon="1.9862953841" /><trkpt lat="48.7951795419" lon="1.9862951084" /><trkpt lat="48.7951792865" lon="1.9862948324" /><trkpt lat="48.7951790322" lon="1.9862945597" /><trkpt lat="48.7951787783" lon="1.9862942847" /><trkpt lat="48.7951785237" lon="1.9862940127" /><trkpt lat="48.7951782687" lon="1.9862937383" /><trkpt lat="48.7951780148" lon="1.9862934667" /><trkpt lat="48.7951777603" lon="1.9862931936" /><trkpt lat="48.7951775074" lon="1.9862929214" /><trkpt lat="48.7951772543" lon="1.9862926475" /><trkpt lat="48.7951770016" lon="1.9862923793" /><trkpt lat="48.7951767486" lon="1.9862921046" /><trkpt lat="48.7951764961" lon="1.9862918329" /><trkpt lat="48.7951762449" lon="1.986291564" /><trkpt lat="48.7951759931" lon="1.9862912928" /><trkpt lat="48.7951757405" lon="1.9862910205" /><trkpt lat="48.7951754888" lon="1.986290751" /><trkpt lat="48.7951752384" lon="1.9862904816" /><trkpt lat="48.7951749859" lon="1.98629021" /><trkpt lat="48.7951747357" lon="1.9862899406" /><trkpt lat="48.7951744837" lon="1.9862896706" /><trkpt lat="48.7951742334" lon="1.986289399" /><trkpt lat="48.7951739824" lon="1.9862891326" /><trkpt lat="48.7951737329" lon="1.986288863" /><trkpt lat="48.7951734823" lon="1.9862885947" /><trkpt lat="48.7951732329" lon="1.9862883247" /><trkpt lat="48.7951729843" lon="1.9862880571" /><trkpt lat="48.7951727343" lon="1.9862877882" /><trkpt lat="48.7951724842" lon="1.9862875202" /><trkpt lat="48.7951722361" lon="1.9862872524" /><trkpt lat="48.7951719886" lon="1.9862869854" /><trkpt lat="48.7951717384" lon="1.9862867175" /><trkpt lat="48.7951714908" lon="1.9862864509" /><trkpt lat="48.7951712433" lon="1.9862861842" /><trkpt lat="48.7951709953" lon="1.9862859172" /><trkpt lat="48.7951707462" lon="1.9862856498" /><trkpt lat="48.7951704997" lon="1.9862853876" /><trkpt lat="48.7951702528" lon="1.9862851228" /><trkpt lat="48.7951700053" lon="1.9862848546" /><trkpt lat="48.7951697589" lon="1.9862845906" /><trkpt lat="48.7951695109" lon="1.9862843257" /><trkpt lat="48.7951692632" lon="1.9862840646" /><trkpt lat="48.7951690176" lon="1.9862837997" /><trkpt lat="48.7951687705" lon="1.9862835377" /><trkpt lat="48.7951685244" lon="1.9862832761" /><trkpt lat="48.7951682762" lon="1.986283013" /><trkpt lat="48.7951680303" lon="1.9862827506" /><trkpt lat="48.7951677852" lon="1.9862824891" /><trkpt lat="48.7951675392" lon="1.9862822281" /><trkpt lat="48.7951672929" lon="1.9862819647" /><trkpt lat="48.7951670475" lon="1.9862817061" /><trkpt lat="48.7951668044" lon="1.9862814431" /><trkpt lat="48.7951665592" lon="1.9862811793" /><trkpt lat="48.7951663144" lon="1.9862809189" /><trkpt lat="48.795166071" lon="1.9862806614" /><trkpt lat="48.7951658261" lon="1.9862804001" /><trkpt lat="48.7951655811" lon="1.9862801409" /><trkpt lat="48.7951653396" lon="1.9862798827" /><trkpt lat="48.7951650955" lon="1.9862796246" /><trkpt lat="48.7951648524" lon="1.9862793682" /><trkpt lat="48.7951646106" lon="1.9862791132" /><trkpt lat="48.7951643675" lon="1.9862788566" /><trkpt lat="48.7951641251" lon="1.9862786006" /><trkpt lat="48.7951638824" lon="1.9862783438" /><trkpt lat="48.7951636413" lon="1.9862780882" /><trkpt lat="48.7951634003" lon="1.9862778328" /><trkpt lat="48.7951631584" lon="1.9862775763" /><trkpt lat="48.7951629176" lon="1.9862773215" /><trkpt lat="48.7951626767" lon="1.9862770658" /><trkpt lat="48.7951624374" lon="1.9862768101" /><trkpt lat="48.7951621969" lon="1.9862765536" /><trkpt lat="48.7951619558" lon="1.9862762994" /><trkpt lat="48.7951617172" lon="1.986276045" /><trkpt lat="48.7951614769" lon="1.9862757906" /><trkpt lat="48.7951612378" lon="1.9862755383" /><trkpt lat="48.7951609984" lon="1.9862752843" /><trkpt lat="48.7951607591" lon="1.9862750298" /><trkpt lat="48.7951605204" lon="1.9862747775" /><trkpt lat="48.7951602824" lon="1.9862745245" /><trkpt lat="48.7951600434" lon="1.9862742719" /><trkpt lat="48.7951598047" lon="1.9862740212" /><trkpt lat="48.7951595663" lon="1.9862737696" /><trkpt lat="48.7951593279" lon="1.9862735172" /><trkpt lat="48.7951590898" lon="1.9862732678" /><trkpt lat="48.7951588524" lon="1.9862730178" /><trkpt lat="48.7951586149" lon="1.986272767" /><trkpt lat="48.7951583771" lon="1.9862725169" /><trkpt lat="48.7951581398" lon="1.9862722654" /><trkpt lat="48.7951579031" lon="1.9862720156" /><trkpt lat="48.7951576664" lon="1.9862717667" /><trkpt lat="48.7951574289" lon="1.9862715179" /><trkpt lat="48.7951571933" lon="1.9862712661" /><trkpt lat="48.7951569567" lon="1.9862710184" /><trkpt lat="48.7951567221" lon="1.9862707704" /><trkpt lat="48.7951564854" lon="1.9862705197" /><trkpt lat="48.79515625" lon="1.9862702695" /><trkpt lat="48.7951560146" lon="1.9862700246" /><trkpt lat="48.7951557799" lon="1.9862697758" /><trkpt lat="48.7951555449" lon="1.986269527" /><trkpt lat="48.7951553101" lon="1.9862692808" /><trkpt lat="48.7951550756" lon="1.9862690318" /><trkpt lat="48.7951548415" lon="1.9862687866" /><trkpt lat="48.795154607" lon="1.9862685408" /><trkpt lat="48.7951543722" lon="1.9862682947" /><trkpt lat="48.7951541382" lon="1.9862680481" /><trkpt lat="48.7951539055" lon="1.986267802" /><trkpt lat="48.7951536709" lon="1.9862675592" /><trkpt lat="48.7951534359" lon="1.9862673165" /><trkpt lat="48.7951532027" lon="1.9862670708" /><trkpt lat="48.7951529689" lon="1.9862668276" /><trkpt lat="48.795152736" lon="1.986266584" /><trkpt lat="48.7951525036" lon="1.9862663411" /><trkpt lat="48.7951522704" lon="1.9862660978" /><trkpt lat="48.7951520367" lon="1.9862658558" /><trkpt lat="48.7951518048" lon="1.9862656129" /><trkpt lat="48.7951515727" lon="1.9862653715" /><trkpt lat="48.7951513398" lon="1.9862651301" /><trkpt lat="48.7951511083" lon="1.9862648878" /><trkpt lat="48.795150876" lon="1.9862646464" /><trkpt lat="48.795150645" lon="1.9862644047" /><trkpt lat="48.7951504136" lon="1.9862641658" /><trkpt lat="48.795150182" lon="1.9862639231" /><trkpt lat="48.7951499504" lon="1.9862636836" /><trkpt lat="48.79514972" lon="1.9862634414" /><trkpt lat="48.7951494894" lon="1.9862632019" /><trkpt lat="48.7951492577" lon="1.9862629629" /><trkpt lat="48.7951490265" lon="1.9862627235" /><trkpt lat="48.7951487978" lon="1.986262484" /><trkpt lat="48.7951485673" lon="1.9862622441" /><trkpt lat="48.7951483379" lon="1.9862620056" /><trkpt lat="48.795148107" lon="1.9862617673" /><trkpt lat="48.7951478789" lon="1.9862615285" /><trkpt lat="48.7951476504" lon="1.9862612888" /><trkpt lat="48.7951474213" lon="1.9862610506" /><trkpt lat="48.7951471926" lon="1.9862608123" /><trkpt lat="48.7951469635" lon="1.9862605743" /><trkpt lat="48.7951467358" lon="1.9862603353" /><trkpt lat="48.7951465083" lon="1.9862601005" /><trkpt lat="48.7951462805" lon="1.9862598627" /><trkpt lat="48.7951460523" lon="1.9862596265" /><trkpt lat="48.7951458248" lon="1.9862593898" /><trkpt lat="48.7951455978" lon="1.9862591537" /><trkpt lat="48.7951453706" lon="1.986258918" /><trkpt lat="48.7951451428" lon="1.9862586836" /><trkpt lat="48.7951449165" lon="1.9862584475" /><trkpt lat="48.795144689" lon="1.9862582118" /><trkpt lat="48.7951444632" lon="1.9862579818" /><trkpt lat="48.7951442364" lon="1.9862577452" /><trkpt lat="48.7951440085" lon="1.9862575096" /><trkpt lat="48.7951437839" lon="1.986257279" /><trkpt lat="48.7951435568" lon="1.9862570464" /><trkpt lat="48.7951433307" lon="1.9862568135" /><trkpt lat="48.7951431046" lon="1.9862565819" /><trkpt lat="48.7951428794" lon="1.9862563501" /><trkpt lat="48.7951426529" lon="1.9862561186" /><trkpt lat="48.7951424283" lon="1.9862558858" /><trkpt lat="48.7951422029" lon="1.986255654" /><trkpt lat="48.7951419779" lon="1.9862554228" /><trkpt lat="48.7951417533" lon="1.9862551916" /><trkpt lat="48.7951415281" lon="1.9862549585" /><trkpt lat="48.795141303" lon="1.9862547247" /><trkpt lat="48.7951410788" lon="1.986254496" /><trkpt lat="48.7951408539" lon="1.9862542639" /><trkpt lat="48.7951406298" lon="1.9862540319" /><trkpt lat="48.7951404069" lon="1.9862538006" /><trkpt lat="48.7951401835" lon="1.986253571" /><trkpt lat="48.7951399585" lon="1.9862533397" /><trkpt lat="48.7951397357" lon="1.9862531098" /><trkpt lat="48.7951395126" lon="1.9862528805" /><trkpt lat="48.7951392896" lon="1.98625265" /><trkpt lat="48.7951390668" lon="1.986252423" /><trkpt lat="48.7951388434" lon="1.9862521946" /><trkpt lat="48.7951386205" lon="1.9862519681" /><trkpt lat="48.7951383986" lon="1.9862517397" /><trkpt lat="48.7951381755" lon="1.9862515139" /><trkpt lat="48.7951379535" lon="1.9862512871" /><trkpt lat="48.795137731" lon="1.9862510598" /><trkpt lat="48.7951375083" lon="1.9862508343" /><trkpt lat="48.7951372874" lon="1.9862506107" /><trkpt lat="48.7951370664" lon="1.9862503847" /><trkpt lat="48.7951368444" lon="1.986250158" /><trkpt lat="48.7951366227" lon="1.9862499332" /><trkpt lat="48.795136402" lon="1.9862497087" /><trkpt lat="48.7951361818" lon="1.9862494848" /><trkpt lat="48.7951359608" lon="1.9862492601" /><trkpt lat="48.7951357406" lon="1.9862490333" /><trkpt lat="48.7951355208" lon="1.9862488103" /><trkpt lat="48.7951353007" lon="1.9862485872" /><trkpt lat="48.7951350809" lon="1.9862483621" /><trkpt lat="48.795134862" lon="1.986248138" /><trkpt lat="48.7951346422" lon="1.9862479132" /><trkpt lat="48.7951344234" lon="1.9862476907" /><trkpt lat="48.7951342044" lon="1.9862474675" /><trkpt lat="48.7951339845" lon="1.9862472439" /><trkpt lat="48.7951337654" lon="1.9862470216" /><trkpt lat="48.7951335467" lon="1.9862467996" /><trkpt lat="48.7951333276" lon="1.9862465781" /><trkpt lat="48.7951331087" lon="1.9862463561" /><trkpt lat="48.79513289" lon="1.9862461335" /><trkpt lat="48.7951326713" lon="1.9862459131" /><trkpt lat="48.7951324538" lon="1.9862456912" /><trkpt lat="48.7951322352" lon="1.9862454704" /><trkpt lat="48.7951320178" lon="1.9862452473" /><trkpt lat="48.7951318003" lon="1.9862450271" /><trkpt lat="48.7951315829" lon="1.986244809" /><trkpt lat="48.7951313655" lon="1.9862445874" /><trkpt lat="48.7951311492" lon="1.9862443673" /><trkpt lat="48.795130933" lon="1.9862441483" /><trkpt lat="48.7951307157" lon="1.9862439285" /><trkpt lat="48.7951304995" lon="1.9862437091" /><trkpt lat="48.7951302834" lon="1.9862434908" /><trkpt lat="48.7951300669" lon="1.9862432727" /><trkpt lat="48.7951298508" lon="1.9862430544" /><trkpt lat="48.7951296357" lon="1.9862428346" /><trkpt lat="48.7951294201" lon="1.9862426165" /><trkpt lat="48.7951292051" lon="1.986242398" /><trkpt lat="48.7951289902" lon="1.98624218" /><trkpt lat="48.7951287747" lon="1.9862419621" /><trkpt lat="48.7951285604" lon="1.9862417439" /><trkpt lat="48.7951283453" lon="1.9862415259" /><trkpt lat="48.7951281313" lon="1.9862413085" /><trkpt lat="48.7951279167" lon="1.9862410938" /><trkpt lat="48.7951277021" lon="1.986240875" /><trkpt lat="48.7951274874" lon="1.9862406602" /><trkpt lat="48.7951272749" lon="1.9862404449" /><trkpt lat="48.7951270599" lon="1.9862402285" /><trkpt lat="48.7951268457" lon="1.986240013" /><trkpt lat="48.7951266322" lon="1.9862397973" /><trkpt lat="48.7951264186" lon="1.9862395835" /><trkpt lat="48.795126205" lon="1.9862393681" /><trkpt lat="48.7951259916" lon="1.9862391555" /><trkpt lat="48.7951257789" lon="1.9862389411" /><trkpt lat="48.7951255664" lon="1.9862387259" /><trkpt lat="48.7951253536" lon="1.9862385112" /><trkpt lat="48.795125141" lon="1.9862382973" /><trkpt lat="48.7951249292" lon="1.9862380836" /><trkpt lat="48.7951247175" lon="1.9862378697" /><trkpt lat="48.795124505" lon="1.9862376563" /><trkpt lat="48.7951242937" lon="1.9862374426" /><trkpt lat="48.7951240826" lon="1.9862372297" /><trkpt lat="48.7951238716" lon="1.9862370159" /><trkpt lat="48.7951236604" lon="1.9862368037" /><trkpt lat="48.7951234498" lon="1.9862365918" /><trkpt lat="48.7951232378" lon="1.9862363798" /><trkpt lat="48.7951230282" lon="1.9862361688" /><trkpt lat="48.795122818" lon="1.9862359548" /><trkpt lat="48.7951226066" lon="1.9862357444" /><trkpt lat="48.7951223964" lon="1.9862355336" /><trkpt lat="48.7951221863" lon="1.9862353206" /><trkpt lat="48.7951219771" lon="1.9862351103" /><trkpt lat="48.7951217666" lon="1.9862348987" /><trkpt lat="48.7951215569" lon="1.9862346871" /><trkpt lat="48.7951213488" lon="1.9862344759" /><trkpt lat="48.7951211398" lon="1.9862342676" /><trkpt lat="48.7951209309" lon="1.9862340568" /><trkpt lat="48.7951207217" lon="1.9862338469" /><trkpt lat="48.7951205139" lon="1.9862336369" /><trkpt lat="48.7951203047" lon="1.9862334266" /><trkpt lat="48.7951200942" lon="1.9862332171" /><trkpt lat="48.7951198859" lon="1.9862330072" /><trkpt lat="48.7951196773" lon="1.9862327957" /><trkpt lat="48.795119469" lon="1.9862325879" /><trkpt lat="48.7951192613" lon="1.9862323787" /><trkpt lat="48.7951190517" lon="1.9862321685" /><trkpt lat="48.7951188442" lon="1.9862319586" /><trkpt lat="48.7951186376" lon="1.9862317496" /><trkpt lat="48.7951184301" lon="1.98623154" /><trkpt lat="48.7951182212" lon="1.9862313301" /><trkpt lat="48.7951180141" lon="1.986231123" /><trkpt lat="48.7951178093" lon="1.9862309138" /><trkpt lat="48.7951176016" lon="1.9862307054" /><trkpt lat="48.7951173936" lon="1.9862304971" /><trkpt lat="48.7951171876" lon="1.9862302902" /><trkpt lat="48.7951169809" lon="1.9862300819" /><trkpt lat="48.7951167745" lon="1.9862298757" /><trkpt lat="48.7951165673" lon="1.9862296681" /><trkpt lat="48.7951163599" lon="1.986229462" /><trkpt lat="48.7951161538" lon="1.9862292546" /><trkpt lat="48.7951159479" lon="1.9862290491" /><trkpt lat="48.7951157408" lon="1.9862288413" /><trkpt lat="48.7951155346" lon="1.9862286356" /><trkpt lat="48.7951153293" lon="1.9862284311" /><trkpt lat="48.7951151231" lon="1.9862282244" /><trkpt lat="48.795114917" lon="1.986228018" /><trkpt lat="48.7951147123" lon="1.9862278133" /><trkpt lat="48.7951145077" lon="1.9862276067" /><trkpt lat="48.7951143024" lon="1.9862274008" /><trkpt lat="48.7951140977" lon="1.986227195" /><trkpt lat="48.7951138926" lon="1.9862269877" /><trkpt lat="48.7951136889" lon="1.9862267824" /><trkpt lat="48.7951134851" lon="1.9862265783" /><trkpt lat="48.7951132801" lon="1.9862263718" /><trkpt lat="48.7951130763" lon="1.9862261683" /><trkpt lat="48.7951128729" lon="1.9862259626" /><trkpt lat="48.7951126701" lon="1.98622576" /><trkpt lat="48.7951124652" lon="1.9862255548" /><trkpt lat="48.7951122621" lon="1.986225351" /><trkpt lat="48.7951120583" lon="1.9862251475" /><trkpt lat="48.7951118563" lon="1.9862249442" /><trkpt lat="48.7951116539" lon="1.9862247428" /><trkpt lat="48.7951114488" lon="1.9862245406" /><trkpt lat="48.7951112466" lon="1.9862243389" /><trkpt lat="48.7951110432" lon="1.9862241348" /><trkpt lat="48.7951108418" lon="1.9862239324" /><trkpt lat="48.7951106387" lon="1.9862237301" /><trkpt lat="48.7951104373" lon="1.9862235293" /><trkpt lat="48.7951102344" lon="1.9862233282" /><trkpt lat="48.7951100327" lon="1.986223125" /><trkpt lat="48.7951098328" lon="1.9862229236" /><trkpt lat="48.7951096311" lon="1.986222721" /><trkpt lat="48.79510943" lon="1.9862225207" /><trkpt lat="48.7951092282" lon="1.9862223205" /><trkpt lat="48.7951090277" lon="1.9862221192" /><trkpt lat="48.7951088271" lon="1.9862219177" /><trkpt lat="48.7951086269" lon="1.986221718" /><trkpt lat="48.795108426" lon="1.9862215188" /><trkpt lat="48.7951082249" lon="1.9862213182" /><trkpt lat="48.7951080238" lon="1.9862211189" /><trkpt lat="48.795107824" lon="1.9862209204" /><trkpt lat="48.7951076242" lon="1.9862207217" /><trkpt lat="48.7951074232" lon="1.9862205224" /><trkpt lat="48.7951072223" lon="1.9862203236" /><trkpt lat="48.7951070229" lon="1.9862201254" /><trkpt lat="48.7951068235" lon="1.9862199278" /><trkpt lat="48.7951066234" lon="1.9862197285" /><trkpt lat="48.7951064242" lon="1.9862195313" /><trkpt lat="48.7951062242" lon="1.9862193338" /><trkpt lat="48.7951060256" lon="1.9862191336" /><trkpt lat="48.7951058268" lon="1.9862189363" /><trkpt lat="48.7951056286" lon="1.9862187379" /><trkpt lat="48.7951054304" lon="1.986218541" /><trkpt lat="48.7951052319" lon="1.9862183439" /><trkpt lat="48.795105034" lon="1.986218146" /><trkpt lat="48.7951048365" lon="1.9862179501" /><trkpt lat="48.795104639" lon="1.9862177535" /><trkpt lat="48.7951044422" lon="1.9862175585" /><trkpt lat="48.7951042434" lon="1.9862173624" /><trkpt lat="48.7951040467" lon="1.9862171666" /><trkpt lat="48.7951038491" lon="1.9862169724" /><trkpt lat="48.795103652" lon="1.9862167786" /><trkpt lat="48.7951034546" lon="1.9862165842" /><trkpt lat="48.7951032583" lon="1.9862163887" /><trkpt lat="48.7951030619" lon="1.9862161935" /><trkpt lat="48.7951028657" lon="1.9862160003" /><trkpt lat="48.7951026685" lon="1.9862158061" /><trkpt lat="48.7951024732" lon="1.9862156114" /><trkpt lat="48.7951022775" lon="1.9862154174" /><trkpt lat="48.7951020813" lon="1.9862152229" /><trkpt lat="48.7951018863" lon="1.9862150299" /><trkpt lat="48.7951016912" lon="1.9862148361" /><trkpt lat="48.7951014965" lon="1.9862146428" /><trkpt lat="48.7951013001" lon="1.9862144482" /><trkpt lat="48.7951011051" lon="1.9862142565" /><trkpt lat="48.7951009106" lon="1.9862140629" /><trkpt lat="48.7951007169" lon="1.9862138705" /><trkpt lat="48.7951005222" lon="1.9862136778" /><trkpt lat="48.7951003277" lon="1.9862134865" /><trkpt lat="48.7951001319" lon="1.9862132956" /><trkpt lat="48.7950999373" lon="1.9862131068" /><trkpt lat="48.7950997423" lon="1.9862129178" /><trkpt lat="48.7950995483" lon="1.9862127272" /><trkpt lat="48.7950993536" lon="1.9862125396" /><trkpt lat="48.7950991596" lon="1.9862123485" /><trkpt lat="48.7950989657" lon="1.9862121601" /><trkpt lat="48.7950987723" lon="1.9862119718" /><trkpt lat="48.7950985792" lon="1.9862117834" /><trkpt lat="48.7950983863" lon="1.9862115952" /><trkpt lat="48.7950981946" lon="1.9862114058" /><trkpt lat="48.7950980015" lon="1.9862112188" /><trkpt lat="48.7950978093" lon="1.9862110307" /><trkpt lat="48.7950976187" lon="1.9862108439" /><trkpt lat="48.7950974267" lon="1.9862106564" /><trkpt lat="48.7950972348" lon="1.9862104699" /><trkpt lat="48.7950970433" lon="1.9862102833" /><trkpt lat="48.7950968522" lon="1.9862100972" /><trkpt lat="48.7950966627" lon="1.9862099117" /><trkpt lat="48.7950964716" lon="1.986209727" /><trkpt lat="48.7950962808" lon="1.9862095419" /><trkpt lat="48.7950960921" lon="1.9862093583" /><trkpt lat="48.7950959031" lon="1.9862091732" /><trkpt lat="48.7950957143" lon="1.9862089902" /><trkpt lat="48.7950955255" lon="1.9862088048" /><trkpt lat="48.7950953374" lon="1.98620862" /><trkpt lat="48.7950951498" lon="1.9862084353" /><trkpt lat="48.795094963" lon="1.9862082516" /><trkpt lat="48.7950947748" lon="1.9862080679" /><trkpt lat="48.7950945877" lon="1.9862078831" /><trkpt lat="48.7950944022" lon="1.9862076997" /><trkpt lat="48.7950942153" lon="1.9862075154" /><trkpt lat="48.7950940291" lon="1.9862073331" /><trkpt lat="48.7950938439" lon="1.9862071513" /><trkpt lat="48.7950936589" lon="1.9862069699" /><trkpt lat="48.7950934742" lon="1.9862067882" /><trkpt lat="48.7950932881" lon="1.9862066061" /><trkpt lat="48.795093104" lon="1.9862064265" /><trkpt lat="48.7950929201" lon="1.9862062456" /><trkpt lat="48.7950927359" lon="1.9862060675" /><trkpt lat="48.7950925531" lon="1.9862058904" /><trkpt lat="48.7950923693" lon="1.98620571" /><trkpt lat="48.7950921879" lon="1.9862055321" /><trkpt lat="48.7950920056" lon="1.986205355" /><trkpt lat="48.7950918247" lon="1.9862051789" /><trkpt lat="48.7950916437" lon="1.986205004" /><trkpt lat="48.7950914632" lon="1.9862048271" /><trkpt lat="48.7950912851" lon="1.9862046514" /><trkpt lat="48.7950911064" lon="1.9862044763" /><trkpt lat="48.7950909281" lon="1.9862043029" /><trkpt lat="48.7950907502" lon="1.9862041297" /><trkpt lat="48.7950905747" lon="1.9862039572" /><trkpt lat="48.7950903988" lon="1.986203784" /><trkpt lat="48.795090224" lon="1.9862036112" /><trkpt lat="48.7950900488" lon="1.9862034431" /><trkpt lat="48.7950898762" lon="1.9862032728" /><trkpt lat="48.7950897023" lon="1.9862031059" /><trkpt lat="48.7950895297" lon="1.9862029377" /><trkpt lat="48.7950893584" lon="1.9862027694" /><trkpt lat="48.7950891883" lon="1.986202603" /><trkpt lat="48.7950890179" lon="1.9862024379" /><trkpt lat="48.7950888492" lon="1.9862022746" /><trkpt lat="48.795088681" lon="1.986202111" /><trkpt lat="48.7950885147" lon="1.9862019483" /><trkpt lat="48.7950883502" lon="1.9862017861" /><trkpt lat="48.795088185" lon="1.9862016249" /><trkpt lat="48.7950880219" lon="1.9862014648" /><trkpt lat="48.7950878597" lon="1.9862013062" /><trkpt lat="48.7950876983" lon="1.9862011499" /><trkpt lat="48.7950875396" lon="1.9862009926" /><trkpt lat="48.7950873806" lon="1.9862008376" /><trkpt lat="48.7950872235" lon="1.9862006838" /><trkpt lat="48.7950870677" lon="1.9862005316" /><trkpt lat="48.7950869132" lon="1.9862003799" /><trkpt lat="48.7950867602" lon="1.98620023" /><trkpt lat="48.7950866087" lon="1.9862000815" /><trkpt lat="48.7950864584" lon="1.9861999354" /><trkpt lat="48.7950863093" lon="1.9861997895" /><trkpt lat="48.7950861623" lon="1.9861996455" /><trkpt lat="48.7950860166" lon="1.9861995025" /><trkpt lat="48.7950858721" lon="1.9861993606" /><trkpt lat="48.7950857293" lon="1.9861992209" /><trkpt lat="48.795085588" lon="1.9861990815" /><trkpt lat="48.7950854484" lon="1.9861989443" /><trkpt lat="48.7950853104" lon="1.9861988082" /><trkpt lat="48.7950851738" lon="1.986198674" /><trkpt lat="48.795085039" lon="1.986198541" /><trkpt lat="48.7950849056" lon="1.9861984096" /><trkpt lat="48.7950847751" lon="1.9861982805" /><trkpt lat="48.7950846442" lon="1.9861981539" /><trkpt lat="48.7950845156" lon="1.986198028" /><trkpt lat="48.7950843892" lon="1.9861979037" /><trkpt lat="48.7950842649" lon="1.9861977819" /><trkpt lat="48.7950841407" lon="1.9861976612" /><trkpt lat="48.7950840183" lon="1.9861975429" /><trkpt lat="48.7950838983" lon="1.9861974265" /><trkpt lat="48.7950837793" lon="1.9861973111" /><trkpt lat="48.7950836622" lon="1.9861971978" /><trkpt lat="48.7950835474" lon="1.9861970861" /><trkpt lat="48.795083433" lon="1.9861969741" /><trkpt lat="48.7950833223" lon="1.9861968647" /><trkpt lat="48.7950832134" lon="1.9861967586" /><trkpt lat="48.7950831063" lon="1.9861966532" /><trkpt lat="48.7950830005" lon="1.9861965483" /><trkpt lat="48.7950828973" lon="1.9861964462" /><trkpt lat="48.7950827949" lon="1.9861963446" /><trkpt lat="48.795082694" lon="1.9861962442" /><trkpt lat="48.795082595" lon="1.9861961454" /><trkpt lat="48.7950824982" lon="1.9861960479" /><trkpt lat="48.7950824023" lon="1.9861959521" /><trkpt lat="48.7950823078" lon="1.9861958584" /><trkpt lat="48.7950822156" lon="1.9861957651" /><trkpt lat="48.7950821248" lon="1.9861956741" /><trkpt lat="48.7950820355" lon="1.9861955848" /><trkpt lat="48.7950819476" lon="1.9861954975" /><trkpt lat="48.7950818612" lon="1.9861954122" /><trkpt lat="48.7950817767" lon="1.9861953278" /><trkpt lat="48.7950816939" lon="1.9861952449" /><trkpt lat="48.7950816125" lon="1.9861951648" /><trkpt lat="48.7950815323" lon="1.9861950865" /><trkpt lat="48.7950814541" lon="1.9861950097" /><trkpt lat="48.7950813774" lon="1.9861949344" /><trkpt lat="48.7950813038" lon="1.9861948602" /><trkpt lat="48.7950812301" lon="1.9861947873" /><trkpt lat="48.7950811585" lon="1.9861947173" /><trkpt lat="48.7950810887" lon="1.9861946489" /><trkpt lat="48.7950810202" lon="1.9861945808" /><trkpt lat="48.7950809533" lon="1.986194515" /><trkpt lat="48.7950808886" lon="1.9861944502" /><trkpt lat="48.7950808248" lon="1.9861943877" /><trkpt lat="48.7950807625" lon="1.9861943272" /><trkpt lat="48.7950807018" lon="1.9861942677" /><trkpt lat="48.7950806434" lon="1.9861942098" /><trkpt lat="48.7950805864" lon="1.9861941544" /><trkpt lat="48.7950805307" lon="1.9861941" /><trkpt lat="48.7950804767" lon="1.9861940472" /><trkpt lat="48.7950804249" lon="1.9861939954" /><trkpt lat="48.7950803744" lon="1.9861939455" /><trkpt lat="48.7950803255" lon="1.9861938971" /><trkpt lat="48.7950802788" lon="1.9861938503" /><trkpt lat="48.7950802336" lon="1.9861938044" /><trkpt lat="48.7950801898" lon="1.9861937603" /><trkpt lat="48.795080148" lon="1.9861937178" /><trkpt lat="48.7950801074" lon="1.9861936771" /><trkpt lat="48.7950800686" lon="1.9861936374" /><trkpt lat="48.7950800313" lon="1.9861935994" /><trkpt lat="48.7950799953" lon="1.9861935632" /><trkpt lat="48.7950799608" lon="1.9861935283" /><trkpt lat="48.7950799276" lon="1.9861934953" /><trkpt lat="48.7950798966" lon="1.9861934645" /><trkpt lat="48.7950798664" lon="1.9861934352" /><trkpt lat="48.7950798381" lon="1.9861934074" /><trkpt lat="48.7950798113" lon="1.9861933813" /><trkpt lat="48.795079786" lon="1.986193357" /><trkpt lat="48.7950797621" lon="1.9861933341" /><trkpt lat="48.7950797396" lon="1.9861933123" /><trkpt lat="48.7950797192" lon="1.9861932919" /><trkpt lat="48.7950797001" lon="1.9861932729" /><trkpt lat="48.7950796826" lon="1.9861932551" /><trkpt lat="48.7950796664" lon="1.9861932388" /><trkpt lat="48.7950796519" lon="1.9861932241" /><trkpt lat="48.7950796389" lon="1.9861932106" /><trkpt lat="48.7950796271" lon="1.9861931983" /><trkpt lat="48.7950796168" lon="1.9861931876" /><trkpt lat="48.795079608" lon="1.986193178" /><trkpt lat="48.7950796004" lon="1.9861931698" /><trkpt lat="48.795079594" lon="1.9861931631" /><trkpt lat="48.7950795891" lon="1.9861931577" /><trkpt lat="48.7950795856" lon="1.9861931536" /><trkpt lat="48.7950795834" lon="1.9861931513" /><trkpt lat="48.7950795825" lon="1.9861931501" /><trkpt lat="48.7950795829" lon="1.98619315" /><trkpt lat="48.7950795847" lon="1.9861931515" /><trkpt lat="48.7950795875" lon="1.9861931543" /><trkpt lat="48.7950795919" lon="1.9861931582" /><trkpt lat="48.7950795975" lon="1.9861931633" /><trkpt lat="48.7950796038" lon="1.9861931689" /><trkpt lat="48.7950796108" lon="1.9861931758" /><trkpt lat="48.7950796183" lon="1.9861931832" /><trkpt lat="48.7950796263" lon="1.9861931907" /><trkpt lat="48.7950796343" lon="1.9861931985" /><trkpt lat="48.7950796424" lon="1.9861932062" /><trkpt lat="48.7950796501" lon="1.9861932141" /><trkpt lat="48.7950796579" lon="1.9861932217" /><trkpt lat="48.7950796654" lon="1.9861932289" /><trkpt lat="48.7950796723" lon="1.9861932355" /><trkpt lat="48.7950796784" lon="1.9861932416" /><trkpt lat="48.795079684" lon="1.9861932472" /><trkpt lat="48.7950796889" lon="1.9861932519" /><trkpt lat="48.7950796926" lon="1.9861932553" /><trkpt lat="48.7950796957" lon="1.9861932582" /><trkpt lat="48.795079698" lon="1.9861932603" /><trkpt lat="48.7950796999" lon="1.9861932616" /><trkpt lat="48.795079701" lon="1.9861932617" /><trkpt lat="48.7950797016" lon="1.9861932618" /><trkpt lat="48.7950797014" lon="1.9861932611" /><trkpt lat="48.7950797005" lon="1.9861932599" /><trkpt lat="48.7950796996" lon="1.986193258" /><trkpt lat="48.7950796982" lon="1.9861932562" /><trkpt lat="48.7950796961" lon="1.9861932542" /><trkpt lat="48.7950796948" lon="1.9861932522" /><trkpt lat="48.7950796933" lon="1.9861932497" /><trkpt lat="48.7950796918" lon="1.9861932476" /><trkpt lat="48.7950796904" lon="1.9861932461" /><trkpt lat="48.7950796894" lon="1.9861932444" /><trkpt lat="48.7950796889" lon="1.9861932432" /><trkpt lat="48.7950796885" lon="1.9861932422" /><trkpt lat="48.7950796887" lon="1.9861932416" /><trkpt lat="48.7950796889" lon="1.9861932415" /><trkpt lat="48.7950796904" lon="1.9861932415" /><trkpt lat="48.7950796915" lon="1.986193242" /><trkpt lat="48.7950796939" lon="1.986193243" /><trkpt lat="48.7950796964" lon="1.9861932441" /><trkpt lat="48.7950796991" lon="1.9861932453" /><trkpt lat="48.7950797021" lon="1.9861932467" /><trkpt lat="48.7950797054" lon="1.9861932483" /><trkpt lat="48.7950797088" lon="1.9861932501" /><trkpt lat="48.7950797123" lon="1.986193252" /><trkpt lat="48.7950797157" lon="1.9861932537" /><trkpt lat="48.795079719" lon="1.9861932553" /><trkpt lat="48.7950797224" lon="1.986193257" /><trkpt lat="48.7950797253" lon="1.9861932587" /><trkpt lat="48.7950797284" lon="1.9861932598" /><trkpt lat="48.7950797312" lon="1.9861932609" /><trkpt lat="48.7950797337" lon="1.9861932618" /><trkpt lat="48.795079736" lon="1.9861932623" /><trkpt lat="48.7950797379" lon="1.9861932624" /><trkpt lat="48.7950797396" lon="1.9861932628" /><trkpt lat="48.795079741" lon="1.986193263" /><trkpt lat="48.7950797424" lon="1.9861932629" /><trkpt lat="48.7950797434" lon="1.9861932629" /><trkpt lat="48.7950797441" lon="1.986193263" /><trkpt lat="48.7950797448" lon="1.9861932628" /><trkpt lat="48.795079746" lon="1.9861932623" /><trkpt lat="48.7950797468" lon="1.9861932625" /><trkpt lat="48.7950797477" lon="1.9861932626" /><trkpt lat="48.7950797487" lon="1.9861932629" /><trkpt lat="48.7950797495" lon="1.9861932632" /><trkpt lat="48.7950797509" lon="1.9861932637" /><trkpt lat="48.7950797519" lon="1.9861932644" /><trkpt lat="48.7950797533" lon="1.9861932648" /><trkpt lat="48.7950797552" lon="1.9861932653" /><trkpt lat="48.7950797569" lon="1.9861932662" /><trkpt lat="48.795079759" lon="1.9861932667" /><trkpt lat="48.7950797611" lon="1.9861932673" /><trkpt lat="48.7950797633" lon="1.9861932679" /><trkpt lat="48.7950797654" lon="1.9861932687" /><trkpt lat="48.7950797681" lon="1.986193269" /><trkpt lat="48.7950797703" lon="1.9861932695" /><trkpt lat="48.7950797727" lon="1.9861932699" /><trkpt lat="48.7950797751" lon="1.9861932704" /><trkpt lat="48.7950797774" lon="1.9861932708" /><trkpt lat="48.7950797797" lon="1.9861932711" /><trkpt lat="48.7950797819" lon="1.9861932714" /><trkpt lat="48.795079784" lon="1.9861932719" /><trkpt lat="48.7950797861" lon="1.9861932726" /><trkpt lat="48.7950797881" lon="1.986193273" /><trkpt lat="48.7950797898" lon="1.9861932738" /><trkpt lat="48.7950797923" lon="1.9861932741" /><trkpt lat="48.7950797941" lon="1.9861932749" /><trkpt lat="48.7950797959" lon="1.9861932754" /><trkpt lat="48.7950797978" lon="1.9861932762" /><trkpt lat="48.7950797997" lon="1.9861932768" /><trkpt lat="48.7950798014" lon="1.9861932778" /><trkpt lat="48.7950798036" lon="1.9861932786" /><trkpt lat="48.7950798055" lon="1.9861932795" /><trkpt lat="48.7950798071" lon="1.9861932804" /><trkpt lat="48.7950798096" lon="1.9861932808" /><trkpt lat="48.7950798115" lon="1.9861932818" /><trkpt lat="48.7950798135" lon="1.9861932821" /><trkpt lat="48.7950798155" lon="1.9861932829" /><trkpt lat="48.7950798176" lon="1.9861932832" /><trkpt lat="48.7950798195" lon="1.9861932835" /><trkpt lat="48.7950798215" lon="1.9861932839" /><trkpt lat="48.7950798235" lon="1.986193284" /><trkpt lat="48.7950798255" lon="1.9861932842" /><trkpt lat="48.7950798275" lon="1.9861932842" /><trkpt lat="48.7950798295" lon="1.9861932843" /><trkpt lat="48.7950798314" lon="1.9861932843" /><trkpt lat="48.7950798334" lon="1.9861932845" /><trkpt lat="48.7950798353" lon="1.9861932845" /><trkpt lat="48.7950798373" lon="1.9861932847" /><trkpt lat="48.7950798394" lon="1.986193285" /><trkpt lat="48.795079841" lon="1.9861932857" /><trkpt lat="48.7950798434" lon="1.9861932861" /><trkpt lat="48.7950798452" lon="1.9861932869" /><trkpt lat="48.7950798477" lon="1.9861932875" /><trkpt lat="48.7950798498" lon="1.9861932882" /><trkpt lat="48.795079852" lon="1.986193289" /><trkpt lat="48.7950798543" lon="1.9861932899" /><trkpt lat="48.7950798564" lon="1.986193291" /><trkpt lat="48.795079859" lon="1.986193292" /><trkpt lat="48.7950798611" lon="1.9861932927" /><trkpt lat="48.7950798637" lon="1.9861932934" /><trkpt lat="48.7950798658" lon="1.9861932944" /><trkpt lat="48.7950798685" lon="1.9861932948" /><trkpt lat="48.7950798709" lon="1.9861932956" /><trkpt lat="48.7950798732" lon="1.9861932962" /><trkpt lat="48.7950798752" lon="1.9861932968" /><trkpt lat="48.7950798777" lon="1.9861932969" /><trkpt lat="48.7950798782" lon="1.9861932955" /><trkpt lat="48.7950798786" lon="1.9861932938" /><trkpt lat="48.7950798791" lon="1.9861932926" /><trkpt lat="48.7950798794" lon="1.986193291" /><trkpt lat="48.7950798798" lon="1.9861932894" /><trkpt lat="48.79507988" lon="1.986193288" /><trkpt lat="48.7950798804" lon="1.9861932868" /><trkpt lat="48.7950798808" lon="1.9861932853" /><trkpt lat="48.7950798811" lon="1.986193284" /><trkpt lat="48.7950798819" lon="1.9861932836" /><trkpt lat="48.7950798821" lon="1.9861932822" /><trkpt lat="48.7950798821" lon="1.9861932806" /><trkpt lat="48.7950798825" lon="1.9861932794" /><trkpt lat="48.7950798828" lon="1.9861932784" /><trkpt lat="48.7950798833" lon="1.9861932773" /><trkpt lat="48.7950798836" lon="1.9861932764" /><trkpt lat="48.7950798841" lon="1.9861932753" /><trkpt lat="48.795079885" lon="1.9861932749" /><trkpt lat="48.7950798856" lon="1.9861932738" /><trkpt lat="48.7950798855" lon="1.986193272" /><trkpt lat="48.7950798866" lon="1.9861932713" /><trkpt lat="48.7950798867" lon="1.9861932695" /><trkpt lat="48.7950798875" lon="1.9861932682" /><trkpt lat="48.7950798885" lon="1.9861932675" /><trkpt lat="48.7950798887" lon="1.9861932656" /><trkpt lat="48.7950798893" lon="1.986193264" /><trkpt lat="48.7950798904" lon="1.9861932636" /><trkpt lat="48.7950798909" lon="1.9861932617" /><trkpt lat="48.7950798915" lon="1.9861932602" /><trkpt lat="48.7950798923" lon="1.986193259" /><trkpt lat="48.795079893" lon="1.9861932575" /><trkpt lat="48.7950798936" lon="1.9861932565" /><trkpt lat="48.7950798948" lon="1.9861932559" /><trkpt lat="48.7950798951" lon="1.9861932541" /><trkpt lat="48.7950798958" lon="1.9861932528" /><trkpt lat="48.7950798964" lon="1.9861932519" /><trkpt lat="48.795079897" lon="1.9861932505" /><trkpt lat="48.7950798976" lon="1.9861932495" /><trkpt lat="48.7950798981" lon="1.9861932485" /><trkpt lat="48.7950798987" lon="1.9861932476" /><trkpt lat="48.7950798993" lon="1.9861932462" /><trkpt lat="48.7950798998" lon="1.9861932453" /><trkpt lat="48.7950799003" lon="1.9861932441" /><trkpt lat="48.7950799008" lon="1.9861932429" /><trkpt lat="48.7950799014" lon="1.9861932418" /><trkpt lat="48.795079902" lon="1.9861932404" /><trkpt lat="48.795079903" lon="1.9861932398" /><trkpt lat="48.7950799035" lon="1.9861932382" /><trkpt lat="48.7950799043" lon="1.986193237" /><trkpt lat="48.7950799045" lon="1.9861932349" /><trkpt lat="48.7950799052" lon="1.9861932335" /><trkpt lat="48.7950799064" lon="1.9861932329" /><trkpt lat="48.7950799069" lon="1.9861932314" /><trkpt lat="48.7950799076" lon="1.9861932303" /><trkpt lat="48.7950799079" lon="1.9861932281" /><trkpt lat="48.7950799086" lon="1.9861932267" /><trkpt lat="48.7950799095" lon="1.9861932256" /><trkpt lat="48.7950799102" lon="1.9861932246" /><trkpt lat="48.795079911" lon="1.9861932234" /><trkpt lat="48.7950799118" lon="1.9861932224" /><trkpt lat="48.7950799124" lon="1.9861932212" /><trkpt lat="48.7950799132" lon="1.9861932201" /><trkpt lat="48.7950799141" lon="1.9861932191" /><trkpt lat="48.7950799149" lon="1.9861932181" /><trkpt lat="48.7950799156" lon="1.9861932172" /><trkpt lat="48.7950799166" lon="1.9861932163" /><trkpt lat="48.7950799179" lon="1.9861932158" /></trkseg></trk></gpx>